solid OpenSCAD_Model
  facet normal 1 0 0
    outer loop
      vertex 202 24 8
      vertex 202 17.15 5.1
      vertex 202 24 5.2
    endloop
  endfacet
  facet normal 1 0 0
    outer loop
      vertex 202 24 8
      vertex 202 8.85 5.1
      vertex 202 17.15 5.1
    endloop
  endfacet
  facet normal 1 -0 0
    outer loop
      vertex 202 2 5.2
      vertex 202 8.85 5.1
      vertex 202 2 8
    endloop
  endfacet
  facet normal 1 -0 0
    outer loop
      vertex 202 2 8
      vertex 202 8.85 5.1
      vertex 202 24 8
    endloop
  endfacet
  facet normal 1 0 0
    outer loop
      vertex 202 83 7.2
      vertex 202 71 7.2
      vertex 202 83 5.2
    endloop
  endfacet
  facet normal 1 0 0
    outer loop
      vertex 202 152 8
      vertex 202 145.15 5.1
      vertex 202 152 5.2
    endloop
  endfacet
  facet normal 1 0 0
    outer loop
      vertex 202 152 8
      vertex 202 136.85 5.1
      vertex 202 145.15 5.1
    endloop
  endfacet
  facet normal 1 -0 0
    outer loop
      vertex 202 130 5.2
      vertex 202 136.85 5.1
      vertex 202 130 8
    endloop
  endfacet
  facet normal 1 -0 0
    outer loop
      vertex 202 130 8
      vertex 202 136.85 5.1
      vertex 202 152 8
    endloop
  endfacet
  facet normal 1 -0 0
    outer loop
      vertex 202 152 5.2
      vertex 202 154 0
      vertex 202 154 5.2
    endloop
  endfacet
  facet normal 1 0 0
    outer loop
      vertex 202 145.15 1.9
      vertex 202 152 5.2
      vertex 202 145.15 5.1
    endloop
  endfacet
  facet normal 1 0 0
    outer loop
      vertex 202 152 5.2
      vertex 202 145.15 1.9
      vertex 202 154 0
    endloop
  endfacet
  facet normal 1 -0 0
    outer loop
      vertex 202 136.85 1.9
      vertex 202 154 0
      vertex 202 145.15 1.9
    endloop
  endfacet
  facet normal 1 0 0
    outer loop
      vertex 202 136.85 5.1
      vertex 202 130 5.2
      vertex 202 136.85 1.9
    endloop
  endfacet
  facet normal 1 -0 0
    outer loop
      vertex 202 83 5.2
      vertex 202 136.85 1.9
      vertex 202 130 5.2
    endloop
  endfacet
  facet normal 1 -0 0
    outer loop
      vertex 202 71 5.2
      vertex 202 136.85 1.9
      vertex 202 83 5.2
    endloop
  endfacet
  facet normal 1 0 0
    outer loop
      vertex 202 71 5.2
      vertex 202 83 5.2
      vertex 202 71 7.2
    endloop
  endfacet
  facet normal 1 0 0
    outer loop
      vertex 202 17.15 1.9
      vertex 202 136.85 1.9
      vertex 202 71 5.2
    endloop
  endfacet
  facet normal 1 0 0
    outer loop
      vertex 202 17.15 1.9
      vertex 202 71 5.2
      vertex 202 24 5.2
    endloop
  endfacet
  facet normal 1 0 0
    outer loop
      vertex 202 17.15 1.9
      vertex 202 24 5.2
      vertex 202 17.15 5.1
    endloop
  endfacet
  facet normal 1 0 0
    outer loop
      vertex 202 136.85 1.9
      vertex 202 17.15 1.9
      vertex 202 154 0
    endloop
  endfacet
  facet normal 1 0 0
    outer loop
      vertex 202 0 0
      vertex 202 17.15 1.9
      vertex 202 8.85 1.9
    endloop
  endfacet
  facet normal 1 0 0
    outer loop
      vertex 202 8.85 5.1
      vertex 202 2 5.2
      vertex 202 8.85 1.9
    endloop
  endfacet
  facet normal 1 0 0
    outer loop
      vertex 202 0 0
      vertex 202 2 5.2
      vertex 202 0 5.2
    endloop
  endfacet
  facet normal 1 0 0
    outer loop
      vertex 202 17.15 1.9
      vertex 202 0 0
      vertex 202 154 0
    endloop
  endfacet
  facet normal 1 0 0
    outer loop
      vertex 202 2 5.2
      vertex 202 0 0
      vertex 202 8.85 1.9
    endloop
  endfacet
  facet normal 0 0 1
    outer loop
      vertex 202 154 5.2
      vertex 190 152 5.2
      vertex 202 152 5.2
    endloop
  endfacet
  facet normal 0 0 1
    outer loop
      vertex 190 152 5.2
      vertex 12 152 5.2
      vertex 190 146 5.2
    endloop
  endfacet
  facet normal 0 0 1
    outer loop
      vertex 202 154 5.2
      vertex 12 152 5.2
      vertex 190 152 5.2
    endloop
  endfacet
  facet normal -0 0 1
    outer loop
      vertex 0 154 5.2
      vertex 12 152 5.2
      vertex 202 154 5.2
    endloop
  endfacet
  facet normal 0 0 1
    outer loop
      vertex 12 152 5.2
      vertex 0 154 5.2
      vertex 0 152 5.2
    endloop
  endfacet
  facet normal 0 0 1
    outer loop
      vertex 190 146 5.2
      vertex 12 152 5.2
      vertex 12 146 5.2
    endloop
  endfacet
  facet normal 0 0 1
    outer loop
      vertex 190 8 5.2
      vertex 12 8 5.2
      vertex 190 2 5.2
    endloop
  endfacet
  facet normal -0 0 1
    outer loop
      vertex 190 2 5.2
      vertex 202 0 5.2
      vertex 202 2 5.2
    endloop
  endfacet
  facet normal 0 0 1
    outer loop
      vertex 12 2 5.2
      vertex 190 2 5.2
      vertex 12 8 5.2
    endloop
  endfacet
  facet normal 0 0 1
    outer loop
      vertex 190 2 5.2
      vertex 12 2 5.2
      vertex 202 0 5.2
    endloop
  endfacet
  facet normal 0 0 1
    outer loop
      vertex 0 0 5.2
      vertex 12 2 5.2
      vertex 0 2 5.2
    endloop
  endfacet
  facet normal 0 0 1
    outer loop
      vertex 12 2 5.2
      vertex 0 0 5.2
      vertex 202 0 5.2
    endloop
  endfacet
  facet normal -0 0 1
    outer loop
      vertex 0 130 5.2
      vertex 8 83 5.2
      vertex 8 130 5.2
    endloop
  endfacet
  facet normal 0 0 1
    outer loop
      vertex 8 83 5.2
      vertex 0 130 5.2
      vertex 0 83 5.2
    endloop
  endfacet
  facet normal -0 0 1
    outer loop
      vertex 0 71 5.2
      vertex 8 24 5.2
      vertex 8 71 5.2
    endloop
  endfacet
  facet normal 0 0 1
    outer loop
      vertex 8 24 5.2
      vertex 0 71 5.2
      vertex 0 24 5.2
    endloop
  endfacet
  facet normal -0 0 1
    outer loop
      vertex 194 130 5.2
      vertex 202 83 5.2
      vertex 202 130 5.2
    endloop
  endfacet
  facet normal 0 0 1
    outer loop
      vertex 202 83 5.2
      vertex 194 130 5.2
      vertex 194 83 5.2
    endloop
  endfacet
  facet normal -0 0 1
    outer loop
      vertex 194 71 5.2
      vertex 202 24 5.2
      vertex 202 71 5.2
    endloop
  endfacet
  facet normal 0 0 1
    outer loop
      vertex 202 24 5.2
      vertex 194 71 5.2
      vertex 194 24 5.2
    endloop
  endfacet
  facet normal -1 0 0
    outer loop
      vertex 0 154 0
      vertex 0 152 5.2
      vertex 0 154 5.2
    endloop
  endfacet
  facet normal -1 0 0
    outer loop
      vertex 0 145.15 5.1
      vertex 0 152 5.2
      vertex 0 145.15 1.9
    endloop
  endfacet
  facet normal -1 0 0
    outer loop
      vertex 0 154 0
      vertex 0 145.15 1.9
      vertex 0 152 5.2
    endloop
  endfacet
  facet normal -1 0 0
    outer loop
      vertex 0 154 0
      vertex 0 136.85 1.9
      vertex 0 145.15 1.9
    endloop
  endfacet
  facet normal -1 0 0
    outer loop
      vertex 0 136.85 1.9
      vertex 0 130 5.2
      vertex 0 136.85 5.1
    endloop
  endfacet
  facet normal -1 0 0
    outer loop
      vertex 0 136.85 1.9
      vertex 0 83 5.2
      vertex 0 130 5.2
    endloop
  endfacet
  facet normal -1 0 0
    outer loop
      vertex 0 17.15 1.9
      vertex 0 136.85 1.9
      vertex 0 154 0
    endloop
  endfacet
  facet normal -1 0 0
    outer loop
      vertex 0 83 5.2
      vertex 0 71 5.2
      vertex 0 83 7.2
    endloop
  endfacet
  facet normal -1 0 0
    outer loop
      vertex 0 136.85 1.9
      vertex 0 71 5.2
      vertex 0 83 5.2
    endloop
  endfacet
  facet normal -1 0 0
    outer loop
      vertex 0 136.85 1.9
      vertex 0 17.15 1.9
      vertex 0 71 5.2
    endloop
  endfacet
  facet normal -1 0 0
    outer loop
      vertex 0 17.15 5.1
      vertex 0 24 5.2
      vertex 0 17.15 1.9
    endloop
  endfacet
  facet normal -1 -0 0
    outer loop
      vertex 0 71 5.2
      vertex 0 17.15 1.9
      vertex 0 24 5.2
    endloop
  endfacet
  facet normal -1 0 0
    outer loop
      vertex 0 0 0
      vertex 0 17.15 1.9
      vertex 0 154 0
    endloop
  endfacet
  facet normal -1 0 0
    outer loop
      vertex 0 8.85 1.9
      vertex 0 2 5.2
      vertex 0 8.85 5.1
    endloop
  endfacet
  facet normal -1 -0 0
    outer loop
      vertex 0 17.15 1.9
      vertex 0 0 0
      vertex 0 8.85 1.9
    endloop
  endfacet
  facet normal -1 0 0
    outer loop
      vertex 0 0 0
      vertex 0 2 5.2
      vertex 0 8.85 1.9
    endloop
  endfacet
  facet normal -1 -0 0
    outer loop
      vertex 0 2 5.2
      vertex 0 0 0
      vertex 0 0 5.2
    endloop
  endfacet
  facet normal -1 -0 0
    outer loop
      vertex 0 152 5.2
      vertex 0 145.15 5.1
      vertex 0 152 8
    endloop
  endfacet
  facet normal -1 0 0
    outer loop
      vertex 0 136.85 5.1
      vertex 0 152 8
      vertex 0 145.15 5.1
    endloop
  endfacet
  facet normal -1 0 0
    outer loop
      vertex 0 130 8
      vertex 0 136.85 5.1
      vertex 0 130 5.2
    endloop
  endfacet
  facet normal -1 0 0
    outer loop
      vertex 0 136.85 5.1
      vertex 0 130 8
      vertex 0 152 8
    endloop
  endfacet
  facet normal -1 -0 0
    outer loop
      vertex 0 83 7.2
      vertex 0 71 5.2
      vertex 0 71 7.2
    endloop
  endfacet
  facet normal -1 -0 0
    outer loop
      vertex 0 24 5.2
      vertex 0 17.15 5.1
      vertex 0 24 8
    endloop
  endfacet
  facet normal -1 0 0
    outer loop
      vertex 0 8.85 5.1
      vertex 0 24 8
      vertex 0 17.15 5.1
    endloop
  endfacet
  facet normal -1 0 0
    outer loop
      vertex 0 2 8
      vertex 0 8.85 5.1
      vertex 0 2 5.2
    endloop
  endfacet
  facet normal -1 0 0
    outer loop
      vertex 0 8.85 5.1
      vertex 0 2 8
      vertex 0 24 8
    endloop
  endfacet
  facet normal 0 1 -0
    outer loop
      vertex 202 154 0
      vertex 0 154 5.2
      vertex 202 154 5.2
    endloop
  endfacet
  facet normal 0 1 0
    outer loop
      vertex 0 154 5.2
      vertex 202 154 0
      vertex 0 154 0
    endloop
  endfacet
  facet normal 0 -1 0
    outer loop
      vertex 0 0 0
      vertex 202 0 5.2
      vertex 0 0 5.2
    endloop
  endfacet
  facet normal 0 -1 -0
    outer loop
      vertex 202 0 5.2
      vertex 0 0 0
      vertex 202 0 0
    endloop
  endfacet
  facet normal -1 0 0
    outer loop
      vertex 194 83 1.2
      vertex 194 130 5.2
      vertex 194 130 1.2
    endloop
  endfacet
  facet normal -1 -0 0
    outer loop
      vertex 194 130 5.2
      vertex 194 83 1.2
      vertex 194 83 5.2
    endloop
  endfacet
  facet normal -1 0 0
    outer loop
      vertex 194 24 1.2
      vertex 194 71 5.2
      vertex 194 71 1.2
    endloop
  endfacet
  facet normal -1 -0 0
    outer loop
      vertex 194 71 5.2
      vertex 194 24 1.2
      vertex 194 24 5.2
    endloop
  endfacet
  facet normal 1 -0 0
    outer loop
      vertex 8 83 5.2
      vertex 8 130 1.2
      vertex 8 130 5.2
    endloop
  endfacet
  facet normal 1 0 0
    outer loop
      vertex 8 130 1.2
      vertex 8 83 5.2
      vertex 8 83 1.2
    endloop
  endfacet
  facet normal 1 -0 0
    outer loop
      vertex 8 24 5.2
      vertex 8 71 1.2
      vertex 8 71 5.2
    endloop
  endfacet
  facet normal 1 0 0
    outer loop
      vertex 8 71 1.2
      vertex 8 24 5.2
      vertex 8 24 1.2
    endloop
  endfacet
  facet normal 0 -1 0
    outer loop
      vertex 12 146 1.2
      vertex 190 146 5.2
      vertex 12 146 5.2
    endloop
  endfacet
  facet normal 0 -1 -0
    outer loop
      vertex 190 146 5.2
      vertex 12 146 1.2
      vertex 190 146 1.2
    endloop
  endfacet
  facet normal 0 1 -0
    outer loop
      vertex 190 8 1.2
      vertex 12 8 5.2
      vertex 190 8 5.2
    endloop
  endfacet
  facet normal 0 1 0
    outer loop
      vertex 12 8 5.2
      vertex 190 8 1.2
      vertex 12 8 1.2
    endloop
  endfacet
  facet normal -0 0 1
    outer loop
      vertex 12 17 5.2
      vertex 190 9 5.2
      vertex 190 17 5.2
    endloop
  endfacet
  facet normal 0 0 1
    outer loop
      vertex 190 9 5.2
      vertex 12 17 5.2
      vertex 12 9 5.2
    endloop
  endfacet
  facet normal 0 1 0
    outer loop
      vertex 190 17 1.9
      vertex 190 17 1.2
      vertex 189.9 17 1.9
    endloop
  endfacet
  facet normal 0 1 -0
    outer loop
      vertex 151 17 1.2
      vertex 51 17 4.2
      vertex 151 17 4.2
    endloop
  endfacet
  facet normal 0 1 0
    outer loop
      vertex 51 17 4.2
      vertex 151 17 1.2
      vertex 51 17 1.2
    endloop
  endfacet
  facet normal 0 1 0
    outer loop
      vertex 190 17 5.2
      vertex 151 17 4.2
      vertex 12 17 5.2
    endloop
  endfacet
  facet normal 0 1 -0
    outer loop
      vertex 189.9 17 1.9
      vertex 157 17 4.2
      vertex 189.9 17 5.1
    endloop
  endfacet
  facet normal 0 1 0
    outer loop
      vertex 157 17 1.2
      vertex 189.9 17 1.9
      vertex 190 17 1.2
    endloop
  endfacet
  facet normal 0 1 0
    outer loop
      vertex 189.9 17 1.9
      vertex 157 17 1.2
      vertex 157 17 4.2
    endloop
  endfacet
  facet normal 0 1 0
    outer loop
      vertex 189.9 17 5.1
      vertex 190 17 5.2
      vertex 190 17 5.1
    endloop
  endfacet
  facet normal 0 1 0
    outer loop
      vertex 157 17 4.2
      vertex 190 17 5.2
      vertex 189.9 17 5.1
    endloop
  endfacet
  facet normal 0 1 0
    outer loop
      vertex 151 17 4.2
      vertex 190 17 5.2
      vertex 157 17 4.2
    endloop
  endfacet
  facet normal 0 1 0
    outer loop
      vertex 12 17 5.2
      vertex 12.1 17 5.1
      vertex 12 17 5.1
    endloop
  endfacet
  facet normal 0 1 -0
    outer loop
      vertex 51 17 4.2
      vertex 12 17 5.2
      vertex 151 17 4.2
    endloop
  endfacet
  facet normal 0 1 -0
    outer loop
      vertex 45 17 4.2
      vertex 12 17 5.2
      vertex 51 17 4.2
    endloop
  endfacet
  facet normal 0 1 0
    outer loop
      vertex 12 17 5.2
      vertex 45 17 4.2
      vertex 12.1 17 5.1
    endloop
  endfacet
  facet normal 0 1 0
    outer loop
      vertex 45 17 4.2
      vertex 12.1 17 1.9
      vertex 12.1 17 5.1
    endloop
  endfacet
  facet normal 0 1 -0
    outer loop
      vertex 45 17 1.2
      vertex 12.1 17 1.9
      vertex 45 17 4.2
    endloop
  endfacet
  facet normal 0 1 0
    outer loop
      vertex 12 17 1.2
      vertex 12.1 17 1.9
      vertex 45 17 1.2
    endloop
  endfacet
  facet normal 0 1 0
    outer loop
      vertex 12.1 17 1.9
      vertex 12 17 1.2
      vertex 12 17 1.9
    endloop
  endfacet
  facet normal 0 -1 0
    outer loop
      vertex 12 9 1.2
      vertex 12.1 9 1.9
      vertex 12 9 1.9
    endloop
  endfacet
  facet normal 0 -1 -0
    outer loop
      vertex 12.1 9 1.9
      vertex 12 9 1.2
      vertex 189.9 9 1.9
    endloop
  endfacet
  facet normal 0 -1 0
    outer loop
      vertex 190 9 1.2
      vertex 189.9 9 1.9
      vertex 12 9 1.2
    endloop
  endfacet
  facet normal 0 -1 0
    outer loop
      vertex 189.9 9 1.9
      vertex 190 9 1.2
      vertex 190 9 1.9
    endloop
  endfacet
  facet normal 0 -1 0
    outer loop
      vertex 12.1 9 1.9
      vertex 189.9 9 5.1
      vertex 12.1 9 5.1
    endloop
  endfacet
  facet normal 0 -1 -0
    outer loop
      vertex 189.9 9 5.1
      vertex 12.1 9 1.9
      vertex 189.9 9 1.9
    endloop
  endfacet
  facet normal 0 -1 0
    outer loop
      vertex 12.1 9 5.1
      vertex 12 9 5.2
      vertex 12 9 5.1
    endloop
  endfacet
  facet normal 0 -1 0
    outer loop
      vertex 12 9 5.2
      vertex 12.1 9 5.1
      vertex 190 9 5.2
    endloop
  endfacet
  facet normal 0 -1 0
    outer loop
      vertex 189.9 9 5.1
      vertex 190 9 5.2
      vertex 12.1 9 5.1
    endloop
  endfacet
  facet normal 0 -1 -0
    outer loop
      vertex 190 9 5.2
      vertex 189.9 9 5.1
      vertex 190 9 5.1
    endloop
  endfacet
  facet normal -0 0 1
    outer loop
      vertex 12 145 5.2
      vertex 190 137 5.2
      vertex 190 145 5.2
    endloop
  endfacet
  facet normal 0 0 1
    outer loop
      vertex 190 137 5.2
      vertex 12 145 5.2
      vertex 12 137 5.2
    endloop
  endfacet
  facet normal 0 1 -0
    outer loop
      vertex 190 145 1.2
      vertex 189.9 145 1.9
      vertex 190 145 1.9
    endloop
  endfacet
  facet normal 0 1 0
    outer loop
      vertex 189.9 145 1.9
      vertex 190 145 1.2
      vertex 12.1 145 1.9
    endloop
  endfacet
  facet normal 0 1 0
    outer loop
      vertex 12 145 1.2
      vertex 12.1 145 1.9
      vertex 190 145 1.2
    endloop
  endfacet
  facet normal 0 1 0
    outer loop
      vertex 12.1 145 1.9
      vertex 12 145 1.2
      vertex 12 145 1.9
    endloop
  endfacet
  facet normal 0 1 -0
    outer loop
      vertex 189.9 145 1.9
      vertex 12.1 145 5.1
      vertex 189.9 145 5.1
    endloop
  endfacet
  facet normal 0 1 0
    outer loop
      vertex 12.1 145 5.1
      vertex 189.9 145 1.9
      vertex 12.1 145 1.9
    endloop
  endfacet
  facet normal 0 1 0
    outer loop
      vertex 189.9 145 5.1
      vertex 190 145 5.2
      vertex 190 145 5.1
    endloop
  endfacet
  facet normal 0 1 0
    outer loop
      vertex 190 145 5.2
      vertex 189.9 145 5.1
      vertex 12 145 5.2
    endloop
  endfacet
  facet normal 0 1 -0
    outer loop
      vertex 12.1 145 5.1
      vertex 12 145 5.2
      vertex 189.9 145 5.1
    endloop
  endfacet
  facet normal 0 1 0
    outer loop
      vertex 12 145 5.2
      vertex 12.1 145 5.1
      vertex 12 145 5.1
    endloop
  endfacet
  facet normal 0 -1 0
    outer loop
      vertex 12 137 1.9
      vertex 12 137 1.2
      vertex 12.1 137 1.9
    endloop
  endfacet
  facet normal 0 -1 0
    outer loop
      vertex 51 137 1.2
      vertex 151 137 4.2
      vertex 51 137 4.2
    endloop
  endfacet
  facet normal 0 -1 -0
    outer loop
      vertex 151 137 4.2
      vertex 51 137 1.2
      vertex 151 137 1.2
    endloop
  endfacet
  facet normal 0 -1 0
    outer loop
      vertex 12 137 5.2
      vertex 51 137 4.2
      vertex 190 137 5.2
    endloop
  endfacet
  facet normal 0 -1 0
    outer loop
      vertex 12.1 137 1.9
      vertex 45 137 4.2
      vertex 12.1 137 5.1
    endloop
  endfacet
  facet normal 0 -1 0
    outer loop
      vertex 45 137 1.2
      vertex 12.1 137 1.9
      vertex 12 137 1.2
    endloop
  endfacet
  facet normal 0 -1 0
    outer loop
      vertex 12.1 137 1.9
      vertex 45 137 1.2
      vertex 45 137 4.2
    endloop
  endfacet
  facet normal 0 -1 0
    outer loop
      vertex 12.1 137 5.1
      vertex 12 137 5.2
      vertex 12 137 5.1
    endloop
  endfacet
  facet normal 0 -1 0
    outer loop
      vertex 45 137 4.2
      vertex 12 137 5.2
      vertex 12.1 137 5.1
    endloop
  endfacet
  facet normal 0 -1 0
    outer loop
      vertex 51 137 4.2
      vertex 12 137 5.2
      vertex 45 137 4.2
    endloop
  endfacet
  facet normal 0 -1 -0
    outer loop
      vertex 190 137 5.2
      vertex 189.9 137 5.1
      vertex 190 137 5.1
    endloop
  endfacet
  facet normal 0 -1 0
    outer loop
      vertex 151 137 4.2
      vertex 190 137 5.2
      vertex 51 137 4.2
    endloop
  endfacet
  facet normal 0 -1 0
    outer loop
      vertex 157 137 4.2
      vertex 190 137 5.2
      vertex 151 137 4.2
    endloop
  endfacet
  facet normal 0 -1 0
    outer loop
      vertex 190 137 5.2
      vertex 157 137 4.2
      vertex 189.9 137 5.1
    endloop
  endfacet
  facet normal 0 -1 0
    outer loop
      vertex 157 137 4.2
      vertex 189.9 137 1.9
      vertex 189.9 137 5.1
    endloop
  endfacet
  facet normal 0 -1 0
    outer loop
      vertex 157 137 1.2
      vertex 189.9 137 1.9
      vertex 157 137 4.2
    endloop
  endfacet
  facet normal 0 -1 0
    outer loop
      vertex 190 137 1.2
      vertex 189.9 137 1.9
      vertex 157 137 1.2
    endloop
  endfacet
  facet normal 0 -1 0
    outer loop
      vertex 189.9 137 1.9
      vertex 190 137 1.2
      vertex 190 137 1.9
    endloop
  endfacet
  facet normal 1 -0 0
    outer loop
      vertex 51 17 4.2
      vertex 51 71 1.2
      vertex 51 71 4.2
    endloop
  endfacet
  facet normal 1 0 0
    outer loop
      vertex 51 71 1.2
      vertex 51 17 4.2
      vertex 51 17 1.2
    endloop
  endfacet
  facet normal 1 -0 0
    outer loop
      vertex 51 83 4.2
      vertex 51 137 1.2
      vertex 51 137 4.2
    endloop
  endfacet
  facet normal 1 0 0
    outer loop
      vertex 51 137 1.2
      vertex 51 83 4.2
      vertex 51 83 1.2
    endloop
  endfacet
  facet normal -0 0 1
    outer loop
      vertex 45 71 4.2
      vertex 51 17 4.2
      vertex 51 71 4.2
    endloop
  endfacet
  facet normal 0 0 1
    outer loop
      vertex 51 17 4.2
      vertex 45 71 4.2
      vertex 45 17 4.2
    endloop
  endfacet
  facet normal -0 0 1
    outer loop
      vertex 45 137 4.2
      vertex 51 83 4.2
      vertex 51 137 4.2
    endloop
  endfacet
  facet normal 0 0 1
    outer loop
      vertex 51 83 4.2
      vertex 45 137 4.2
      vertex 45 83 4.2
    endloop
  endfacet
  facet normal -1 0 0
    outer loop
      vertex 45 17 1.2
      vertex 45 71 4.2
      vertex 45 71 1.2
    endloop
  endfacet
  facet normal -1 -0 0
    outer loop
      vertex 45 71 4.2
      vertex 45 17 1.2
      vertex 45 17 4.2
    endloop
  endfacet
  facet normal -1 0 0
    outer loop
      vertex 45 83 1.2
      vertex 45 137 4.2
      vertex 45 137 1.2
    endloop
  endfacet
  facet normal -1 -0 0
    outer loop
      vertex 45 137 4.2
      vertex 45 83 1.2
      vertex 45 83 4.2
    endloop
  endfacet
  facet normal 1 -0 0
    outer loop
      vertex 157 17 4.2
      vertex 157 71 1.2
      vertex 157 71 4.2
    endloop
  endfacet
  facet normal 1 0 0
    outer loop
      vertex 157 71 1.2
      vertex 157 17 4.2
      vertex 157 17 1.2
    endloop
  endfacet
  facet normal 1 -0 0
    outer loop
      vertex 157 83 4.2
      vertex 157 137 1.2
      vertex 157 137 4.2
    endloop
  endfacet
  facet normal 1 0 0
    outer loop
      vertex 157 137 1.2
      vertex 157 83 4.2
      vertex 157 83 1.2
    endloop
  endfacet
  facet normal -0 0 1
    outer loop
      vertex 151 71 4.2
      vertex 157 17 4.2
      vertex 157 71 4.2
    endloop
  endfacet
  facet normal 0 0 1
    outer loop
      vertex 157 17 4.2
      vertex 151 71 4.2
      vertex 151 17 4.2
    endloop
  endfacet
  facet normal -0 0 1
    outer loop
      vertex 151 137 4.2
      vertex 157 83 4.2
      vertex 157 137 4.2
    endloop
  endfacet
  facet normal 0 0 1
    outer loop
      vertex 157 83 4.2
      vertex 151 137 4.2
      vertex 151 83 4.2
    endloop
  endfacet
  facet normal -1 0 0
    outer loop
      vertex 151 17 1.2
      vertex 151 71 4.2
      vertex 151 71 1.2
    endloop
  endfacet
  facet normal -1 -0 0
    outer loop
      vertex 151 71 4.2
      vertex 151 17 1.2
      vertex 151 17 4.2
    endloop
  endfacet
  facet normal -1 0 0
    outer loop
      vertex 151 83 1.2
      vertex 151 137 4.2
      vertex 151 137 1.2
    endloop
  endfacet
  facet normal -1 -0 0
    outer loop
      vertex 151 137 4.2
      vertex 151 83 1.2
      vertex 151 83 4.2
    endloop
  endfacet
  facet normal 1 0 0
    outer loop
      vertex 12 24 8
      vertex 12 17.15 5.1
      vertex 12 24 1.2
    endloop
  endfacet
  facet normal 1 0 0
    outer loop
      vertex 12 24 8
      vertex 12 17 5.2
      vertex 12 17.15 5.1
    endloop
  endfacet
  facet normal 1 0 0
    outer loop
      vertex 12 24 8
      vertex 12 9 5.2
      vertex 12 17 5.2
    endloop
  endfacet
  facet normal 1 0 0
    outer loop
      vertex 12 9 5.2
      vertex 12 8.85 5.1
      vertex 12 9 5.1
    endloop
  endfacet
  facet normal 1 0 0
    outer loop
      vertex 12 8.85 5.1
      vertex 12 8 5.2
      vertex 12 8.85 1.9
    endloop
  endfacet
  facet normal 1 0 0
    outer loop
      vertex 12 9 5.2
      vertex 12 8 5.2
      vertex 12 8.85 5.1
    endloop
  endfacet
  facet normal 1 -0 0
    outer loop
      vertex 12 2 8
      vertex 12 9 5.2
      vertex 12 24 8
    endloop
  endfacet
  facet normal 1 0 0
    outer loop
      vertex 12 9 5.2
      vertex 12 2 8
      vertex 12 8 5.2
    endloop
  endfacet
  facet normal 1 0 0
    outer loop
      vertex 12 8 5.2
      vertex 12 2 8
      vertex 12 2 5.2
    endloop
  endfacet
  facet normal 1 -0 0
    outer loop
      vertex 12 17.15 1.9
      vertex 12 24 1.2
      vertex 12 17.15 5.1
    endloop
  endfacet
  facet normal 1 0 0
    outer loop
      vertex 12 17 1.2
      vertex 12 17.15 1.9
      vertex 12 17 1.9
    endloop
  endfacet
  facet normal 1 0 0
    outer loop
      vertex 12 17.15 1.9
      vertex 12 17 1.2
      vertex 12 24 1.2
    endloop
  endfacet
  facet normal 1 0 0
    outer loop
      vertex 12 17.15 5.1
      vertex 12 17 5.2
      vertex 12 17 5.1
    endloop
  endfacet
  facet normal 1 -0 0
    outer loop
      vertex 12 8.85 1.9
      vertex 12 9 1.2
      vertex 12 9 1.9
    endloop
  endfacet
  facet normal 1 0 0
    outer loop
      vertex 12 8 1.2
      vertex 12 8.85 1.9
      vertex 12 8 5.2
    endloop
  endfacet
  facet normal 1 0 0
    outer loop
      vertex 12 8.85 1.9
      vertex 12 8 1.2
      vertex 12 9 1.2
    endloop
  endfacet
  facet normal 0 0 1
    outer loop
      vertex 12 24 8
      vertex 8.55 20.15 8
      vertex 12 2 8
    endloop
  endfacet
  facet normal 0 0 1
    outer loop
      vertex 12 24 8
      vertex 3.45 20.15 8
      vertex 8.55 20.15 8
    endloop
  endfacet
  facet normal 0 0 1
    outer loop
      vertex 3.45 20.15 8
      vertex 0 24 8
      vertex 3.45 5.85 8
    endloop
  endfacet
  facet normal -0 0 1
    outer loop
      vertex 0 24 8
      vertex 3.45 20.15 8
      vertex 12 24 8
    endloop
  endfacet
  facet normal -0 0 1
    outer loop
      vertex 8.55 5.85 8
      vertex 12 2 8
      vertex 8.55 20.15 8
    endloop
  endfacet
  facet normal -0 0 1
    outer loop
      vertex 3.45 5.85 8
      vertex 12 2 8
      vertex 8.55 5.85 8
    endloop
  endfacet
  facet normal 0 0 1
    outer loop
      vertex 3.45 5.85 8
      vertex 0 2 8
      vertex 12 2 8
    endloop
  endfacet
  facet normal 0 0 1
    outer loop
      vertex 0 2 8
      vertex 3.45 5.85 8
      vertex 0 24 8
    endloop
  endfacet
  facet normal -0 0 -1
    outer loop
      vertex 192.963 20.6373 0
      vertex 8.88735 20.4873 0
      vertex 9.03735 133.363 0
    endloop
  endfacet
  facet normal 0 0 -1
    outer loop
      vertex 3.11265 20.4873 0
      vertex 9.03735 133.363 0
      vertex 8.88735 20.4873 0
    endloop
  endfacet
  facet normal -0 0 -1
    outer loop
      vertex 9.03735 133.363 0
      vertex 3.11265 20.4873 0
      vertex 2.96265 133.363 0
    endloop
  endfacet
  facet normal 0 0 -1
    outer loop
      vertex 199.037 20.6373 0
      vertex 193.113 133.513 0
      vertex 198.887 133.513 0
    endloop
  endfacet
  facet normal 0 0 -1
    outer loop
      vertex 9.03735 133.363 0
      vertex 193.113 133.513 0
      vertex 192.963 20.6373 0
    endloop
  endfacet
  facet normal 0 0 -1
    outer loop
      vertex 192.963 20.6373 0
      vertex 193.113 133.513 0
      vertex 199.037 20.6373 0
    endloop
  endfacet
  facet normal 0 0 -1
    outer loop
      vertex 199.037 20.6373 0
      vertex 202 0 0
      vertex 199.037 5.36265 0
    endloop
  endfacet
  facet normal 0 0 -1
    outer loop
      vertex 202 0 0
      vertex 192.963 5.36265 0
      vertex 199.037 5.36265 0
    endloop
  endfacet
  facet normal 0 0 -1
    outer loop
      vertex 8.88735 5.51265 0
      vertex 192.963 20.6373 0
      vertex 192.963 5.36265 0
    endloop
  endfacet
  facet normal 0 0 -1
    outer loop
      vertex 8.88735 20.4873 0
      vertex 192.963 20.6373 0
      vertex 8.88735 5.51265 0
    endloop
  endfacet
  facet normal 0 0 -1
    outer loop
      vertex 0 0 0
      vertex 192.963 5.36265 0
      vertex 202 0 0
    endloop
  endfacet
  facet normal -0 0 -1
    outer loop
      vertex 192.963 5.36265 0
      vertex 0 0 0
      vertex 8.88735 5.51265 0
    endloop
  endfacet
  facet normal 0 0 -1
    outer loop
      vertex 0 0 0
      vertex 3.11265 20.4873 0
      vertex 3.11265 5.51265 0
    endloop
  endfacet
  facet normal 0 0 -1
    outer loop
      vertex 0 154 0
      vertex 2.96265 133.363 0
      vertex 0 0 0
    endloop
  endfacet
  facet normal -0 0 -1
    outer loop
      vertex 3.11265 20.4873 0
      vertex 0 0 0
      vertex 2.96265 133.363 0
    endloop
  endfacet
  facet normal -0 0 -1
    outer loop
      vertex 8.88735 5.51265 0
      vertex 0 0 0
      vertex 3.11265 5.51265 0
    endloop
  endfacet
  facet normal 0 0 -1
    outer loop
      vertex 202 0 0
      vertex 199.037 20.6373 0
      vertex 202 154 0
    endloop
  endfacet
  facet normal 0 0 -1
    outer loop
      vertex 198.887 133.513 0
      vertex 202 154 0
      vertex 199.037 20.6373 0
    endloop
  endfacet
  facet normal 0 0 -1
    outer loop
      vertex 198.887 148.487 0
      vertex 202 154 0
      vertex 198.887 133.513 0
    endloop
  endfacet
  facet normal 0 0 -1
    outer loop
      vertex 193.113 148.487 0
      vertex 202 154 0
      vertex 198.887 148.487 0
    endloop
  endfacet
  facet normal -0 0 -1
    outer loop
      vertex 193.113 133.513 0
      vertex 9.03735 133.363 0
      vertex 193.113 148.487 0
    endloop
  endfacet
  facet normal 0 0 -1
    outer loop
      vertex 9.03735 148.637 0
      vertex 193.113 148.487 0
      vertex 9.03735 133.363 0
    endloop
  endfacet
  facet normal 0 0 -1
    outer loop
      vertex 193.113 148.487 0
      vertex 9.03735 148.637 0
      vertex 202 154 0
    endloop
  endfacet
  facet normal 0 0 -1
    outer loop
      vertex 0 154 0
      vertex 9.03735 148.637 0
      vertex 2.96265 148.637 0
    endloop
  endfacet
  facet normal 0 0 -1
    outer loop
      vertex 9.03735 148.637 0
      vertex 0 154 0
      vertex 202 154 0
    endloop
  endfacet
  facet normal 0 0 -1
    outer loop
      vertex 2.96265 133.363 0
      vertex 0 154 0
      vertex 2.96265 148.637 0
    endloop
  endfacet
  facet normal 0 1 0
    outer loop
      vertex 12 24 8
      vertex 8 24 5.2
      vertex 0 24 8
    endloop
  endfacet
  facet normal 0 1 -0
    outer loop
      vertex 12 24 1.2
      vertex 8 24 5.2
      vertex 12 24 8
    endloop
  endfacet
  facet normal 0 1 0
    outer loop
      vertex 8 24 5.2
      vertex 12 24 1.2
      vertex 8 24 1.2
    endloop
  endfacet
  facet normal 0 1 0
    outer loop
      vertex 0 24 8
      vertex 8 24 5.2
      vertex 0 24 5.2
    endloop
  endfacet
  facet normal 0 -1 0
    outer loop
      vertex 0 2 5.2
      vertex 12 2 8
      vertex 0 2 8
    endloop
  endfacet
  facet normal 0 -1 -0
    outer loop
      vertex 12 2 8
      vertex 0 2 5.2
      vertex 12 2 5.2
    endloop
  endfacet
  facet normal 1 0 0
    outer loop
      vertex 12 152 8
      vertex 12 146 5.2
      vertex 12 152 5.2
    endloop
  endfacet
  facet normal 1 0 0
    outer loop
      vertex 12 145.15 1.9
      vertex 12 146 5.2
      vertex 12 145.15 5.1
    endloop
  endfacet
  facet normal 1 0 0
    outer loop
      vertex 12 145 5.2
      vertex 12 146 5.2
      vertex 12 152 8
    endloop
  endfacet
  facet normal 1 0 0
    outer loop
      vertex 12 146 5.2
      vertex 12 145 5.2
      vertex 12 145.15 5.1
    endloop
  endfacet
  facet normal 1 0 0
    outer loop
      vertex 12 152 8
      vertex 12 137 5.2
      vertex 12 145 5.2
    endloop
  endfacet
  facet normal 1 0 0
    outer loop
      vertex 12 137 5.2
      vertex 12 136.85 5.1
      vertex 12 137 5.1
    endloop
  endfacet
  facet normal 1 0 0
    outer loop
      vertex 12 130 1.2
      vertex 12 136.85 5.1
      vertex 12 130 8
    endloop
  endfacet
  facet normal 1 0 0
    outer loop
      vertex 12 137 5.2
      vertex 12 130 8
      vertex 12 136.85 5.1
    endloop
  endfacet
  facet normal 1 -0 0
    outer loop
      vertex 12 130 8
      vertex 12 137 5.2
      vertex 12 152 8
    endloop
  endfacet
  facet normal 1 0 0
    outer loop
      vertex 12 146 5.2
      vertex 12 145.15 1.9
      vertex 12 146 1.2
    endloop
  endfacet
  facet normal 1 0 0
    outer loop
      vertex 12 145 1.2
      vertex 12 145.15 1.9
      vertex 12 145 1.9
    endloop
  endfacet
  facet normal 1 0 0
    outer loop
      vertex 12 145.15 1.9
      vertex 12 145 1.2
      vertex 12 146 1.2
    endloop
  endfacet
  facet normal 1 0 0
    outer loop
      vertex 12 145.15 5.1
      vertex 12 145 5.2
      vertex 12 145 5.1
    endloop
  endfacet
  facet normal 1 -0 0
    outer loop
      vertex 12 136.85 1.9
      vertex 12 137 1.2
      vertex 12 137 1.9
    endloop
  endfacet
  facet normal 1 0 0
    outer loop
      vertex 12 136.85 5.1
      vertex 12 130 1.2
      vertex 12 136.85 1.9
    endloop
  endfacet
  facet normal 1 0 0
    outer loop
      vertex 12 136.85 1.9
      vertex 12 130 1.2
      vertex 12 137 1.2
    endloop
  endfacet
  facet normal 0 0 1
    outer loop
      vertex 12 152 8
      vertex 8.7 148.3 8
      vertex 12 130 8
    endloop
  endfacet
  facet normal 0 0 1
    outer loop
      vertex 12 152 8
      vertex 3.3 148.3 8
      vertex 8.7 148.3 8
    endloop
  endfacet
  facet normal 0 0 1
    outer loop
      vertex 3.3 148.3 8
      vertex 0 152 8
      vertex 3.3 133.7 8
    endloop
  endfacet
  facet normal -0 0 1
    outer loop
      vertex 0 152 8
      vertex 3.3 148.3 8
      vertex 12 152 8
    endloop
  endfacet
  facet normal -0 0 1
    outer loop
      vertex 8.7 133.7 8
      vertex 12 130 8
      vertex 8.7 148.3 8
    endloop
  endfacet
  facet normal -0 0 1
    outer loop
      vertex 3.3 133.7 8
      vertex 12 130 8
      vertex 8.7 133.7 8
    endloop
  endfacet
  facet normal 0 0 1
    outer loop
      vertex 3.3 133.7 8
      vertex 0 130 8
      vertex 12 130 8
    endloop
  endfacet
  facet normal 0 0 1
    outer loop
      vertex 0 130 8
      vertex 3.3 133.7 8
      vertex 0 152 8
    endloop
  endfacet
  facet normal 0 1 -0
    outer loop
      vertex 12 152 5.2
      vertex 0 152 8
      vertex 12 152 8
    endloop
  endfacet
  facet normal 0 1 0
    outer loop
      vertex 0 152 8
      vertex 12 152 5.2
      vertex 0 152 5.2
    endloop
  endfacet
  facet normal 0 -1 0
    outer loop
      vertex 8 130 5.2
      vertex 0 130 8
      vertex 0 130 5.2
    endloop
  endfacet
  facet normal 0 -1 0
    outer loop
      vertex 0 130 8
      vertex 8 130 5.2
      vertex 12 130 8
    endloop
  endfacet
  facet normal 0 -1 0
    outer loop
      vertex 12 130 1.2
      vertex 8 130 5.2
      vertex 8 130 1.2
    endloop
  endfacet
  facet normal 0 -1 0
    outer loop
      vertex 8 130 5.2
      vertex 12 130 1.2
      vertex 12 130 8
    endloop
  endfacet
  facet normal 0 0 1
    outer loop
      vertex 202 24 8
      vertex 198.7 20.3 8
      vertex 202 2 8
    endloop
  endfacet
  facet normal 0 0 1
    outer loop
      vertex 202 24 8
      vertex 193.3 20.3 8
      vertex 198.7 20.3 8
    endloop
  endfacet
  facet normal 0 0 1
    outer loop
      vertex 193.3 20.3 8
      vertex 190 24 8
      vertex 193.3 5.7 8
    endloop
  endfacet
  facet normal -0 0 1
    outer loop
      vertex 190 24 8
      vertex 193.3 20.3 8
      vertex 202 24 8
    endloop
  endfacet
  facet normal -0 0 1
    outer loop
      vertex 198.7 5.7 8
      vertex 202 2 8
      vertex 198.7 20.3 8
    endloop
  endfacet
  facet normal -0 0 1
    outer loop
      vertex 193.3 5.7 8
      vertex 202 2 8
      vertex 198.7 5.7 8
    endloop
  endfacet
  facet normal 0 0 1
    outer loop
      vertex 193.3 5.7 8
      vertex 190 2 8
      vertex 202 2 8
    endloop
  endfacet
  facet normal 0 0 1
    outer loop
      vertex 190 2 8
      vertex 193.3 5.7 8
      vertex 190 24 8
    endloop
  endfacet
  facet normal -1 0 0
    outer loop
      vertex 190 9 1.2
      vertex 190 8.85 1.9
      vertex 190 9 1.9
    endloop
  endfacet
  facet normal -1 0 0
    outer loop
      vertex 190 8 5.2
      vertex 190 8.85 1.9
      vertex 190 8 1.2
    endloop
  endfacet
  facet normal -1 0 0
    outer loop
      vertex 190 8 1.2
      vertex 190 8.85 1.9
      vertex 190 9 1.2
    endloop
  endfacet
  facet normal -1 0 0
    outer loop
      vertex 190 9 5.1
      vertex 190 8.85 5.1
      vertex 190 9 5.2
    endloop
  endfacet
  facet normal -1 0 0
    outer loop
      vertex 190 17.15 5.1
      vertex 190 24 1.2
      vertex 190 17.15 1.9
    endloop
  endfacet
  facet normal -1 0 0
    outer loop
      vertex 190 17 1.2
      vertex 190 17.15 1.9
      vertex 190 24 1.2
    endloop
  endfacet
  facet normal -1 -0 0
    outer loop
      vertex 190 17.15 1.9
      vertex 190 17 1.2
      vertex 190 17 1.9
    endloop
  endfacet
  facet normal -1 0 0
    outer loop
      vertex 190 24 1.2
      vertex 190 17.15 5.1
      vertex 190 24 8
    endloop
  endfacet
  facet normal -1 0 0
    outer loop
      vertex 190 17 5.2
      vertex 190 17.15 5.1
      vertex 190 17 5.1
    endloop
  endfacet
  facet normal -1 0 0
    outer loop
      vertex 190 17.15 5.1
      vertex 190 17 5.2
      vertex 190 24 8
    endloop
  endfacet
  facet normal -1 0 0
    outer loop
      vertex 190 9 5.2
      vertex 190 24 8
      vertex 190 17 5.2
    endloop
  endfacet
  facet normal -1 0 0
    outer loop
      vertex 190 8.85 1.9
      vertex 190 8 5.2
      vertex 190 8.85 5.1
    endloop
  endfacet
  facet normal -1 0 0
    outer loop
      vertex 190 8 5.2
      vertex 190 9 5.2
      vertex 190 8.85 5.1
    endloop
  endfacet
  facet normal -1 0 0
    outer loop
      vertex 190 2 8
      vertex 190 9 5.2
      vertex 190 8 5.2
    endloop
  endfacet
  facet normal -1 0 0
    outer loop
      vertex 190 2 8
      vertex 190 8 5.2
      vertex 190 2 5.2
    endloop
  endfacet
  facet normal -1 0 0
    outer loop
      vertex 190 9 5.2
      vertex 190 2 8
      vertex 190 24 8
    endloop
  endfacet
  facet normal 0 1 0
    outer loop
      vertex 194 24 5.2
      vertex 202 24 8
      vertex 202 24 5.2
    endloop
  endfacet
  facet normal 0 1 0
    outer loop
      vertex 202 24 8
      vertex 194 24 5.2
      vertex 190 24 8
    endloop
  endfacet
  facet normal 0 1 0
    outer loop
      vertex 190 24 1.2
      vertex 194 24 5.2
      vertex 194 24 1.2
    endloop
  endfacet
  facet normal 0 1 0
    outer loop
      vertex 194 24 5.2
      vertex 190 24 1.2
      vertex 190 24 8
    endloop
  endfacet
  facet normal 0 -1 0
    outer loop
      vertex 190 2 5.2
      vertex 202 2 8
      vertex 190 2 8
    endloop
  endfacet
  facet normal 0 -1 -0
    outer loop
      vertex 202 2 8
      vertex 190 2 5.2
      vertex 202 2 5.2
    endloop
  endfacet
  facet normal 0 0 1
    outer loop
      vertex 202 152 8
      vertex 198.55 148.15 8
      vertex 202 130 8
    endloop
  endfacet
  facet normal 0 0 1
    outer loop
      vertex 202 152 8
      vertex 193.45 148.15 8
      vertex 198.55 148.15 8
    endloop
  endfacet
  facet normal 0 0 1
    outer loop
      vertex 193.45 148.15 8
      vertex 190 152 8
      vertex 193.45 133.85 8
    endloop
  endfacet
  facet normal -0 0 1
    outer loop
      vertex 190 152 8
      vertex 193.45 148.15 8
      vertex 202 152 8
    endloop
  endfacet
  facet normal -0 0 1
    outer loop
      vertex 198.55 133.85 8
      vertex 202 130 8
      vertex 198.55 148.15 8
    endloop
  endfacet
  facet normal -0 0 1
    outer loop
      vertex 193.45 133.85 8
      vertex 202 130 8
      vertex 198.55 133.85 8
    endloop
  endfacet
  facet normal 0 0 1
    outer loop
      vertex 193.45 133.85 8
      vertex 190 130 8
      vertex 202 130 8
    endloop
  endfacet
  facet normal 0 0 1
    outer loop
      vertex 190 130 8
      vertex 193.45 133.85 8
      vertex 190 152 8
    endloop
  endfacet
  facet normal -1 0 0
    outer loop
      vertex 190 137 1.2
      vertex 190 136.85 1.9
      vertex 190 137 1.9
    endloop
  endfacet
  facet normal -1 -0 0
    outer loop
      vertex 190 136.85 1.9
      vertex 190 130 1.2
      vertex 190 136.85 5.1
    endloop
  endfacet
  facet normal -1 0 0
    outer loop
      vertex 190 130 1.2
      vertex 190 136.85 1.9
      vertex 190 137 1.2
    endloop
  endfacet
  facet normal -1 0 0
    outer loop
      vertex 190 137 5.1
      vertex 190 136.85 5.1
      vertex 190 137 5.2
    endloop
  endfacet
  facet normal -1 0 0
    outer loop
      vertex 190 146 1.2
      vertex 190 145.15 1.9
      vertex 190 146 5.2
    endloop
  endfacet
  facet normal -1 0 0
    outer loop
      vertex 190 145 1.2
      vertex 190 145.15 1.9
      vertex 190 146 1.2
    endloop
  endfacet
  facet normal -1 -0 0
    outer loop
      vertex 190 145.15 1.9
      vertex 190 145 1.2
      vertex 190 145 1.9
    endloop
  endfacet
  facet normal -1 0 0
    outer loop
      vertex 190 146 5.2
      vertex 190 152 8
      vertex 190 152 5.2
    endloop
  endfacet
  facet normal -1 0 0
    outer loop
      vertex 190 145.15 5.1
      vertex 190 146 5.2
      vertex 190 145.15 1.9
    endloop
  endfacet
  facet normal -1 0 0
    outer loop
      vertex 190 145 5.2
      vertex 190 146 5.2
      vertex 190 145.15 5.1
    endloop
  endfacet
  facet normal -1 0 0
    outer loop
      vertex 190 145 5.2
      vertex 190 145.15 5.1
      vertex 190 145 5.1
    endloop
  endfacet
  facet normal -1 0 0
    outer loop
      vertex 190 146 5.2
      vertex 190 145 5.2
      vertex 190 152 8
    endloop
  endfacet
  facet normal -1 0 0
    outer loop
      vertex 190 137 5.2
      vertex 190 152 8
      vertex 190 145 5.2
    endloop
  endfacet
  facet normal -1 0 0
    outer loop
      vertex 190 130 8
      vertex 190 136.85 5.1
      vertex 190 130 1.2
    endloop
  endfacet
  facet normal -1 0 0
    outer loop
      vertex 190 137 5.2
      vertex 190 130 8
      vertex 190 152 8
    endloop
  endfacet
  facet normal -1 0 0
    outer loop
      vertex 190 136.85 5.1
      vertex 190 130 8
      vertex 190 137 5.2
    endloop
  endfacet
  facet normal 0 1 -0
    outer loop
      vertex 202 152 5.2
      vertex 190 152 8
      vertex 202 152 8
    endloop
  endfacet
  facet normal 0 1 0
    outer loop
      vertex 190 152 8
      vertex 202 152 5.2
      vertex 190 152 5.2
    endloop
  endfacet
  facet normal 0 -1 0
    outer loop
      vertex 190 130 8
      vertex 194 130 5.2
      vertex 202 130 8
    endloop
  endfacet
  facet normal 0 -1 0
    outer loop
      vertex 190 130 1.2
      vertex 194 130 5.2
      vertex 190 130 8
    endloop
  endfacet
  facet normal 0 -1 -0
    outer loop
      vertex 194 130 5.2
      vertex 190 130 1.2
      vertex 194 130 1.2
    endloop
  endfacet
  facet normal 0 -1 -0
    outer loop
      vertex 202 130 8
      vertex 194 130 5.2
      vertex 202 130 5.2
    endloop
  endfacet
  facet normal 1 0 0
    outer loop
      vertex 52 83 32
      vertex 52 81.6 32
      vertex 52 83 30.6
    endloop
  endfacet
  facet normal 1 -0 0
    outer loop
      vertex 52 71 32
      vertex 52 71 30.6
      vertex 52 72.4 32
    endloop
  endfacet
  facet normal 1 0 0
    outer loop
      vertex 52 83 26.4
      vertex 52 81.75 25.15
      vertex 52 83 25.15
    endloop
  endfacet
  facet normal 1 0 0
    outer loop
      vertex 52 71 26.4
      vertex 52 71 25.15
      vertex 52 72.25 25.15
    endloop
  endfacet
  facet normal -0 0 1
    outer loop
      vertex 44 83 32
      vertex 52 81.6 32
      vertex 52 83 32
    endloop
  endfacet
  facet normal 0 0 1
    outer loop
      vertex 52 81.6 32
      vertex 44 83 32
      vertex 52 72.4 32
    endloop
  endfacet
  facet normal 0 0 1
    outer loop
      vertex 44 71 32
      vertex 52 72.4 32
      vertex 44 83 32
    endloop
  endfacet
  facet normal 0 0 1
    outer loop
      vertex 52 72.4 32
      vertex 44 71 32
      vertex 52 71 32
    endloop
  endfacet
  facet normal -0 0 1
    outer loop
      vertex 52 81.6 32
      vertex 150 72.4 32
      vertex 150 81.6 32
    endloop
  endfacet
  facet normal 0 0 1
    outer loop
      vertex 150 72.4 32
      vertex 52 81.6 32
      vertex 52 72.4 32
    endloop
  endfacet
  facet normal 0 0 1
    outer loop
      vertex 150 81.6 32
      vertex 158 83 32
      vertex 150 83 32
    endloop
  endfacet
  facet normal 0 0 1
    outer loop
      vertex 158 83 32
      vertex 150 81.6 32
      vertex 158 71 32
    endloop
  endfacet
  facet normal -0 0 1
    outer loop
      vertex 150 72.4 32
      vertex 158 71 32
      vertex 150 81.6 32
    endloop
  endfacet
  facet normal 0 0 1
    outer loop
      vertex 158 71 32
      vertex 150 72.4 32
      vertex 150 71 32
    endloop
  endfacet
  facet normal -1 0 0
    outer loop
      vertex 44 71 7.2
      vertex 44 83 32
      vertex 44 83 7.2
    endloop
  endfacet
  facet normal -1 -0 0
    outer loop
      vertex 44 83 32
      vertex 44 71 7.2
      vertex 44 71 32
    endloop
  endfacet
  facet normal 0 1 0
    outer loop
      vertex 51 83 1.2
      vertex 52.0791 83 7.2
      vertex 151 83 1.2
    endloop
  endfacet
  facet normal 0 1 0
    outer loop
      vertex 52.0791 83 7.2
      vertex 51 83 1.2
      vertex 51 83 4.2
    endloop
  endfacet
  facet normal 0 1 -0
    outer loop
      vertex 151 83 1.2
      vertex 149.921 83 7.2
      vertex 151 83 4.2
    endloop
  endfacet
  facet normal 0 1 0
    outer loop
      vertex 157 83 1.2
      vertex 158 83 7.2
      vertex 194 83 1.2
    endloop
  endfacet
  facet normal 0 1 0
    outer loop
      vertex 158 83 7.2
      vertex 157 83 1.2
      vertex 157 83 4.2
    endloop
  endfacet
  facet normal 0 1 -0
    outer loop
      vertex 194 83 5.2
      vertex 158 83 7.2
      vertex 202 83 7.2
    endloop
  endfacet
  facet normal 0 1 -0
    outer loop
      vertex 194 83 1.2
      vertex 158 83 7.2
      vertex 194 83 5.2
    endloop
  endfacet
  facet normal 0 1 0
    outer loop
      vertex 151 83 4.2
      vertex 158 83 7.2
      vertex 157 83 4.2
    endloop
  endfacet
  facet normal 0 1 0
    outer loop
      vertex 158 83 7.2
      vertex 151 83 4.2
      vertex 149.921 83 7.2
    endloop
  endfacet
  facet normal 0 1 0
    outer loop
      vertex 194 83 5.2
      vertex 202 83 7.2
      vertex 202 83 5.2
    endloop
  endfacet
  facet normal 0 1 0
    outer loop
      vertex 52.0791 83 7.2
      vertex 8 83 5.2
      vertex 44 83 7.2
    endloop
  endfacet
  facet normal 0 1 0
    outer loop
      vertex 44 83 7.2
      vertex 8 83 5.2
      vertex 0 83 7.2
    endloop
  endfacet
  facet normal 0 1 0
    outer loop
      vertex 0 83 7.2
      vertex 8 83 5.2
      vertex 0 83 5.2
    endloop
  endfacet
  facet normal 0 1 0
    outer loop
      vertex 149.921 83 7.2
      vertex 151 83 1.2
      vertex 52.0791 83 7.2
    endloop
  endfacet
  facet normal 0 1 0
    outer loop
      vertex 45 83 4.2
      vertex 52.0791 83 7.2
      vertex 51 83 4.2
    endloop
  endfacet
  facet normal 0 1 0
    outer loop
      vertex 52.0791 83 7.2
      vertex 45 83 4.2
      vertex 8 83 5.2
    endloop
  endfacet
  facet normal 0 1 0
    outer loop
      vertex 8 83 1.2
      vertex 45 83 4.2
      vertex 45 83 1.2
    endloop
  endfacet
  facet normal 0 1 0
    outer loop
      vertex 45 83 4.2
      vertex 8 83 1.2
      vertex 8 83 5.2
    endloop
  endfacet
  facet normal 0 1 0
    outer loop
      vertex 73.15 83 25.15
      vertex 73.15 83 24.85
      vertex 52 83 25.15
    endloop
  endfacet
  facet normal 0 1 0
    outer loop
      vertex 158 83 32
      vertex 150 83 30.6
      vertex 150 83 32
    endloop
  endfacet
  facet normal 0 1 0
    outer loop
      vertex 150 83 30.6
      vertex 150 83 26.4
      vertex 52 83 30.6
    endloop
  endfacet
  facet normal 0 1 0
    outer loop
      vertex 158 83 32
      vertex 150 83 26.4
      vertex 150 83 30.6
    endloop
  endfacet
  facet normal 0 1 0
    outer loop
      vertex 158 83 32
      vertex 150 83 25.15
      vertex 150 83 26.4
    endloop
  endfacet
  facet normal 0 1 0
    outer loop
      vertex 150 83 25.15
      vertex 128.85 83 24.85
      vertex 128.85 83 25.15
    endloop
  endfacet
  facet normal 0 1 -0
    outer loop
      vertex 158 83 7.2
      vertex 150 83 25.15
      vertex 158 83 32
    endloop
  endfacet
  facet normal 0 1 0
    outer loop
      vertex 149.921 83 7.2
      vertex 150 83 25.15
      vertex 158 83 7.2
    endloop
  endfacet
  facet normal 0 1 0
    outer loop
      vertex 150 83 25.15
      vertex 149.921 83 7.2
      vertex 128.85 83 24.85
    endloop
  endfacet
  facet normal 0 1 -0
    outer loop
      vertex 52 83 30.6
      vertex 44 83 32
      vertex 52 83 32
    endloop
  endfacet
  facet normal 0 1 0
    outer loop
      vertex 52 83 26.4
      vertex 52 83 30.6
      vertex 150 83 26.4
    endloop
  endfacet
  facet normal 0 1 -0
    outer loop
      vertex 52 83 26.4
      vertex 44 83 32
      vertex 52 83 30.6
    endloop
  endfacet
  facet normal 0 1 -0
    outer loop
      vertex 52 83 25.15
      vertex 44 83 32
      vertex 52 83 26.4
    endloop
  endfacet
  facet normal 0 1 -0
    outer loop
      vertex 52.0791 83 7.2
      vertex 52 83 25.15
      vertex 73.15 83 24.85
    endloop
  endfacet
  facet normal 0 1 0
    outer loop
      vertex 44 83 7.2
      vertex 52 83 25.15
      vertex 52.0791 83 7.2
    endloop
  endfacet
  facet normal 0 1 0
    outer loop
      vertex 52 83 25.15
      vertex 44 83 7.2
      vertex 44 83 32
    endloop
  endfacet
  facet normal 0 -1 0
    outer loop
      vertex 151 71 1.2
      vertex 149.921 71 7.2
      vertex 51 71 1.2
    endloop
  endfacet
  facet normal 0 -1 0
    outer loop
      vertex 149.921 71 7.2
      vertex 151 71 1.2
      vertex 151 71 4.2
    endloop
  endfacet
  facet normal 0 -1 0
    outer loop
      vertex 51 71 1.2
      vertex 52.0791 71 7.2
      vertex 51 71 4.2
    endloop
  endfacet
  facet normal 0 -1 0
    outer loop
      vertex 45 71 1.2
      vertex 44 71 7.2
      vertex 8 71 1.2
    endloop
  endfacet
  facet normal 0 -1 0
    outer loop
      vertex 44 71 7.2
      vertex 45 71 1.2
      vertex 45 71 4.2
    endloop
  endfacet
  facet normal 0 -1 0
    outer loop
      vertex 8 71 5.2
      vertex 44 71 7.2
      vertex 0 71 7.2
    endloop
  endfacet
  facet normal 0 -1 0
    outer loop
      vertex 8 71 1.2
      vertex 44 71 7.2
      vertex 8 71 5.2
    endloop
  endfacet
  facet normal 0 -1 0
    outer loop
      vertex 51 71 4.2
      vertex 44 71 7.2
      vertex 45 71 4.2
    endloop
  endfacet
  facet normal 0 -1 0
    outer loop
      vertex 44 71 7.2
      vertex 51 71 4.2
      vertex 52.0791 71 7.2
    endloop
  endfacet
  facet normal 0 -1 0
    outer loop
      vertex 8 71 5.2
      vertex 0 71 7.2
      vertex 0 71 5.2
    endloop
  endfacet
  facet normal 0 -1 0
    outer loop
      vertex 149.921 71 7.2
      vertex 194 71 5.2
      vertex 158 71 7.2
    endloop
  endfacet
  facet normal 0 -1 0
    outer loop
      vertex 158 71 7.2
      vertex 194 71 5.2
      vertex 202 71 7.2
    endloop
  endfacet
  facet normal 0 -1 -0
    outer loop
      vertex 202 71 7.2
      vertex 194 71 5.2
      vertex 202 71 5.2
    endloop
  endfacet
  facet normal 0 -1 -0
    outer loop
      vertex 52.0791 71 7.2
      vertex 51 71 1.2
      vertex 149.921 71 7.2
    endloop
  endfacet
  facet normal 0 -1 0
    outer loop
      vertex 157 71 4.2
      vertex 149.921 71 7.2
      vertex 151 71 4.2
    endloop
  endfacet
  facet normal 0 -1 0
    outer loop
      vertex 149.921 71 7.2
      vertex 157 71 4.2
      vertex 194 71 5.2
    endloop
  endfacet
  facet normal 0 -1 0
    outer loop
      vertex 194 71 1.2
      vertex 157 71 4.2
      vertex 157 71 1.2
    endloop
  endfacet
  facet normal 0 -1 0
    outer loop
      vertex 157 71 4.2
      vertex 194 71 1.2
      vertex 194 71 5.2
    endloop
  endfacet
  facet normal 0 -1 0
    outer loop
      vertex 128.85 71 25.15
      vertex 128.85 71 24.85
      vertex 150 71 25.15
    endloop
  endfacet
  facet normal 0 -1 0
    outer loop
      vertex 44 71 32
      vertex 52 71 30.6
      vertex 52 71 32
    endloop
  endfacet
  facet normal 0 -1 0
    outer loop
      vertex 52 71 30.6
      vertex 52 71 26.4
      vertex 150 71 30.6
    endloop
  endfacet
  facet normal 0 -1 0
    outer loop
      vertex 44 71 32
      vertex 52 71 26.4
      vertex 52 71 30.6
    endloop
  endfacet
  facet normal 0 -1 0
    outer loop
      vertex 44 71 32
      vertex 52 71 25.15
      vertex 52 71 26.4
    endloop
  endfacet
  facet normal 0 -1 0
    outer loop
      vertex 52 71 25.15
      vertex 73.15 71 24.85
      vertex 73.15 71 25.15
    endloop
  endfacet
  facet normal 0 -1 0
    outer loop
      vertex 44 71 7.2
      vertex 52 71 25.15
      vertex 44 71 32
    endloop
  endfacet
  facet normal 0 -1 0
    outer loop
      vertex 52.0791 71 7.2
      vertex 52 71 25.15
      vertex 44 71 7.2
    endloop
  endfacet
  facet normal 0 -1 0
    outer loop
      vertex 52 71 25.15
      vertex 52.0791 71 7.2
      vertex 73.15 71 24.85
    endloop
  endfacet
  facet normal 0 -1 0
    outer loop
      vertex 150 71 30.6
      vertex 158 71 32
      vertex 150 71 32
    endloop
  endfacet
  facet normal 0 -1 0
    outer loop
      vertex 150 71 26.4
      vertex 150 71 30.6
      vertex 52 71 26.4
    endloop
  endfacet
  facet normal 0 -1 0
    outer loop
      vertex 150 71 26.4
      vertex 158 71 32
      vertex 150 71 30.6
    endloop
  endfacet
  facet normal 0 -1 0
    outer loop
      vertex 150 71 25.15
      vertex 158 71 32
      vertex 150 71 26.4
    endloop
  endfacet
  facet normal 0 -1 0
    outer loop
      vertex 149.921 71 7.2
      vertex 150 71 25.15
      vertex 128.85 71 24.85
    endloop
  endfacet
  facet normal 0 -1 0
    outer loop
      vertex 158 71 7.2
      vertex 150 71 25.15
      vertex 149.921 71 7.2
    endloop
  endfacet
  facet normal 0 -1 0
    outer loop
      vertex 150 71 25.15
      vertex 158 71 7.2
      vertex 158 71 32
    endloop
  endfacet
  facet normal 1 -0 0
    outer loop
      vertex 158 71 32
      vertex 158 83 7.2
      vertex 158 83 32
    endloop
  endfacet
  facet normal 1 0 0
    outer loop
      vertex 158 83 7.2
      vertex 158 71 32
      vertex 158 71 7.2
    endloop
  endfacet
  facet normal -1 0 0
    outer loop
      vertex 150 83 30.6
      vertex 150 81.6 32
      vertex 150 83 32
    endloop
  endfacet
  facet normal -1 -0 0
    outer loop
      vertex 150 72.4 32
      vertex 150 71 30.6
      vertex 150 71 32
    endloop
  endfacet
  facet normal -1 0 0
    outer loop
      vertex 150 83 25.15
      vertex 150 81.75 25.15
      vertex 150 83 26.4
    endloop
  endfacet
  facet normal -1 0 0
    outer loop
      vertex 150 72.25 25.15
      vertex 150 71 25.15
      vertex 150 71 26.4
    endloop
  endfacet
  facet normal 0 0 -1
    outer loop
      vertex 73.15 72.4 25
      vertex 128.85 81.6 25
      vertex 128.85 72.4 25
    endloop
  endfacet
  facet normal -0 0 -1
    outer loop
      vertex 128.85 81.6 25
      vertex 73.15 72.4 25
      vertex 73.15 81.6 25
    endloop
  endfacet
  facet normal 0 0.707107 -0.707107
    outer loop
      vertex 128.85 81.6 25
      vertex 73.15 81.75 25.15
      vertex 128.85 81.75 25.15
    endloop
  endfacet
  facet normal 0 0.707107 -0.707107
    outer loop
      vertex 73.15 81.75 25.15
      vertex 128.85 81.6 25
      vertex 73.15 81.6 25
    endloop
  endfacet
  facet normal 0 0.707107 -0.707107
    outer loop
      vertex 128.85 81.75 25.15
      vertex 150 83 26.4
      vertex 150 81.75 25.15
    endloop
  endfacet
  facet normal 0 0.707107 -0.707107
    outer loop
      vertex 150 83 26.4
      vertex 128.85 81.75 25.15
      vertex 52 83 26.4
    endloop
  endfacet
  facet normal 0 0.707107 -0.707107
    outer loop
      vertex 73.15 81.75 25.15
      vertex 52 83 26.4
      vertex 128.85 81.75 25.15
    endloop
  endfacet
  facet normal 0 0.707107 -0.707107
    outer loop
      vertex 52 83 26.4
      vertex 73.15 81.75 25.15
      vertex 52 81.75 25.15
    endloop
  endfacet
  facet normal 0 0.707107 0.707107
    outer loop
      vertex 150 83 30.6
      vertex 52 81.6 32
      vertex 150 81.6 32
    endloop
  endfacet
  facet normal 0 0.707107 0.707107
    outer loop
      vertex 52 81.6 32
      vertex 150 83 30.6
      vertex 52 83 30.6
    endloop
  endfacet
  facet normal 0 -0.707107 0.707107
    outer loop
      vertex 52 71 30.6
      vertex 150 72.4 32
      vertex 52 72.4 32
    endloop
  endfacet
  facet normal 0 -0.707107 0.707107
    outer loop
      vertex 150 72.4 32
      vertex 52 71 30.6
      vertex 150 71 30.6
    endloop
  endfacet
  facet normal 0 -0.707107 -0.707107
    outer loop
      vertex 73.15 72.4 25
      vertex 128.85 72.25 25.15
      vertex 73.15 72.25 25.15
    endloop
  endfacet
  facet normal 0 -0.707107 -0.707107
    outer loop
      vertex 128.85 72.25 25.15
      vertex 73.15 72.4 25
      vertex 128.85 72.4 25
    endloop
  endfacet
  facet normal -0 -0.707107 -0.707107
    outer loop
      vertex 73.15 72.25 25.15
      vertex 52 71 26.4
      vertex 52 72.25 25.15
    endloop
  endfacet
  facet normal 0 -0.707107 -0.707107
    outer loop
      vertex 52 71 26.4
      vertex 73.15 72.25 25.15
      vertex 150 71 26.4
    endloop
  endfacet
  facet normal -0 -0.707107 -0.707107
    outer loop
      vertex 128.85 72.25 25.15
      vertex 150 71 26.4
      vertex 73.15 72.25 25.15
    endloop
  endfacet
  facet normal 0 -0.707107 -0.707107
    outer loop
      vertex 150 71 26.4
      vertex 128.85 72.25 25.15
      vertex 150 72.25 25.15
    endloop
  endfacet
  facet normal 1 -0 0
    outer loop
      vertex 73.15 81.75 25.15
      vertex 73.15 83 24.85
      vertex 73.15 83 25.15
    endloop
  endfacet
  facet normal 1 -0 0
    outer loop
      vertex 73.15 81.6 25
      vertex 73.15 83 24.85
      vertex 73.15 81.75 25.15
    endloop
  endfacet
  facet normal 1 -0 0
    outer loop
      vertex 73.15 72.4 25
      vertex 73.15 83 24.85
      vertex 73.15 81.6 25
    endloop
  endfacet
  facet normal 1 0 0
    outer loop
      vertex 73.15 71 24.85
      vertex 73.15 72.25 25.15
      vertex 73.15 71 25.15
    endloop
  endfacet
  facet normal 1 0 0
    outer loop
      vertex 73.15 72.4 25
      vertex 73.15 71 24.85
      vertex 73.15 83 24.85
    endloop
  endfacet
  facet normal 1 0 0
    outer loop
      vertex 73.15 72.25 25.15
      vertex 73.15 71 24.85
      vertex 73.15 72.4 25
    endloop
  endfacet
  facet normal -0 0 1
    outer loop
      vertex 52 72.25 25.15
      vertex 73.15 71 25.15
      vertex 73.15 72.25 25.15
    endloop
  endfacet
  facet normal 0 0 1
    outer loop
      vertex 73.15 71 25.15
      vertex 52 72.25 25.15
      vertex 52 71 25.15
    endloop
  endfacet
  facet normal -0 0 1
    outer loop
      vertex 52 83 25.15
      vertex 73.15 81.75 25.15
      vertex 73.15 83 25.15
    endloop
  endfacet
  facet normal 0 0 1
    outer loop
      vertex 73.15 81.75 25.15
      vertex 52 83 25.15
      vertex 52 81.75 25.15
    endloop
  endfacet
  facet normal 0.642134 0 -0.766592
    outer loop
      vertex 52.0791 71 7.2
      vertex 73.15 83 24.85
      vertex 73.15 71 24.85
    endloop
  endfacet
  facet normal 0.642134 0 -0.766592
    outer loop
      vertex 73.15 83 24.85
      vertex 52.0791 71 7.2
      vertex 52.0791 83 7.2
    endloop
  endfacet
  facet normal -0.642133 0 -0.766594
    outer loop
      vertex 128.85 71 24.85
      vertex 149.921 83 7.2
      vertex 149.921 71 7.2
    endloop
  endfacet
  facet normal -0.642133 0 -0.766594
    outer loop
      vertex 149.921 83 7.2
      vertex 128.85 71 24.85
      vertex 128.85 83 24.85
    endloop
  endfacet
  facet normal -1 0 0
    outer loop
      vertex 128.85 83 24.85
      vertex 128.85 81.75 25.15
      vertex 128.85 83 25.15
    endloop
  endfacet
  facet normal -1 0 0
    outer loop
      vertex 128.85 83 24.85
      vertex 128.85 81.6 25
      vertex 128.85 81.75 25.15
    endloop
  endfacet
  facet normal -1 0 0
    outer loop
      vertex 128.85 83 24.85
      vertex 128.85 72.4 25
      vertex 128.85 81.6 25
    endloop
  endfacet
  facet normal -1 0 0
    outer loop
      vertex 128.85 71 24.85
      vertex 128.85 72.4 25
      vertex 128.85 83 24.85
    endloop
  endfacet
  facet normal -1 0 0
    outer loop
      vertex 128.85 71 24.85
      vertex 128.85 72.25 25.15
      vertex 128.85 72.4 25
    endloop
  endfacet
  facet normal -1 -0 0
    outer loop
      vertex 128.85 72.25 25.15
      vertex 128.85 71 24.85
      vertex 128.85 71 25.15
    endloop
  endfacet
  facet normal -0 0 1
    outer loop
      vertex 128.85 72.25 25.15
      vertex 150 71 25.15
      vertex 150 72.25 25.15
    endloop
  endfacet
  facet normal 0 0 1
    outer loop
      vertex 150 71 25.15
      vertex 128.85 72.25 25.15
      vertex 128.85 71 25.15
    endloop
  endfacet
  facet normal -0 0 1
    outer loop
      vertex 128.85 83 25.15
      vertex 150 81.75 25.15
      vertex 150 83 25.15
    endloop
  endfacet
  facet normal 0 0 1
    outer loop
      vertex 150 81.75 25.15
      vertex 128.85 83 25.15
      vertex 128.85 81.75 25.15
    endloop
  endfacet
  facet normal 0 0 1
    outer loop
      vertex 12 130 1.2
      vertex 45 137 1.2
      vertex 12 137 1.2
    endloop
  endfacet
  facet normal 0 0 1
    outer loop
      vertex 45 137 1.2
      vertex 12 130 1.2
      vertex 45 83 1.2
    endloop
  endfacet
  facet normal 0 0 1
    outer loop
      vertex 8 83 1.2
      vertex 12 130 1.2
      vertex 8 130 1.2
    endloop
  endfacet
  facet normal 0 0 1
    outer loop
      vertex 12 130 1.2
      vertex 8 83 1.2
      vertex 45 83 1.2
    endloop
  endfacet
  facet normal 0 0 1
    outer loop
      vertex 190 137 1.2
      vertex 157 137 1.2
      vertex 190 130 1.2
    endloop
  endfacet
  facet normal -0 0 1
    outer loop
      vertex 190 130 1.2
      vertex 194 83 1.2
      vertex 194 130 1.2
    endloop
  endfacet
  facet normal 0 0 1
    outer loop
      vertex 157 83 1.2
      vertex 190 130 1.2
      vertex 157 137 1.2
    endloop
  endfacet
  facet normal 0 0 1
    outer loop
      vertex 190 130 1.2
      vertex 157 83 1.2
      vertex 194 83 1.2
    endloop
  endfacet
  facet normal 0 0 1
    outer loop
      vertex 45 71 1.2
      vertex 12 24 1.2
      vertex 45 17 1.2
    endloop
  endfacet
  facet normal -0 0 1
    outer loop
      vertex 8 71 1.2
      vertex 12 24 1.2
      vertex 45 71 1.2
    endloop
  endfacet
  facet normal 0 0 1
    outer loop
      vertex 12 24 1.2
      vertex 8 71 1.2
      vertex 8 24 1.2
    endloop
  endfacet
  facet normal 0 0 1
    outer loop
      vertex 45 17 1.2
      vertex 12 24 1.2
      vertex 12 17 1.2
    endloop
  endfacet
  facet normal 0 0 1
    outer loop
      vertex 194 71 1.2
      vertex 190 24 1.2
      vertex 194 24 1.2
    endloop
  endfacet
  facet normal -0 0 1
    outer loop
      vertex 157 71 1.2
      vertex 190 24 1.2
      vertex 194 71 1.2
    endloop
  endfacet
  facet normal 0 0 1
    outer loop
      vertex 157 17 1.2
      vertex 190 24 1.2
      vertex 157 71 1.2
    endloop
  endfacet
  facet normal 0 0 1
    outer loop
      vertex 190 24 1.2
      vertex 157 17 1.2
      vertex 190 17 1.2
    endloop
  endfacet
  facet normal -0 0 1
    outer loop
      vertex 51 137 1.2
      vertex 151 83 1.2
      vertex 151 137 1.2
    endloop
  endfacet
  facet normal 0 0 1
    outer loop
      vertex 151 83 1.2
      vertex 51 137 1.2
      vertex 51 83 1.2
    endloop
  endfacet
  facet normal -0 0 1
    outer loop
      vertex 51 71 1.2
      vertex 151 17 1.2
      vertex 151 71 1.2
    endloop
  endfacet
  facet normal 0 0 1
    outer loop
      vertex 151 17 1.2
      vertex 51 71 1.2
      vertex 51 17 1.2
    endloop
  endfacet
  facet normal -0 0 1
    outer loop
      vertex 12 9 1.2
      vertex 190 8 1.2
      vertex 190 9 1.2
    endloop
  endfacet
  facet normal 0 0 1
    outer loop
      vertex 190 8 1.2
      vertex 12 9 1.2
      vertex 12 8 1.2
    endloop
  endfacet
  facet normal -0 0 1
    outer loop
      vertex 12 146 1.2
      vertex 190 145 1.2
      vertex 190 146 1.2
    endloop
  endfacet
  facet normal 0 0 1
    outer loop
      vertex 190 145 1.2
      vertex 12 146 1.2
      vertex 12 145 1.2
    endloop
  endfacet
  facet normal -0 0 1
    outer loop
      vertex 0 83 7.2
      vertex 44 71 7.2
      vertex 44 83 7.2
    endloop
  endfacet
  facet normal 0 0 1
    outer loop
      vertex 44 71 7.2
      vertex 0 83 7.2
      vertex 0 71 7.2
    endloop
  endfacet
  facet normal -0 0 1
    outer loop
      vertex 158 83 7.2
      vertex 202 71 7.2
      vertex 202 83 7.2
    endloop
  endfacet
  facet normal 0 0 1
    outer loop
      vertex 202 71 7.2
      vertex 158 83 7.2
      vertex 158 71 7.2
    endloop
  endfacet
  facet normal -0 0 1
    outer loop
      vertex 52.0791 83 7.2
      vertex 149.921 71 7.2
      vertex 149.921 83 7.2
    endloop
  endfacet
  facet normal 0 0 1
    outer loop
      vertex 149.921 71 7.2
      vertex 52.0791 83 7.2
      vertex 52.0791 71 7.2
    endloop
  endfacet
  facet normal 0.921426 0 -0.388554
    outer loop
      vertex 3.45 5.85 0.799999
      vertex 3.11265 20.4873 0
      vertex 3.45 20.15 0.799999
    endloop
  endfacet
  facet normal 0.921426 0 -0.388554
    outer loop
      vertex 3.11265 20.4873 0
      vertex 3.45 5.85 0.799999
      vertex 3.11265 5.51265 0
    endloop
  endfacet
  facet normal 0 0.921426 -0.388554
    outer loop
      vertex 8.88735 5.51265 0
      vertex 3.45 5.85 0.799999
      vertex 8.55 5.85 0.799999
    endloop
  endfacet
  facet normal 0 0.921426 -0.388554
    outer loop
      vertex 3.45 5.85 0.799999
      vertex 8.88735 5.51265 0
      vertex 3.11265 5.51265 0
    endloop
  endfacet
  facet normal 0 -0.921446 -0.388505
    outer loop
      vertex 3.11265 20.4873 0
      vertex 8.55 20.15 0.799999
      vertex 3.45 20.15 0.799999
    endloop
  endfacet
  facet normal 0 -0.921446 -0.388505
    outer loop
      vertex 8.55 20.15 0.799999
      vertex 3.11265 20.4873 0
      vertex 8.88735 20.4873 0
    endloop
  endfacet
  facet normal -0.921426 0 -0.388554
    outer loop
      vertex 8.88735 20.4873 0
      vertex 8.55 5.85 0.799999
      vertex 8.55 20.15 0.799999
    endloop
  endfacet
  facet normal -0.921426 0 -0.388554
    outer loop
      vertex 8.55 5.85 0.799999
      vertex 8.88735 20.4873 0
      vertex 8.88735 5.51265 0
    endloop
  endfacet
  facet normal -1 0 0
    outer loop
      vertex 8.55 17.15 5.1
      vertex 8.55 20.15 0.799999
      vertex 8.55 17.15 1.9
    endloop
  endfacet
  facet normal -1 0 0
    outer loop
      vertex 8.55 20.15 0.799999
      vertex 8.55 8.85 1.9
      vertex 8.55 17.15 1.9
    endloop
  endfacet
  facet normal -1 -0 0
    outer loop
      vertex 8.55 8.85 1.9
      vertex 8.55 5.85 0.799999
      vertex 8.55 8.85 5.1
    endloop
  endfacet
  facet normal -1 0 0
    outer loop
      vertex 8.55 5.85 0.799999
      vertex 8.55 8.85 1.9
      vertex 8.55 20.15 0.799999
    endloop
  endfacet
  facet normal -1 0 0
    outer loop
      vertex 8.55 20.15 0.799999
      vertex 8.55 17.15 5.1
      vertex 8.55 20.15 8
    endloop
  endfacet
  facet normal -1 0 0
    outer loop
      vertex 8.55 8.85 5.1
      vertex 8.55 20.15 8
      vertex 8.55 17.15 5.1
    endloop
  endfacet
  facet normal -1 0 0
    outer loop
      vertex 8.55 8.85 5.1
      vertex 8.55 5.85 8
      vertex 8.55 20.15 8
    endloop
  endfacet
  facet normal -1 0 0
    outer loop
      vertex 8.55 5.85 8
      vertex 8.55 8.85 5.1
      vertex 8.55 5.85 0.799999
    endloop
  endfacet
  facet normal 1 0 0
    outer loop
      vertex 3.45 20.15 8
      vertex 3.45 17.15 5.1
      vertex 3.45 20.15 0.799999
    endloop
  endfacet
  facet normal 1 0 0
    outer loop
      vertex 3.45 20.15 8
      vertex 3.45 8.85 5.1
      vertex 3.45 17.15 5.1
    endloop
  endfacet
  facet normal 1 0 0
    outer loop
      vertex 3.45 5.85 0.799999
      vertex 3.45 8.85 5.1
      vertex 3.45 5.85 8
    endloop
  endfacet
  facet normal 1 -0 0
    outer loop
      vertex 3.45 5.85 8
      vertex 3.45 8.85 5.1
      vertex 3.45 20.15 8
    endloop
  endfacet
  facet normal 1 -0 0
    outer loop
      vertex 3.45 17.15 1.9
      vertex 3.45 20.15 0.799999
      vertex 3.45 17.15 5.1
    endloop
  endfacet
  facet normal 1 -0 0
    outer loop
      vertex 3.45 8.85 1.9
      vertex 3.45 20.15 0.799999
      vertex 3.45 17.15 1.9
    endloop
  endfacet
  facet normal 1 0 0
    outer loop
      vertex 3.45 8.85 1.9
      vertex 3.45 5.85 0.799999
      vertex 3.45 20.15 0.799999
    endloop
  endfacet
  facet normal 1 0 0
    outer loop
      vertex 3.45 8.85 5.1
      vertex 3.45 5.85 0.799999
      vertex 3.45 8.85 1.9
    endloop
  endfacet
  facet normal 0 -1 0
    outer loop
      vertex 3.45 20.15 0.799999
      vertex 8.55 20.15 8
      vertex 3.45 20.15 8
    endloop
  endfacet
  facet normal 0 -1 -0
    outer loop
      vertex 8.55 20.15 8
      vertex 3.45 20.15 0.799999
      vertex 8.55 20.15 0.799999
    endloop
  endfacet
  facet normal 0 1 -0
    outer loop
      vertex 8.55 5.85 0.799999
      vertex 3.45 5.85 8
      vertex 8.55 5.85 8
    endloop
  endfacet
  facet normal 0 1 0
    outer loop
      vertex 3.45 5.85 8
      vertex 8.55 5.85 0.799999
      vertex 3.45 5.85 0.799999
    endloop
  endfacet
  facet normal 0.921426 0 -0.388554
    outer loop
      vertex 3.3 133.7 0.799999
      vertex 2.96265 148.637 0
      vertex 3.3 148.3 0.799999
    endloop
  endfacet
  facet normal 0.921426 0 -0.388554
    outer loop
      vertex 2.96265 148.637 0
      vertex 3.3 133.7 0.799999
      vertex 2.96265 133.363 0
    endloop
  endfacet
  facet normal 0 0.92157 -0.388212
    outer loop
      vertex 9.03735 133.363 0
      vertex 3.3 133.7 0.799999
      vertex 8.7 133.7 0.799999
    endloop
  endfacet
  facet normal 0 0.92157 -0.388212
    outer loop
      vertex 3.3 133.7 0.799999
      vertex 9.03735 133.363 0
      vertex 2.96265 133.363 0
    endloop
  endfacet
  facet normal 0 -0.92157 -0.388212
    outer loop
      vertex 2.96265 148.637 0
      vertex 8.7 148.3 0.799999
      vertex 3.3 148.3 0.799999
    endloop
  endfacet
  facet normal 0 -0.92157 -0.388212
    outer loop
      vertex 8.7 148.3 0.799999
      vertex 2.96265 148.637 0
      vertex 9.03735 148.637 0
    endloop
  endfacet
  facet normal -0.921426 0 -0.388554
    outer loop
      vertex 9.03735 148.637 0
      vertex 8.7 133.7 0.799999
      vertex 8.7 148.3 0.799999
    endloop
  endfacet
  facet normal -0.921426 0 -0.388554
    outer loop
      vertex 8.7 133.7 0.799999
      vertex 9.03735 148.637 0
      vertex 9.03735 133.363 0
    endloop
  endfacet
  facet normal -1 0 0
    outer loop
      vertex 8.7 145.15 5.1
      vertex 8.7 148.3 0.799999
      vertex 8.7 145.15 1.9
    endloop
  endfacet
  facet normal -1 0 0
    outer loop
      vertex 8.7 148.3 0.799999
      vertex 8.7 136.85 1.9
      vertex 8.7 145.15 1.9
    endloop
  endfacet
  facet normal -1 -0 0
    outer loop
      vertex 8.7 136.85 1.9
      vertex 8.7 133.7 0.799999
      vertex 8.7 136.85 5.1
    endloop
  endfacet
  facet normal -1 0 0
    outer loop
      vertex 8.7 133.7 0.799999
      vertex 8.7 136.85 1.9
      vertex 8.7 148.3 0.799999
    endloop
  endfacet
  facet normal -1 0 0
    outer loop
      vertex 8.7 148.3 0.799999
      vertex 8.7 145.15 5.1
      vertex 8.7 148.3 8
    endloop
  endfacet
  facet normal -1 0 0
    outer loop
      vertex 8.7 136.85 5.1
      vertex 8.7 148.3 8
      vertex 8.7 145.15 5.1
    endloop
  endfacet
  facet normal -1 0 0
    outer loop
      vertex 8.7 136.85 5.1
      vertex 8.7 133.7 8
      vertex 8.7 148.3 8
    endloop
  endfacet
  facet normal -1 0 0
    outer loop
      vertex 8.7 133.7 8
      vertex 8.7 136.85 5.1
      vertex 8.7 133.7 0.799999
    endloop
  endfacet
  facet normal 1 0 0
    outer loop
      vertex 3.3 148.3 8
      vertex 3.3 145.15 5.1
      vertex 3.3 148.3 0.799999
    endloop
  endfacet
  facet normal 1 0 0
    outer loop
      vertex 3.3 148.3 8
      vertex 3.3 136.85 5.1
      vertex 3.3 145.15 5.1
    endloop
  endfacet
  facet normal 1 0 0
    outer loop
      vertex 3.3 133.7 0.799999
      vertex 3.3 136.85 5.1
      vertex 3.3 133.7 8
    endloop
  endfacet
  facet normal 1 -0 0
    outer loop
      vertex 3.3 133.7 8
      vertex 3.3 136.85 5.1
      vertex 3.3 148.3 8
    endloop
  endfacet
  facet normal 1 -0 0
    outer loop
      vertex 3.3 145.15 1.9
      vertex 3.3 148.3 0.799999
      vertex 3.3 145.15 5.1
    endloop
  endfacet
  facet normal 1 -0 0
    outer loop
      vertex 3.3 136.85 1.9
      vertex 3.3 148.3 0.799999
      vertex 3.3 145.15 1.9
    endloop
  endfacet
  facet normal 1 0 0
    outer loop
      vertex 3.3 136.85 1.9
      vertex 3.3 133.7 0.799999
      vertex 3.3 148.3 0.799999
    endloop
  endfacet
  facet normal 1 0 0
    outer loop
      vertex 3.3 136.85 5.1
      vertex 3.3 133.7 0.799999
      vertex 3.3 136.85 1.9
    endloop
  endfacet
  facet normal 0 -1 0
    outer loop
      vertex 3.3 148.3 0.799999
      vertex 8.7 148.3 8
      vertex 3.3 148.3 8
    endloop
  endfacet
  facet normal 0 -1 -0
    outer loop
      vertex 8.7 148.3 8
      vertex 3.3 148.3 0.799999
      vertex 8.7 148.3 0.799999
    endloop
  endfacet
  facet normal 0 1 -0
    outer loop
      vertex 8.7 133.7 0.799999
      vertex 3.3 133.7 8
      vertex 8.7 133.7 8
    endloop
  endfacet
  facet normal 0 1 0
    outer loop
      vertex 3.3 133.7 8
      vertex 8.7 133.7 0.799999
      vertex 3.3 133.7 0.799999
    endloop
  endfacet
  facet normal -1 0 0
    outer loop
      vertex 12.1 9 1.9
      vertex 12.1 17 5.1
      vertex 12.1 17 1.9
    endloop
  endfacet
  facet normal -1 -0 0
    outer loop
      vertex 12.1 17 5.1
      vertex 12.1 9 1.9
      vertex 12.1 9 5.1
    endloop
  endfacet
  facet normal 0 0 -1
    outer loop
      vertex 0 8.85 5.1
      vertex 3.45 17.15 5.1
      vertex 3.45 8.85 5.1
    endloop
  endfacet
  facet normal -0 0 -1
    outer loop
      vertex 3.45 17.15 5.1
      vertex 0 8.85 5.1
      vertex 0 17.15 5.1
    endloop
  endfacet
  facet normal 0 0 -1
    outer loop
      vertex 8.55 8.85 5.1
      vertex 12 9 5.1
      vertex 12 8.85 5.1
    endloop
  endfacet
  facet normal -0 0 -1
    outer loop
      vertex 12 9 5.1
      vertex 8.55 8.85 5.1
      vertex 12 17 5.1
    endloop
  endfacet
  facet normal 0 0 -1
    outer loop
      vertex 8.55 17.15 5.1
      vertex 12 17 5.1
      vertex 8.55 8.85 5.1
    endloop
  endfacet
  facet normal 0 0 -1
    outer loop
      vertex 12 17 5.1
      vertex 8.55 17.15 5.1
      vertex 12 17.15 5.1
    endloop
  endfacet
  facet normal 0 0 -1
    outer loop
      vertex 12 9 5.1
      vertex 12.1 17 5.1
      vertex 12.1 9 5.1
    endloop
  endfacet
  facet normal -0 0 -1
    outer loop
      vertex 12.1 17 5.1
      vertex 12 9 5.1
      vertex 12 17 5.1
    endloop
  endfacet
  facet normal -0 0 1
    outer loop
      vertex 0 17.15 1.9
      vertex 3.45 8.85 1.9
      vertex 3.45 17.15 1.9
    endloop
  endfacet
  facet normal 0 0 1
    outer loop
      vertex 3.45 8.85 1.9
      vertex 0 17.15 1.9
      vertex 0 8.85 1.9
    endloop
  endfacet
  facet normal -0 0 1
    outer loop
      vertex 8.55 17.15 1.9
      vertex 12 17 1.9
      vertex 12 17.15 1.9
    endloop
  endfacet
  facet normal 0 0 1
    outer loop
      vertex 12 17 1.9
      vertex 8.55 17.15 1.9
      vertex 12 9 1.9
    endloop
  endfacet
  facet normal 0 0 1
    outer loop
      vertex 8.55 8.85 1.9
      vertex 12 9 1.9
      vertex 8.55 17.15 1.9
    endloop
  endfacet
  facet normal 0 0 1
    outer loop
      vertex 12 9 1.9
      vertex 8.55 8.85 1.9
      vertex 12 8.85 1.9
    endloop
  endfacet
  facet normal -0 0 1
    outer loop
      vertex 12 17 1.9
      vertex 12.1 9 1.9
      vertex 12.1 17 1.9
    endloop
  endfacet
  facet normal 0 0 1
    outer loop
      vertex 12.1 9 1.9
      vertex 12 17 1.9
      vertex 12 9 1.9
    endloop
  endfacet
  facet normal 0 -1 0
    outer loop
      vertex 0 17.15 1.9
      vertex 3.45 17.15 5.1
      vertex 0 17.15 5.1
    endloop
  endfacet
  facet normal 0 -1 -0
    outer loop
      vertex 3.45 17.15 5.1
      vertex 0 17.15 1.9
      vertex 3.45 17.15 1.9
    endloop
  endfacet
  facet normal 0 -1 0
    outer loop
      vertex 8.55 17.15 1.9
      vertex 12 17.15 5.1
      vertex 8.55 17.15 5.1
    endloop
  endfacet
  facet normal 0 -1 -0
    outer loop
      vertex 12 17.15 5.1
      vertex 8.55 17.15 1.9
      vertex 12 17.15 1.9
    endloop
  endfacet
  facet normal 0 1 -0
    outer loop
      vertex 3.45 8.85 1.9
      vertex 0 8.85 5.1
      vertex 3.45 8.85 5.1
    endloop
  endfacet
  facet normal 0 1 0
    outer loop
      vertex 0 8.85 5.1
      vertex 3.45 8.85 1.9
      vertex 0 8.85 1.9
    endloop
  endfacet
  facet normal 0 1 -0
    outer loop
      vertex 12 8.85 1.9
      vertex 8.55 8.85 5.1
      vertex 12 8.85 5.1
    endloop
  endfacet
  facet normal 0 1 0
    outer loop
      vertex 8.55 8.85 5.1
      vertex 12 8.85 1.9
      vertex 8.55 8.85 1.9
    endloop
  endfacet
  facet normal -1 0 0
    outer loop
      vertex 12.1 137 1.9
      vertex 12.1 145 5.1
      vertex 12.1 145 1.9
    endloop
  endfacet
  facet normal -1 -0 0
    outer loop
      vertex 12.1 145 5.1
      vertex 12.1 137 1.9
      vertex 12.1 137 5.1
    endloop
  endfacet
  facet normal 0 0 -1
    outer loop
      vertex 0 136.85 5.1
      vertex 3.3 145.15 5.1
      vertex 3.3 136.85 5.1
    endloop
  endfacet
  facet normal -0 0 -1
    outer loop
      vertex 3.3 145.15 5.1
      vertex 0 136.85 5.1
      vertex 0 145.15 5.1
    endloop
  endfacet
  facet normal 0 0 -1
    outer loop
      vertex 8.7 136.85 5.1
      vertex 12 137 5.1
      vertex 12 136.85 5.1
    endloop
  endfacet
  facet normal -0 0 -1
    outer loop
      vertex 12 137 5.1
      vertex 8.7 136.85 5.1
      vertex 12 145 5.1
    endloop
  endfacet
  facet normal 0 0 -1
    outer loop
      vertex 8.7 145.15 5.1
      vertex 12 145 5.1
      vertex 8.7 136.85 5.1
    endloop
  endfacet
  facet normal 0 0 -1
    outer loop
      vertex 12 145 5.1
      vertex 8.7 145.15 5.1
      vertex 12 145.15 5.1
    endloop
  endfacet
  facet normal 0 0 -1
    outer loop
      vertex 12 137 5.1
      vertex 12.1 145 5.1
      vertex 12.1 137 5.1
    endloop
  endfacet
  facet normal -0 0 -1
    outer loop
      vertex 12.1 145 5.1
      vertex 12 137 5.1
      vertex 12 145 5.1
    endloop
  endfacet
  facet normal -0 0 1
    outer loop
      vertex 0 145.15 1.9
      vertex 3.3 136.85 1.9
      vertex 3.3 145.15 1.9
    endloop
  endfacet
  facet normal 0 0 1
    outer loop
      vertex 3.3 136.85 1.9
      vertex 0 145.15 1.9
      vertex 0 136.85 1.9
    endloop
  endfacet
  facet normal -0 0 1
    outer loop
      vertex 8.7 145.15 1.9
      vertex 12 145 1.9
      vertex 12 145.15 1.9
    endloop
  endfacet
  facet normal 0 0 1
    outer loop
      vertex 12 145 1.9
      vertex 8.7 145.15 1.9
      vertex 12 137 1.9
    endloop
  endfacet
  facet normal 0 0 1
    outer loop
      vertex 8.7 136.85 1.9
      vertex 12 137 1.9
      vertex 8.7 145.15 1.9
    endloop
  endfacet
  facet normal 0 0 1
    outer loop
      vertex 12 137 1.9
      vertex 8.7 136.85 1.9
      vertex 12 136.85 1.9
    endloop
  endfacet
  facet normal -0 0 1
    outer loop
      vertex 12 145 1.9
      vertex 12.1 137 1.9
      vertex 12.1 145 1.9
    endloop
  endfacet
  facet normal 0 0 1
    outer loop
      vertex 12.1 137 1.9
      vertex 12 145 1.9
      vertex 12 137 1.9
    endloop
  endfacet
  facet normal 0 -1 0
    outer loop
      vertex 0 145.15 1.9
      vertex 3.3 145.15 5.1
      vertex 0 145.15 5.1
    endloop
  endfacet
  facet normal 0 -1 -0
    outer loop
      vertex 3.3 145.15 5.1
      vertex 0 145.15 1.9
      vertex 3.3 145.15 1.9
    endloop
  endfacet
  facet normal 0 -1 0
    outer loop
      vertex 8.7 145.15 1.9
      vertex 12 145.15 5.1
      vertex 8.7 145.15 5.1
    endloop
  endfacet
  facet normal 0 -1 -0
    outer loop
      vertex 12 145.15 5.1
      vertex 8.7 145.15 1.9
      vertex 12 145.15 1.9
    endloop
  endfacet
  facet normal 0 1 -0
    outer loop
      vertex 3.3 136.85 1.9
      vertex 0 136.85 5.1
      vertex 3.3 136.85 5.1
    endloop
  endfacet
  facet normal 0 1 0
    outer loop
      vertex 0 136.85 5.1
      vertex 3.3 136.85 1.9
      vertex 0 136.85 1.9
    endloop
  endfacet
  facet normal 0 1 -0
    outer loop
      vertex 12 136.85 1.9
      vertex 8.7 136.85 5.1
      vertex 12 136.85 5.1
    endloop
  endfacet
  facet normal 0 1 0
    outer loop
      vertex 8.7 136.85 5.1
      vertex 12 136.85 1.9
      vertex 8.7 136.85 1.9
    endloop
  endfacet
  facet normal 0.92157 0 -0.388212
    outer loop
      vertex 193.3 5.7 0.799999
      vertex 192.963 20.6373 0
      vertex 193.3 20.3 0.799999
    endloop
  endfacet
  facet normal 0.92157 0 -0.388212
    outer loop
      vertex 192.963 20.6373 0
      vertex 193.3 5.7 0.799999
      vertex 192.963 5.36265 0
    endloop
  endfacet
  facet normal 0 0.921426 -0.388554
    outer loop
      vertex 199.037 5.36265 0
      vertex 193.3 5.7 0.799999
      vertex 198.7 5.7 0.799999
    endloop
  endfacet
  facet normal 0 0.921426 -0.388554
    outer loop
      vertex 193.3 5.7 0.799999
      vertex 199.037 5.36265 0
      vertex 192.963 5.36265 0
    endloop
  endfacet
  facet normal 0 -0.921446 -0.388505
    outer loop
      vertex 192.963 20.6373 0
      vertex 198.7 20.3 0.799999
      vertex 193.3 20.3 0.799999
    endloop
  endfacet
  facet normal 0 -0.921446 -0.388505
    outer loop
      vertex 198.7 20.3 0.799999
      vertex 192.963 20.6373 0
      vertex 199.037 20.6373 0
    endloop
  endfacet
  facet normal -0.92157 0 -0.388212
    outer loop
      vertex 199.037 20.6373 0
      vertex 198.7 5.7 0.799999
      vertex 198.7 20.3 0.799999
    endloop
  endfacet
  facet normal -0.92157 0 -0.388212
    outer loop
      vertex 198.7 5.7 0.799999
      vertex 199.037 20.6373 0
      vertex 199.037 5.36265 0
    endloop
  endfacet
  facet normal -1 0 0
    outer loop
      vertex 198.7 17.15 5.1
      vertex 198.7 20.3 0.799999
      vertex 198.7 17.15 1.9
    endloop
  endfacet
  facet normal -1 0 0
    outer loop
      vertex 198.7 20.3 0.799999
      vertex 198.7 8.85 1.9
      vertex 198.7 17.15 1.9
    endloop
  endfacet
  facet normal -1 -0 0
    outer loop
      vertex 198.7 8.85 1.9
      vertex 198.7 5.7 0.799999
      vertex 198.7 8.85 5.1
    endloop
  endfacet
  facet normal -1 0 0
    outer loop
      vertex 198.7 5.7 0.799999
      vertex 198.7 8.85 1.9
      vertex 198.7 20.3 0.799999
    endloop
  endfacet
  facet normal -1 0 0
    outer loop
      vertex 198.7 20.3 0.799999
      vertex 198.7 17.15 5.1
      vertex 198.7 20.3 8
    endloop
  endfacet
  facet normal -1 0 0
    outer loop
      vertex 198.7 8.85 5.1
      vertex 198.7 20.3 8
      vertex 198.7 17.15 5.1
    endloop
  endfacet
  facet normal -1 0 0
    outer loop
      vertex 198.7 8.85 5.1
      vertex 198.7 5.7 8
      vertex 198.7 20.3 8
    endloop
  endfacet
  facet normal -1 0 0
    outer loop
      vertex 198.7 5.7 8
      vertex 198.7 8.85 5.1
      vertex 198.7 5.7 0.799999
    endloop
  endfacet
  facet normal 1 0 0
    outer loop
      vertex 193.3 20.3 8
      vertex 193.3 17.15 5.1
      vertex 193.3 20.3 0.799999
    endloop
  endfacet
  facet normal 1 0 0
    outer loop
      vertex 193.3 20.3 8
      vertex 193.3 8.85 5.1
      vertex 193.3 17.15 5.1
    endloop
  endfacet
  facet normal 1 0 0
    outer loop
      vertex 193.3 5.7 0.799999
      vertex 193.3 8.85 5.1
      vertex 193.3 5.7 8
    endloop
  endfacet
  facet normal 1 -0 0
    outer loop
      vertex 193.3 5.7 8
      vertex 193.3 8.85 5.1
      vertex 193.3 20.3 8
    endloop
  endfacet
  facet normal 1 -0 0
    outer loop
      vertex 193.3 17.15 1.9
      vertex 193.3 20.3 0.799999
      vertex 193.3 17.15 5.1
    endloop
  endfacet
  facet normal 1 -0 0
    outer loop
      vertex 193.3 8.85 1.9
      vertex 193.3 20.3 0.799999
      vertex 193.3 17.15 1.9
    endloop
  endfacet
  facet normal 1 0 0
    outer loop
      vertex 193.3 8.85 1.9
      vertex 193.3 5.7 0.799999
      vertex 193.3 20.3 0.799999
    endloop
  endfacet
  facet normal 1 0 0
    outer loop
      vertex 193.3 8.85 5.1
      vertex 193.3 5.7 0.799999
      vertex 193.3 8.85 1.9
    endloop
  endfacet
  facet normal 0 -1 0
    outer loop
      vertex 193.3 20.3 0.799999
      vertex 198.7 20.3 8
      vertex 193.3 20.3 8
    endloop
  endfacet
  facet normal 0 -1 -0
    outer loop
      vertex 198.7 20.3 8
      vertex 193.3 20.3 0.799999
      vertex 198.7 20.3 0.799999
    endloop
  endfacet
  facet normal 0 1 -0
    outer loop
      vertex 198.7 5.7 0.799999
      vertex 193.3 5.7 8
      vertex 198.7 5.7 8
    endloop
  endfacet
  facet normal 0 1 0
    outer loop
      vertex 193.3 5.7 8
      vertex 198.7 5.7 0.799999
      vertex 193.3 5.7 0.799999
    endloop
  endfacet
  facet normal 0.92157 0 -0.388212
    outer loop
      vertex 193.45 133.85 0.799999
      vertex 193.113 148.487 0
      vertex 193.45 148.15 0.799999
    endloop
  endfacet
  facet normal 0.92157 0 -0.388212
    outer loop
      vertex 193.113 148.487 0
      vertex 193.45 133.85 0.799999
      vertex 193.113 133.513 0
    endloop
  endfacet
  facet normal 0 0.92157 -0.388212
    outer loop
      vertex 198.887 133.513 0
      vertex 193.45 133.85 0.799999
      vertex 198.55 133.85 0.799999
    endloop
  endfacet
  facet normal 0 0.92157 -0.388212
    outer loop
      vertex 193.45 133.85 0.799999
      vertex 198.887 133.513 0
      vertex 193.113 133.513 0
    endloop
  endfacet
  facet normal 0 -0.92157 -0.388212
    outer loop
      vertex 193.113 148.487 0
      vertex 198.55 148.15 0.799999
      vertex 193.45 148.15 0.799999
    endloop
  endfacet
  facet normal 0 -0.92157 -0.388212
    outer loop
      vertex 198.55 148.15 0.799999
      vertex 193.113 148.487 0
      vertex 198.887 148.487 0
    endloop
  endfacet
  facet normal -0.92157 0 -0.388212
    outer loop
      vertex 198.887 148.487 0
      vertex 198.55 133.85 0.799999
      vertex 198.55 148.15 0.799999
    endloop
  endfacet
  facet normal -0.92157 0 -0.388212
    outer loop
      vertex 198.55 133.85 0.799999
      vertex 198.887 148.487 0
      vertex 198.887 133.513 0
    endloop
  endfacet
  facet normal -1 0 0
    outer loop
      vertex 198.55 145.15 5.1
      vertex 198.55 148.15 0.799999
      vertex 198.55 145.15 1.9
    endloop
  endfacet
  facet normal -1 0 0
    outer loop
      vertex 198.55 148.15 0.799999
      vertex 198.55 136.85 1.9
      vertex 198.55 145.15 1.9
    endloop
  endfacet
  facet normal -1 -0 0
    outer loop
      vertex 198.55 136.85 1.9
      vertex 198.55 133.85 0.799999
      vertex 198.55 136.85 5.1
    endloop
  endfacet
  facet normal -1 0 0
    outer loop
      vertex 198.55 133.85 0.799999
      vertex 198.55 136.85 1.9
      vertex 198.55 148.15 0.799999
    endloop
  endfacet
  facet normal -1 0 0
    outer loop
      vertex 198.55 148.15 0.799999
      vertex 198.55 145.15 5.1
      vertex 198.55 148.15 8
    endloop
  endfacet
  facet normal -1 0 0
    outer loop
      vertex 198.55 136.85 5.1
      vertex 198.55 148.15 8
      vertex 198.55 145.15 5.1
    endloop
  endfacet
  facet normal -1 0 0
    outer loop
      vertex 198.55 136.85 5.1
      vertex 198.55 133.85 8
      vertex 198.55 148.15 8
    endloop
  endfacet
  facet normal -1 0 0
    outer loop
      vertex 198.55 133.85 8
      vertex 198.55 136.85 5.1
      vertex 198.55 133.85 0.799999
    endloop
  endfacet
  facet normal 1 0 0
    outer loop
      vertex 193.45 148.15 8
      vertex 193.45 145.15 5.1
      vertex 193.45 148.15 0.799999
    endloop
  endfacet
  facet normal 1 0 0
    outer loop
      vertex 193.45 148.15 8
      vertex 193.45 136.85 5.1
      vertex 193.45 145.15 5.1
    endloop
  endfacet
  facet normal 1 0 0
    outer loop
      vertex 193.45 133.85 0.799999
      vertex 193.45 136.85 5.1
      vertex 193.45 133.85 8
    endloop
  endfacet
  facet normal 1 -0 0
    outer loop
      vertex 193.45 133.85 8
      vertex 193.45 136.85 5.1
      vertex 193.45 148.15 8
    endloop
  endfacet
  facet normal 1 -0 0
    outer loop
      vertex 193.45 145.15 1.9
      vertex 193.45 148.15 0.799999
      vertex 193.45 145.15 5.1
    endloop
  endfacet
  facet normal 1 -0 0
    outer loop
      vertex 193.45 136.85 1.9
      vertex 193.45 148.15 0.799999
      vertex 193.45 145.15 1.9
    endloop
  endfacet
  facet normal 1 0 0
    outer loop
      vertex 193.45 136.85 1.9
      vertex 193.45 133.85 0.799999
      vertex 193.45 148.15 0.799999
    endloop
  endfacet
  facet normal 1 0 0
    outer loop
      vertex 193.45 136.85 5.1
      vertex 193.45 133.85 0.799999
      vertex 193.45 136.85 1.9
    endloop
  endfacet
  facet normal 0 -1 0
    outer loop
      vertex 193.45 148.15 0.799999
      vertex 198.55 148.15 8
      vertex 193.45 148.15 8
    endloop
  endfacet
  facet normal 0 -1 -0
    outer loop
      vertex 198.55 148.15 8
      vertex 193.45 148.15 0.799999
      vertex 198.55 148.15 0.799999
    endloop
  endfacet
  facet normal 0 1 -0
    outer loop
      vertex 198.55 133.85 0.799999
      vertex 193.45 133.85 8
      vertex 198.55 133.85 8
    endloop
  endfacet
  facet normal 0 1 0
    outer loop
      vertex 193.45 133.85 8
      vertex 198.55 133.85 0.799999
      vertex 193.45 133.85 0.799999
    endloop
  endfacet
  facet normal 0 0 -1
    outer loop
      vertex 189.9 9 5.1
      vertex 190 17 5.1
      vertex 190 9 5.1
    endloop
  endfacet
  facet normal -0 0 -1
    outer loop
      vertex 190 17 5.1
      vertex 189.9 9 5.1
      vertex 189.9 17 5.1
    endloop
  endfacet
  facet normal 0 0 -1
    outer loop
      vertex 190 9 5.1
      vertex 193.3 8.85 5.1
      vertex 190 8.85 5.1
    endloop
  endfacet
  facet normal 0 0 -1
    outer loop
      vertex 193.3 8.85 5.1
      vertex 190 9 5.1
      vertex 193.3 17.15 5.1
    endloop
  endfacet
  facet normal 0 0 -1
    outer loop
      vertex 190 17 5.1
      vertex 193.3 17.15 5.1
      vertex 190 9 5.1
    endloop
  endfacet
  facet normal -0 0 -1
    outer loop
      vertex 193.3 17.15 5.1
      vertex 190 17 5.1
      vertex 190 17.15 5.1
    endloop
  endfacet
  facet normal 0 0 -1
    outer loop
      vertex 198.7 8.85 5.1
      vertex 202 17.15 5.1
      vertex 202 8.85 5.1
    endloop
  endfacet
  facet normal -0 0 -1
    outer loop
      vertex 202 17.15 5.1
      vertex 198.7 8.85 5.1
      vertex 198.7 17.15 5.1
    endloop
  endfacet
  facet normal -0 0 1
    outer loop
      vertex 189.9 17 1.9
      vertex 190 9 1.9
      vertex 190 17 1.9
    endloop
  endfacet
  facet normal 0 0 1
    outer loop
      vertex 190 9 1.9
      vertex 189.9 17 1.9
      vertex 189.9 9 1.9
    endloop
  endfacet
  facet normal 0 0 1
    outer loop
      vertex 190 17 1.9
      vertex 193.3 17.15 1.9
      vertex 190 17.15 1.9
    endloop
  endfacet
  facet normal 0 0 1
    outer loop
      vertex 193.3 17.15 1.9
      vertex 190 17 1.9
      vertex 193.3 8.85 1.9
    endloop
  endfacet
  facet normal -0 0 1
    outer loop
      vertex 190 9 1.9
      vertex 193.3 8.85 1.9
      vertex 190 17 1.9
    endloop
  endfacet
  facet normal 0 0 1
    outer loop
      vertex 193.3 8.85 1.9
      vertex 190 9 1.9
      vertex 190 8.85 1.9
    endloop
  endfacet
  facet normal -0 0 1
    outer loop
      vertex 198.7 17.15 1.9
      vertex 202 8.85 1.9
      vertex 202 17.15 1.9
    endloop
  endfacet
  facet normal 0 0 1
    outer loop
      vertex 202 8.85 1.9
      vertex 198.7 17.15 1.9
      vertex 198.7 8.85 1.9
    endloop
  endfacet
  facet normal 1 -0 0
    outer loop
      vertex 189.9 9 5.1
      vertex 189.9 17 1.9
      vertex 189.9 17 5.1
    endloop
  endfacet
  facet normal 1 0 0
    outer loop
      vertex 189.9 17 1.9
      vertex 189.9 9 5.1
      vertex 189.9 9 1.9
    endloop
  endfacet
  facet normal 0 -1 0
    outer loop
      vertex 190 17.15 1.9
      vertex 193.3 17.15 5.1
      vertex 190 17.15 5.1
    endloop
  endfacet
  facet normal 0 -1 -0
    outer loop
      vertex 193.3 17.15 5.1
      vertex 190 17.15 1.9
      vertex 193.3 17.15 1.9
    endloop
  endfacet
  facet normal 0 -1 0
    outer loop
      vertex 198.7 17.15 1.9
      vertex 202 17.15 5.1
      vertex 198.7 17.15 5.1
    endloop
  endfacet
  facet normal 0 -1 -0
    outer loop
      vertex 202 17.15 5.1
      vertex 198.7 17.15 1.9
      vertex 202 17.15 1.9
    endloop
  endfacet
  facet normal 0 1 -0
    outer loop
      vertex 193.3 8.85 1.9
      vertex 190 8.85 5.1
      vertex 193.3 8.85 5.1
    endloop
  endfacet
  facet normal 0 1 0
    outer loop
      vertex 190 8.85 5.1
      vertex 193.3 8.85 1.9
      vertex 190 8.85 1.9
    endloop
  endfacet
  facet normal 0 1 -0
    outer loop
      vertex 202 8.85 1.9
      vertex 198.7 8.85 5.1
      vertex 202 8.85 5.1
    endloop
  endfacet
  facet normal 0 1 0
    outer loop
      vertex 198.7 8.85 5.1
      vertex 202 8.85 1.9
      vertex 198.7 8.85 1.9
    endloop
  endfacet
  facet normal 0 0 -1
    outer loop
      vertex 189.9 137 5.1
      vertex 190 145 5.1
      vertex 190 137 5.1
    endloop
  endfacet
  facet normal -0 0 -1
    outer loop
      vertex 190 145 5.1
      vertex 189.9 137 5.1
      vertex 189.9 145 5.1
    endloop
  endfacet
  facet normal 0 0 -1
    outer loop
      vertex 190 137 5.1
      vertex 193.45 136.85 5.1
      vertex 190 136.85 5.1
    endloop
  endfacet
  facet normal 0 0 -1
    outer loop
      vertex 193.45 136.85 5.1
      vertex 190 137 5.1
      vertex 193.45 145.15 5.1
    endloop
  endfacet
  facet normal 0 0 -1
    outer loop
      vertex 190 145 5.1
      vertex 193.45 145.15 5.1
      vertex 190 137 5.1
    endloop
  endfacet
  facet normal -0 0 -1
    outer loop
      vertex 193.45 145.15 5.1
      vertex 190 145 5.1
      vertex 190 145.15 5.1
    endloop
  endfacet
  facet normal 0 0 -1
    outer loop
      vertex 198.55 136.85 5.1
      vertex 202 145.15 5.1
      vertex 202 136.85 5.1
    endloop
  endfacet
  facet normal -0 0 -1
    outer loop
      vertex 202 145.15 5.1
      vertex 198.55 136.85 5.1
      vertex 198.55 145.15 5.1
    endloop
  endfacet
  facet normal -0 0 1
    outer loop
      vertex 189.9 145 1.9
      vertex 190 137 1.9
      vertex 190 145 1.9
    endloop
  endfacet
  facet normal 0 0 1
    outer loop
      vertex 190 137 1.9
      vertex 189.9 145 1.9
      vertex 189.9 137 1.9
    endloop
  endfacet
  facet normal 0 0 1
    outer loop
      vertex 190 145 1.9
      vertex 193.45 145.15 1.9
      vertex 190 145.15 1.9
    endloop
  endfacet
  facet normal 0 0 1
    outer loop
      vertex 193.45 145.15 1.9
      vertex 190 145 1.9
      vertex 193.45 136.85 1.9
    endloop
  endfacet
  facet normal -0 0 1
    outer loop
      vertex 190 137 1.9
      vertex 193.45 136.85 1.9
      vertex 190 145 1.9
    endloop
  endfacet
  facet normal 0 0 1
    outer loop
      vertex 193.45 136.85 1.9
      vertex 190 137 1.9
      vertex 190 136.85 1.9
    endloop
  endfacet
  facet normal -0 0 1
    outer loop
      vertex 198.55 145.15 1.9
      vertex 202 136.85 1.9
      vertex 202 145.15 1.9
    endloop
  endfacet
  facet normal 0 0 1
    outer loop
      vertex 202 136.85 1.9
      vertex 198.55 145.15 1.9
      vertex 198.55 136.85 1.9
    endloop
  endfacet
  facet normal 1 -0 0
    outer loop
      vertex 189.9 137 5.1
      vertex 189.9 145 1.9
      vertex 189.9 145 5.1
    endloop
  endfacet
  facet normal 1 0 0
    outer loop
      vertex 189.9 145 1.9
      vertex 189.9 137 5.1
      vertex 189.9 137 1.9
    endloop
  endfacet
  facet normal 0 -1 0
    outer loop
      vertex 190 145.15 1.9
      vertex 193.45 145.15 5.1
      vertex 190 145.15 5.1
    endloop
  endfacet
  facet normal 0 -1 -0
    outer loop
      vertex 193.45 145.15 5.1
      vertex 190 145.15 1.9
      vertex 193.45 145.15 1.9
    endloop
  endfacet
  facet normal 0 -1 0
    outer loop
      vertex 198.55 145.15 1.9
      vertex 202 145.15 5.1
      vertex 198.55 145.15 5.1
    endloop
  endfacet
  facet normal 0 -1 -0
    outer loop
      vertex 202 145.15 5.1
      vertex 198.55 145.15 1.9
      vertex 202 145.15 1.9
    endloop
  endfacet
  facet normal 0 1 -0
    outer loop
      vertex 193.45 136.85 1.9
      vertex 190 136.85 5.1
      vertex 193.45 136.85 5.1
    endloop
  endfacet
  facet normal 0 1 0
    outer loop
      vertex 190 136.85 5.1
      vertex 193.45 136.85 1.9
      vertex 190 136.85 1.9
    endloop
  endfacet
  facet normal 0 1 -0
    outer loop
      vertex 202 136.85 1.9
      vertex 198.55 136.85 5.1
      vertex 202 136.85 5.1
    endloop
  endfacet
  facet normal 0 1 0
    outer loop
      vertex 198.55 136.85 5.1
      vertex 202 136.85 1.9
      vertex 198.55 136.85 1.9
    endloop
  endfacet
  facet normal 0 -1 0
    outer loop
      vertex 16.85 174 0.15
      vertex 137.15 174 2.85
      vertex 16.85 174 2.85
    endloop
  endfacet
  facet normal 0 -1 -0
    outer loop
      vertex 137.15 174 2.85
      vertex 16.85 174 0.15
      vertex 137.15 174 0.15
    endloop
  endfacet
  facet normal 0 -1 0
    outer loop
      vertex 16.85 174 2.85
      vertex 5 174 3
      vertex 9.15 174 2.85
    endloop
  endfacet
  facet normal 0 -1 0
    outer loop
      vertex 5 174 3
      vertex 9.15 174 0.15
      vertex 9.15 174 2.85
    endloop
  endfacet
  facet normal 0 -1 0
    outer loop
      vertex 5 174 0
      vertex 16.85 174 0.15
      vertex 9.15 174 0.15
    endloop
  endfacet
  facet normal 0 -1 -0
    outer loop
      vertex 16.85 174 0.15
      vertex 5 174 0
      vertex 137.15 174 0.15
    endloop
  endfacet
  facet normal 0 -1 0
    outer loop
      vertex 149 174 0
      vertex 137.15 174 0.15
      vertex 5 174 0
    endloop
  endfacet
  facet normal 0 -1 0
    outer loop
      vertex 5 174 0
      vertex 9.15 174 0.15
      vertex 5 174 3
    endloop
  endfacet
  facet normal 0 -1 0
    outer loop
      vertex 5 174 3
      vertex 16.85 174 2.85
      vertex 149 174 3
    endloop
  endfacet
  facet normal 0 -1 0
    outer loop
      vertex 137.15 174 2.85
      vertex 149 174 3
      vertex 16.85 174 2.85
    endloop
  endfacet
  facet normal 0 -1 0
    outer loop
      vertex 144.85 174 2.85
      vertex 149 174 3
      vertex 137.15 174 2.85
    endloop
  endfacet
  facet normal 0 -1 0
    outer loop
      vertex 144.85 174 0.15
      vertex 149 174 3
      vertex 144.85 174 2.85
    endloop
  endfacet
  facet normal 0 -1 0
    outer loop
      vertex 144.85 174 0.15
      vertex 149 174 0
      vertex 149 174 3
    endloop
  endfacet
  facet normal 0 -1 0
    outer loop
      vertex 137.15 174 0.15
      vertex 149 174 0
      vertex 144.85 174 0.15
    endloop
  endfacet
  facet normal 0 0 1
    outer loop
      vertex 88 182 3
      vertex 85 184 3
      vertex 88 178 3
    endloop
  endfacet
  facet normal -0 0 1
    outer loop
      vertex 88 178 3
      vertex 149 174 3
      vertex 149 178 3
    endloop
  endfacet
  facet normal -0 0 1
    outer loop
      vertex 69 184 3
      vertex 88 178 3
      vertex 85 184 3
    endloop
  endfacet
  facet normal 0 0 1
    outer loop
      vertex 66 178 3
      vertex 69 184 3
      vertex 66 182 3
    endloop
  endfacet
  facet normal 0 0 1
    outer loop
      vertex 69 184 3
      vertex 66 178 3
      vertex 88 178 3
    endloop
  endfacet
  facet normal -0 0 1
    outer loop
      vertex 66 178 3
      vertex 149 174 3
      vertex 88 178 3
    endloop
  endfacet
  facet normal 0 0 1
    outer loop
      vertex 5 174 3
      vertex 66 178 3
      vertex 5 178 3
    endloop
  endfacet
  facet normal 0 0 1
    outer loop
      vertex 66 178 3
      vertex 5 174 3
      vertex 149 174 3
    endloop
  endfacet
  facet normal 0 0 -1
    outer loop
      vertex 149 174 0
      vertex 88 178 0
      vertex 149 178 0
    endloop
  endfacet
  facet normal 0 0 -1
    outer loop
      vertex 88 178 0
      vertex 85 184 0
      vertex 88 182 0
    endloop
  endfacet
  facet normal 0 0 -1
    outer loop
      vertex 88 178 0
      vertex 69 184 0
      vertex 85 184 0
    endloop
  endfacet
  facet normal 0 0 -1
    outer loop
      vertex 88 178 0
      vertex 66 178 0
      vertex 69 184 0
    endloop
  endfacet
  facet normal 0 0 -1
    outer loop
      vertex 149 174 0
      vertex 66 178 0
      vertex 88 178 0
    endloop
  endfacet
  facet normal 0 0 -1
    outer loop
      vertex 5 174 0
      vertex 66 178 0
      vertex 149 174 0
    endloop
  endfacet
  facet normal -0 0 -1
    outer loop
      vertex 66 178 0
      vertex 5 174 0
      vertex 5 178 0
    endloop
  endfacet
  facet normal 0 0 -1
    outer loop
      vertex 69 184 0
      vertex 66 178 0
      vertex 66 182 0
    endloop
  endfacet
  facet normal 0 1 -0
    outer loop
      vertex 149 178 0
      vertex 88 178 3
      vertex 149 178 3
    endloop
  endfacet
  facet normal 0 1 0
    outer loop
      vertex 88 178 3
      vertex 149 178 0
      vertex 88 178 0
    endloop
  endfacet
  facet normal 0 1 -0
    outer loop
      vertex 66 178 0
      vertex 5 178 3
      vertex 66 178 3
    endloop
  endfacet
  facet normal 0 1 0
    outer loop
      vertex 5 178 3
      vertex 66 178 0
      vertex 5 178 0
    endloop
  endfacet
  facet normal 1 -0 0
    outer loop
      vertex 149 174 3
      vertex 149 178 0
      vertex 149 178 3
    endloop
  endfacet
  facet normal 1 0 0
    outer loop
      vertex 149 178 0
      vertex 149 174 3
      vertex 149 174 0
    endloop
  endfacet
  facet normal -1 0 0
    outer loop
      vertex 5 174 0
      vertex 5 178 3
      vertex 5 178 0
    endloop
  endfacet
  facet normal -1 -0 0
    outer loop
      vertex 5 178 3
      vertex 5 174 0
      vertex 5 174 3
    endloop
  endfacet
  facet normal 0 1 -0
    outer loop
      vertex 85 184 0
      vertex 69 184 3
      vertex 85 184 3
    endloop
  endfacet
  facet normal 0 1 0
    outer loop
      vertex 69 184 3
      vertex 85 184 0
      vertex 69 184 0
    endloop
  endfacet
  facet normal -1 0 0
    outer loop
      vertex 66 178 0
      vertex 66 182 3
      vertex 66 182 0
    endloop
  endfacet
  facet normal -1 -0 0
    outer loop
      vertex 66 182 3
      vertex 66 178 0
      vertex 66 178 3
    endloop
  endfacet
  facet normal 1 -0 0
    outer loop
      vertex 88 178 3
      vertex 88 182 0
      vertex 88 182 3
    endloop
  endfacet
  facet normal 1 0 0
    outer loop
      vertex 88 182 0
      vertex 88 178 3
      vertex 88 178 0
    endloop
  endfacet
  facet normal 0.5547 0.83205 -0
    outer loop
      vertex 88 182 0
      vertex 85 184 3
      vertex 88 182 3
    endloop
  endfacet
  facet normal 0.5547 0.83205 0
    outer loop
      vertex 85 184 3
      vertex 88 182 0
      vertex 85 184 0
    endloop
  endfacet
  facet normal -0.5547 0.83205 0
    outer loop
      vertex 69 184 0
      vertex 66 182 3
      vertex 69 184 3
    endloop
  endfacet
  facet normal -0.5547 0.83205 0
    outer loop
      vertex 66 182 3
      vertex 69 184 0
      vertex 66 182 0
    endloop
  endfacet
  facet normal 0 -1 0
    outer loop
      vertex 9.3 159.8 0.299999
      vertex 16.7 159.8 2.7
      vertex 9.3 159.8 2.7
    endloop
  endfacet
  facet normal 0 -1 -0
    outer loop
      vertex 16.7 159.8 2.7
      vertex 9.3 159.8 0.299999
      vertex 16.7 159.8 0.299999
    endloop
  endfacet
  facet normal -0 0 1
    outer loop
      vertex 9.15 174 2.85
      vertex 16.85 173.85 2.85
      vertex 16.85 174 2.85
    endloop
  endfacet
  facet normal 0 0 1
    outer loop
      vertex 16.85 173.85 2.85
      vertex 9.15 174 2.85
      vertex 9.15 173.85 2.85
    endloop
  endfacet
  facet normal 0 0 -1
    outer loop
      vertex 9.15 173.85 0.15
      vertex 16.85 174 0.15
      vertex 16.85 173.85 0.15
    endloop
  endfacet
  facet normal -0 0 -1
    outer loop
      vertex 16.85 174 0.15
      vertex 9.15 173.85 0.15
      vertex 9.15 174 0.15
    endloop
  endfacet
  facet normal -1 0 0
    outer loop
      vertex 9.15 173.85 0.15
      vertex 9.15 174 2.85
      vertex 9.15 174 0.15
    endloop
  endfacet
  facet normal -1 -0 0
    outer loop
      vertex 9.15 174 2.85
      vertex 9.15 173.85 0.15
      vertex 9.15 173.85 2.85
    endloop
  endfacet
  facet normal 1 -0 0
    outer loop
      vertex 16.85 173.85 2.85
      vertex 16.85 174 0.15
      vertex 16.85 174 2.85
    endloop
  endfacet
  facet normal 1 0 0
    outer loop
      vertex 16.85 174 0.15
      vertex 16.85 173.85 2.85
      vertex 16.85 173.85 0.15
    endloop
  endfacet
  facet normal 0 -0.0106755 0.999943
    outer loop
      vertex 16.85 173.85 2.85
      vertex 9.3 159.8 2.7
      vertex 16.7 159.8 2.7
    endloop
  endfacet
  facet normal 0 -0.0106755 0.999943
    outer loop
      vertex 9.3 159.8 2.7
      vertex 16.85 173.85 2.85
      vertex 9.15 173.85 2.85
    endloop
  endfacet
  facet normal -0.999943 -0.0106755 0
    outer loop
      vertex 9.3 159.8 0.299999
      vertex 9.15 173.85 2.85
      vertex 9.15 173.85 0.15
    endloop
  endfacet
  facet normal -0.999943 -0.0106755 0
    outer loop
      vertex 9.15 173.85 2.85
      vertex 9.3 159.8 0.299999
      vertex 9.3 159.8 2.7
    endloop
  endfacet
  facet normal 0 -0.0106755 -0.999943
    outer loop
      vertex 9.3 159.8 0.299999
      vertex 16.85 173.85 0.15
      vertex 16.7 159.8 0.299999
    endloop
  endfacet
  facet normal -0 -0.0106755 -0.999943
    outer loop
      vertex 16.85 173.85 0.15
      vertex 9.3 159.8 0.299999
      vertex 9.15 173.85 0.15
    endloop
  endfacet
  facet normal 0.999943 -0.0106755 0
    outer loop
      vertex 16.7 159.8 2.7
      vertex 16.85 173.85 0.15
      vertex 16.85 173.85 2.85
    endloop
  endfacet
  facet normal 0.999943 -0.0106755 0
    outer loop
      vertex 16.85 173.85 0.15
      vertex 16.7 159.8 2.7
      vertex 16.7 159.8 0.299999
    endloop
  endfacet
  facet normal 0 -1 0
    outer loop
      vertex 137.3 159.8 0.299999
      vertex 144.7 159.8 2.7
      vertex 137.3 159.8 2.7
    endloop
  endfacet
  facet normal 0 -1 -0
    outer loop
      vertex 144.7 159.8 2.7
      vertex 137.3 159.8 0.299999
      vertex 144.7 159.8 0.299999
    endloop
  endfacet
  facet normal -0 0 1
    outer loop
      vertex 137.15 174 2.85
      vertex 144.85 173.85 2.85
      vertex 144.85 174 2.85
    endloop
  endfacet
  facet normal 0 0 1
    outer loop
      vertex 144.85 173.85 2.85
      vertex 137.15 174 2.85
      vertex 137.15 173.85 2.85
    endloop
  endfacet
  facet normal 1 -0 0
    outer loop
      vertex 144.85 173.85 2.85
      vertex 144.85 174 0.15
      vertex 144.85 174 2.85
    endloop
  endfacet
  facet normal 1 0 0
    outer loop
      vertex 144.85 174 0.15
      vertex 144.85 173.85 2.85
      vertex 144.85 173.85 0.15
    endloop
  endfacet
  facet normal 0 0 -1
    outer loop
      vertex 137.15 173.85 0.15
      vertex 144.85 174 0.15
      vertex 144.85 173.85 0.15
    endloop
  endfacet
  facet normal -0 0 -1
    outer loop
      vertex 144.85 174 0.15
      vertex 137.15 173.85 0.15
      vertex 137.15 174 0.15
    endloop
  endfacet
  facet normal -1 0 0
    outer loop
      vertex 137.15 173.85 0.15
      vertex 137.15 174 2.85
      vertex 137.15 174 0.15
    endloop
  endfacet
  facet normal -1 -0 0
    outer loop
      vertex 137.15 174 2.85
      vertex 137.15 173.85 0.15
      vertex 137.15 173.85 2.85
    endloop
  endfacet
  facet normal 0 -0.0106755 0.999943
    outer loop
      vertex 144.85 173.85 2.85
      vertex 137.3 159.8 2.7
      vertex 144.7 159.8 2.7
    endloop
  endfacet
  facet normal 0 -0.0106755 0.999943
    outer loop
      vertex 137.3 159.8 2.7
      vertex 144.85 173.85 2.85
      vertex 137.15 173.85 2.85
    endloop
  endfacet
  facet normal -0.999943 -0.0106755 0
    outer loop
      vertex 137.3 159.8 0.299999
      vertex 137.15 173.85 2.85
      vertex 137.15 173.85 0.15
    endloop
  endfacet
  facet normal -0.999943 -0.0106755 0
    outer loop
      vertex 137.15 173.85 2.85
      vertex 137.3 159.8 0.299999
      vertex 137.3 159.8 2.7
    endloop
  endfacet
  facet normal 0 -0.0106755 -0.999943
    outer loop
      vertex 137.3 159.8 0.299999
      vertex 144.85 173.85 0.15
      vertex 144.7 159.8 0.299999
    endloop
  endfacet
  facet normal -0 -0.0106755 -0.999943
    outer loop
      vertex 144.85 173.85 0.15
      vertex 137.3 159.8 0.299999
      vertex 137.15 173.85 0.15
    endloop
  endfacet
  facet normal 0.999943 -0.0106755 0
    outer loop
      vertex 144.7 159.8 2.7
      vertex 144.85 173.85 0.15
      vertex 144.85 173.85 2.85
    endloop
  endfacet
  facet normal 0.999943 -0.0106755 0
    outer loop
      vertex 144.85 173.85 0.15
      vertex 144.7 159.8 2.7
      vertex 144.7 159.8 0.299999
    endloop
  endfacet
  facet normal 0 -1 0
    outer loop
      vertex 16.85 204 0.15
      vertex 137.15 204 2.85
      vertex 16.85 204 2.85
    endloop
  endfacet
  facet normal 0 -1 -0
    outer loop
      vertex 137.15 204 2.85
      vertex 16.85 204 0.15
      vertex 137.15 204 0.15
    endloop
  endfacet
  facet normal 0 -1 0
    outer loop
      vertex 16.85 204 2.85
      vertex 5 204 3
      vertex 9.15 204 2.85
    endloop
  endfacet
  facet normal 0 -1 0
    outer loop
      vertex 5 204 3
      vertex 9.15 204 0.15
      vertex 9.15 204 2.85
    endloop
  endfacet
  facet normal 0 -1 0
    outer loop
      vertex 5 204 0
      vertex 16.85 204 0.15
      vertex 9.15 204 0.15
    endloop
  endfacet
  facet normal 0 -1 -0
    outer loop
      vertex 16.85 204 0.15
      vertex 5 204 0
      vertex 137.15 204 0.15
    endloop
  endfacet
  facet normal 0 -1 0
    outer loop
      vertex 149 204 0
      vertex 137.15 204 0.15
      vertex 5 204 0
    endloop
  endfacet
  facet normal 0 -1 0
    outer loop
      vertex 5 204 0
      vertex 9.15 204 0.15
      vertex 5 204 3
    endloop
  endfacet
  facet normal 0 -1 0
    outer loop
      vertex 5 204 3
      vertex 16.85 204 2.85
      vertex 149 204 3
    endloop
  endfacet
  facet normal 0 -1 0
    outer loop
      vertex 137.15 204 2.85
      vertex 149 204 3
      vertex 16.85 204 2.85
    endloop
  endfacet
  facet normal 0 -1 0
    outer loop
      vertex 144.85 204 2.85
      vertex 149 204 3
      vertex 137.15 204 2.85
    endloop
  endfacet
  facet normal 0 -1 0
    outer loop
      vertex 144.85 204 0.15
      vertex 149 204 3
      vertex 144.85 204 2.85
    endloop
  endfacet
  facet normal 0 -1 0
    outer loop
      vertex 144.85 204 0.15
      vertex 149 204 0
      vertex 149 204 3
    endloop
  endfacet
  facet normal 0 -1 0
    outer loop
      vertex 137.15 204 0.15
      vertex 149 204 0
      vertex 144.85 204 0.15
    endloop
  endfacet
  facet normal 0 0 1
    outer loop
      vertex 88 212 3
      vertex 85 214 3
      vertex 88 208 3
    endloop
  endfacet
  facet normal -0 0 1
    outer loop
      vertex 88 208 3
      vertex 149 204 3
      vertex 149 208 3
    endloop
  endfacet
  facet normal -0 0 1
    outer loop
      vertex 69 214 3
      vertex 88 208 3
      vertex 85 214 3
    endloop
  endfacet
  facet normal 0 0 1
    outer loop
      vertex 66 208 3
      vertex 69 214 3
      vertex 66 212 3
    endloop
  endfacet
  facet normal 0 0 1
    outer loop
      vertex 69 214 3
      vertex 66 208 3
      vertex 88 208 3
    endloop
  endfacet
  facet normal -0 0 1
    outer loop
      vertex 66 208 3
      vertex 149 204 3
      vertex 88 208 3
    endloop
  endfacet
  facet normal 0 0 1
    outer loop
      vertex 5 204 3
      vertex 66 208 3
      vertex 5 208 3
    endloop
  endfacet
  facet normal 0 0 1
    outer loop
      vertex 66 208 3
      vertex 5 204 3
      vertex 149 204 3
    endloop
  endfacet
  facet normal 0 0 -1
    outer loop
      vertex 149 204 0
      vertex 88 208 0
      vertex 149 208 0
    endloop
  endfacet
  facet normal 0 0 -1
    outer loop
      vertex 88 208 0
      vertex 85 214 0
      vertex 88 212 0
    endloop
  endfacet
  facet normal 0 0 -1
    outer loop
      vertex 88 208 0
      vertex 69 214 0
      vertex 85 214 0
    endloop
  endfacet
  facet normal 0 0 -1
    outer loop
      vertex 88 208 0
      vertex 66 208 0
      vertex 69 214 0
    endloop
  endfacet
  facet normal 0 0 -1
    outer loop
      vertex 149 204 0
      vertex 66 208 0
      vertex 88 208 0
    endloop
  endfacet
  facet normal 0 0 -1
    outer loop
      vertex 5 204 0
      vertex 66 208 0
      vertex 149 204 0
    endloop
  endfacet
  facet normal -0 0 -1
    outer loop
      vertex 66 208 0
      vertex 5 204 0
      vertex 5 208 0
    endloop
  endfacet
  facet normal 0 0 -1
    outer loop
      vertex 69 214 0
      vertex 66 208 0
      vertex 66 212 0
    endloop
  endfacet
  facet normal 0 1 -0
    outer loop
      vertex 149 208 0
      vertex 88 208 3
      vertex 149 208 3
    endloop
  endfacet
  facet normal 0 1 0
    outer loop
      vertex 88 208 3
      vertex 149 208 0
      vertex 88 208 0
    endloop
  endfacet
  facet normal 0 1 -0
    outer loop
      vertex 66 208 0
      vertex 5 208 3
      vertex 66 208 3
    endloop
  endfacet
  facet normal 0 1 0
    outer loop
      vertex 5 208 3
      vertex 66 208 0
      vertex 5 208 0
    endloop
  endfacet
  facet normal 1 -0 0
    outer loop
      vertex 149 204 3
      vertex 149 208 0
      vertex 149 208 3
    endloop
  endfacet
  facet normal 1 0 0
    outer loop
      vertex 149 208 0
      vertex 149 204 3
      vertex 149 204 0
    endloop
  endfacet
  facet normal -1 0 0
    outer loop
      vertex 5 204 0
      vertex 5 208 3
      vertex 5 208 0
    endloop
  endfacet
  facet normal -1 -0 0
    outer loop
      vertex 5 208 3
      vertex 5 204 0
      vertex 5 204 3
    endloop
  endfacet
  facet normal 0 1 -0
    outer loop
      vertex 85 214 0
      vertex 69 214 3
      vertex 85 214 3
    endloop
  endfacet
  facet normal 0 1 0
    outer loop
      vertex 69 214 3
      vertex 85 214 0
      vertex 69 214 0
    endloop
  endfacet
  facet normal -1 0 0
    outer loop
      vertex 66 208 0
      vertex 66 212 3
      vertex 66 212 0
    endloop
  endfacet
  facet normal -1 -0 0
    outer loop
      vertex 66 212 3
      vertex 66 208 0
      vertex 66 208 3
    endloop
  endfacet
  facet normal 1 -0 0
    outer loop
      vertex 88 208 3
      vertex 88 212 0
      vertex 88 212 3
    endloop
  endfacet
  facet normal 1 0 0
    outer loop
      vertex 88 212 0
      vertex 88 208 3
      vertex 88 208 0
    endloop
  endfacet
  facet normal 0.5547 0.83205 -0
    outer loop
      vertex 88 212 0
      vertex 85 214 3
      vertex 88 212 3
    endloop
  endfacet
  facet normal 0.5547 0.83205 0
    outer loop
      vertex 85 214 3
      vertex 88 212 0
      vertex 85 214 0
    endloop
  endfacet
  facet normal -0.5547 0.83205 0
    outer loop
      vertex 69 214 0
      vertex 66 212 3
      vertex 69 214 3
    endloop
  endfacet
  facet normal -0.5547 0.83205 0
    outer loop
      vertex 66 212 3
      vertex 69 214 0
      vertex 66 212 0
    endloop
  endfacet
  facet normal 0 -1 0
    outer loop
      vertex 9.3 189.8 0.299999
      vertex 16.7 189.8 2.7
      vertex 9.3 189.8 2.7
    endloop
  endfacet
  facet normal 0 -1 -0
    outer loop
      vertex 16.7 189.8 2.7
      vertex 9.3 189.8 0.299999
      vertex 16.7 189.8 0.299999
    endloop
  endfacet
  facet normal -0 0 1
    outer loop
      vertex 9.15 204 2.85
      vertex 16.85 203.85 2.85
      vertex 16.85 204 2.85
    endloop
  endfacet
  facet normal 0 0 1
    outer loop
      vertex 16.85 203.85 2.85
      vertex 9.15 204 2.85
      vertex 9.15 203.85 2.85
    endloop
  endfacet
  facet normal 0 0 -1
    outer loop
      vertex 9.15 203.85 0.15
      vertex 16.85 204 0.15
      vertex 16.85 203.85 0.15
    endloop
  endfacet
  facet normal -0 0 -1
    outer loop
      vertex 16.85 204 0.15
      vertex 9.15 203.85 0.15
      vertex 9.15 204 0.15
    endloop
  endfacet
  facet normal -1 0 0
    outer loop
      vertex 9.15 203.85 0.15
      vertex 9.15 204 2.85
      vertex 9.15 204 0.15
    endloop
  endfacet
  facet normal -1 -0 0
    outer loop
      vertex 9.15 204 2.85
      vertex 9.15 203.85 0.15
      vertex 9.15 203.85 2.85
    endloop
  endfacet
  facet normal 1 -0 0
    outer loop
      vertex 16.85 203.85 2.85
      vertex 16.85 204 0.15
      vertex 16.85 204 2.85
    endloop
  endfacet
  facet normal 1 0 0
    outer loop
      vertex 16.85 204 0.15
      vertex 16.85 203.85 2.85
      vertex 16.85 203.85 0.15
    endloop
  endfacet
  facet normal 0 -0.0106755 0.999943
    outer loop
      vertex 16.85 203.85 2.85
      vertex 9.3 189.8 2.7
      vertex 16.7 189.8 2.7
    endloop
  endfacet
  facet normal 0 -0.0106755 0.999943
    outer loop
      vertex 9.3 189.8 2.7
      vertex 16.85 203.85 2.85
      vertex 9.15 203.85 2.85
    endloop
  endfacet
  facet normal -0.999943 -0.0106755 0
    outer loop
      vertex 9.3 189.8 0.299999
      vertex 9.15 203.85 2.85
      vertex 9.15 203.85 0.15
    endloop
  endfacet
  facet normal -0.999943 -0.0106755 0
    outer loop
      vertex 9.15 203.85 2.85
      vertex 9.3 189.8 0.299999
      vertex 9.3 189.8 2.7
    endloop
  endfacet
  facet normal 0 -0.0106755 -0.999943
    outer loop
      vertex 9.3 189.8 0.299999
      vertex 16.85 203.85 0.15
      vertex 16.7 189.8 0.299999
    endloop
  endfacet
  facet normal -0 -0.0106755 -0.999943
    outer loop
      vertex 16.85 203.85 0.15
      vertex 9.3 189.8 0.299999
      vertex 9.15 203.85 0.15
    endloop
  endfacet
  facet normal 0.999943 -0.0106755 0
    outer loop
      vertex 16.7 189.8 2.7
      vertex 16.85 203.85 0.15
      vertex 16.85 203.85 2.85
    endloop
  endfacet
  facet normal 0.999943 -0.0106755 0
    outer loop
      vertex 16.85 203.85 0.15
      vertex 16.7 189.8 2.7
      vertex 16.7 189.8 0.299999
    endloop
  endfacet
  facet normal 0 -1 0
    outer loop
      vertex 137.3 189.8 0.299999
      vertex 144.7 189.8 2.7
      vertex 137.3 189.8 2.7
    endloop
  endfacet
  facet normal 0 -1 -0
    outer loop
      vertex 144.7 189.8 2.7
      vertex 137.3 189.8 0.299999
      vertex 144.7 189.8 0.299999
    endloop
  endfacet
  facet normal -0 0 1
    outer loop
      vertex 137.15 204 2.85
      vertex 144.85 203.85 2.85
      vertex 144.85 204 2.85
    endloop
  endfacet
  facet normal 0 0 1
    outer loop
      vertex 144.85 203.85 2.85
      vertex 137.15 204 2.85
      vertex 137.15 203.85 2.85
    endloop
  endfacet
  facet normal 1 -0 0
    outer loop
      vertex 144.85 203.85 2.85
      vertex 144.85 204 0.15
      vertex 144.85 204 2.85
    endloop
  endfacet
  facet normal 1 0 0
    outer loop
      vertex 144.85 204 0.15
      vertex 144.85 203.85 2.85
      vertex 144.85 203.85 0.15
    endloop
  endfacet
  facet normal 0 0 -1
    outer loop
      vertex 137.15 203.85 0.15
      vertex 144.85 204 0.15
      vertex 144.85 203.85 0.15
    endloop
  endfacet
  facet normal -0 0 -1
    outer loop
      vertex 144.85 204 0.15
      vertex 137.15 203.85 0.15
      vertex 137.15 204 0.15
    endloop
  endfacet
  facet normal -1 0 0
    outer loop
      vertex 137.15 203.85 0.15
      vertex 137.15 204 2.85
      vertex 137.15 204 0.15
    endloop
  endfacet
  facet normal -1 -0 0
    outer loop
      vertex 137.15 204 2.85
      vertex 137.15 203.85 0.15
      vertex 137.15 203.85 2.85
    endloop
  endfacet
  facet normal 0 -0.0106755 0.999943
    outer loop
      vertex 144.85 203.85 2.85
      vertex 137.3 189.8 2.7
      vertex 144.7 189.8 2.7
    endloop
  endfacet
  facet normal 0 -0.0106755 0.999943
    outer loop
      vertex 137.3 189.8 2.7
      vertex 144.85 203.85 2.85
      vertex 137.15 203.85 2.85
    endloop
  endfacet
  facet normal -0.999943 -0.0106755 0
    outer loop
      vertex 137.3 189.8 0.299999
      vertex 137.15 203.85 2.85
      vertex 137.15 203.85 0.15
    endloop
  endfacet
  facet normal -0.999943 -0.0106755 0
    outer loop
      vertex 137.15 203.85 2.85
      vertex 137.3 189.8 0.299999
      vertex 137.3 189.8 2.7
    endloop
  endfacet
  facet normal 0 -0.0106755 -0.999943
    outer loop
      vertex 137.3 189.8 0.299999
      vertex 144.85 203.85 0.15
      vertex 144.7 189.8 0.299999
    endloop
  endfacet
  facet normal -0 -0.0106755 -0.999943
    outer loop
      vertex 144.85 203.85 0.15
      vertex 137.3 189.8 0.299999
      vertex 137.15 203.85 0.15
    endloop
  endfacet
  facet normal 0.999943 -0.0106755 0
    outer loop
      vertex 144.7 189.8 2.7
      vertex 144.85 203.85 0.15
      vertex 144.85 203.85 2.85
    endloop
  endfacet
  facet normal 0.999943 -0.0106755 0
    outer loop
      vertex 144.85 203.85 0.15
      vertex 144.7 189.8 2.7
      vertex 144.7 189.8 0.299999
    endloop
  endfacet
endsolid OpenSCAD_Model
