solid OpenSCAD_Model
  facet normal -1 0 0
    outer loop
      vertex 5.3 4 0
      vertex 5.3 14 1.1
      vertex 5.3 14 0
    endloop
  endfacet
  facet normal -1 0 0
    outer loop
      vertex 5.3 4 1.1
      vertex 5.3 14 1.1
      vertex 5.3 4 0
    endloop
  endfacet
  facet normal -1 0 0
    outer loop
      vertex 5.3 14 1.1
      vertex 5.3 4 1.1
      vertex 5.3 14 1.2
    endloop
  endfacet
  facet normal -1 -0 0
    outer loop
      vertex 5.3 14 1.2
      vertex 5.3 4 1.1
      vertex 5.3 4 1.2
    endloop
  endfacet
  facet normal 1 0 0
    outer loop
      vertex 4.7 4 1.1
      vertex 4.7 14 1.1
      vertex 4.7 14 1.2
    endloop
  endfacet
  facet normal 1 0 0
    outer loop
      vertex 4.7 4 1.1
      vertex 4.7 14 1.2
      vertex 4.7 4 1.2
    endloop
  endfacet
  facet normal 1 0 0
    outer loop
      vertex 4.7 14 1.1
      vertex 4.7 4 1.1
      vertex 4.7 14 0
    endloop
  endfacet
  facet normal 1 0 0
    outer loop
      vertex 4.7 14 0
      vertex 4.7 4 1.1
      vertex 4.7 4 0
    endloop
  endfacet
  facet normal 0 -1 0
    outer loop
      vertex 60.7 14 1.1
      vertex 61.3 14 1.2
      vertex 60.7 14 1.2
    endloop
  endfacet
  facet normal 0 -1 -0
    outer loop
      vertex 61.3 14 1.2
      vertex 60.7 14 1.1
      vertex 61.3 14 1.1
    endloop
  endfacet
  facet normal 0 -1 0
    outer loop
      vertex 59.1 14 1.1
      vertex 59.7 14 1.2
      vertex 59.1 14 1.2
    endloop
  endfacet
  facet normal 0 -1 -0
    outer loop
      vertex 59.7 14 1.2
      vertex 59.1 14 1.1
      vertex 59.7 14 1.1
    endloop
  endfacet
  facet normal 0 -1 0
    outer loop
      vertex 57.5 14 1.1
      vertex 58.1 14 1.2
      vertex 57.5 14 1.2
    endloop
  endfacet
  facet normal 0 -1 -0
    outer loop
      vertex 58.1 14 1.2
      vertex 57.5 14 1.1
      vertex 58.1 14 1.1
    endloop
  endfacet
  facet normal 0 -1 0
    outer loop
      vertex 55.9 14 1.1
      vertex 56.5 14 1.2
      vertex 55.9 14 1.2
    endloop
  endfacet
  facet normal 0 -1 -0
    outer loop
      vertex 56.5 14 1.2
      vertex 55.9 14 1.1
      vertex 56.5 14 1.1
    endloop
  endfacet
  facet normal 0 -1 0
    outer loop
      vertex 54.3 14 1.1
      vertex 54.9 14 1.2
      vertex 54.3 14 1.2
    endloop
  endfacet
  facet normal 0 -1 -0
    outer loop
      vertex 54.9 14 1.2
      vertex 54.3 14 1.1
      vertex 54.9 14 1.1
    endloop
  endfacet
  facet normal 0 -1 0
    outer loop
      vertex 52.7 14 1.1
      vertex 53.3 14 1.2
      vertex 52.7 14 1.2
    endloop
  endfacet
  facet normal 0 -1 -0
    outer loop
      vertex 53.3 14 1.2
      vertex 52.7 14 1.1
      vertex 53.3 14 1.1
    endloop
  endfacet
  facet normal 0 -1 0
    outer loop
      vertex 51.1 14 1.1
      vertex 51.7 14 1.2
      vertex 51.1 14 1.2
    endloop
  endfacet
  facet normal 0 -1 -0
    outer loop
      vertex 51.7 14 1.2
      vertex 51.1 14 1.1
      vertex 51.7 14 1.1
    endloop
  endfacet
  facet normal 0 -1 0
    outer loop
      vertex 49.5 14 1.1
      vertex 50.1 14 1.2
      vertex 49.5 14 1.2
    endloop
  endfacet
  facet normal 0 -1 -0
    outer loop
      vertex 50.1 14 1.2
      vertex 49.5 14 1.1
      vertex 50.1 14 1.1
    endloop
  endfacet
  facet normal 0 -1 0
    outer loop
      vertex 47.9 14 1.1
      vertex 48.5 14 1.2
      vertex 47.9 14 1.2
    endloop
  endfacet
  facet normal 0 -1 -0
    outer loop
      vertex 48.5 14 1.2
      vertex 47.9 14 1.1
      vertex 48.5 14 1.1
    endloop
  endfacet
  facet normal 0 -1 0
    outer loop
      vertex 46.3 14 1.1
      vertex 46.9 14 1.2
      vertex 46.3 14 1.2
    endloop
  endfacet
  facet normal 0 -1 -0
    outer loop
      vertex 46.9 14 1.2
      vertex 46.3 14 1.1
      vertex 46.9 14 1.1
    endloop
  endfacet
  facet normal 0 -1 0
    outer loop
      vertex 44.7 14 1.1
      vertex 45.3 14 1.2
      vertex 44.7 14 1.2
    endloop
  endfacet
  facet normal 0 -1 -0
    outer loop
      vertex 45.3 14 1.2
      vertex 44.7 14 1.1
      vertex 45.3 14 1.1
    endloop
  endfacet
  facet normal 0 -1 0
    outer loop
      vertex 43.1 14 1.1
      vertex 43.7 14 1.2
      vertex 43.1 14 1.2
    endloop
  endfacet
  facet normal 0 -1 -0
    outer loop
      vertex 43.7 14 1.2
      vertex 43.1 14 1.1
      vertex 43.7 14 1.1
    endloop
  endfacet
  facet normal 0 -1 0
    outer loop
      vertex 41.5 14 1.1
      vertex 42.1 14 1.2
      vertex 41.5 14 1.2
    endloop
  endfacet
  facet normal 0 -1 -0
    outer loop
      vertex 42.1 14 1.2
      vertex 41.5 14 1.1
      vertex 42.1 14 1.1
    endloop
  endfacet
  facet normal 0 -1 0
    outer loop
      vertex 39.9 14 1.1
      vertex 40.5 14 1.2
      vertex 39.9 14 1.2
    endloop
  endfacet
  facet normal 0 -1 -0
    outer loop
      vertex 40.5 14 1.2
      vertex 39.9 14 1.1
      vertex 40.5 14 1.1
    endloop
  endfacet
  facet normal 0 -1 0
    outer loop
      vertex 38.3 14 1.1
      vertex 38.9 14 1.2
      vertex 38.3 14 1.2
    endloop
  endfacet
  facet normal 0 -1 -0
    outer loop
      vertex 38.9 14 1.2
      vertex 38.3 14 1.1
      vertex 38.9 14 1.1
    endloop
  endfacet
  facet normal 0 -1 0
    outer loop
      vertex 36.7 14 1.1
      vertex 37.3 14 1.2
      vertex 36.7 14 1.2
    endloop
  endfacet
  facet normal 0 -1 -0
    outer loop
      vertex 37.3 14 1.2
      vertex 36.7 14 1.1
      vertex 37.3 14 1.1
    endloop
  endfacet
  facet normal 0 -1 0
    outer loop
      vertex 35.1 14 1.1
      vertex 35.7 14 1.2
      vertex 35.1 14 1.2
    endloop
  endfacet
  facet normal 0 -1 -0
    outer loop
      vertex 35.7 14 1.2
      vertex 35.1 14 1.1
      vertex 35.7 14 1.1
    endloop
  endfacet
  facet normal 0 -1 0
    outer loop
      vertex 33.5 14 1.1
      vertex 34.1 14 1.2
      vertex 33.5 14 1.2
    endloop
  endfacet
  facet normal 0 -1 -0
    outer loop
      vertex 34.1 14 1.2
      vertex 33.5 14 1.1
      vertex 34.1 14 1.1
    endloop
  endfacet
  facet normal 0 -1 0
    outer loop
      vertex 31.9 14 1.1
      vertex 32.5 14 1.2
      vertex 31.9 14 1.2
    endloop
  endfacet
  facet normal 0 -1 -0
    outer loop
      vertex 32.5 14 1.2
      vertex 31.9 14 1.1
      vertex 32.5 14 1.1
    endloop
  endfacet
  facet normal 0 -1 0
    outer loop
      vertex 30.3 14 1.1
      vertex 30.9 14 1.2
      vertex 30.3 14 1.2
    endloop
  endfacet
  facet normal 0 -1 -0
    outer loop
      vertex 30.9 14 1.2
      vertex 30.3 14 1.1
      vertex 30.9 14 1.1
    endloop
  endfacet
  facet normal 0 -1 0
    outer loop
      vertex 28.7 14 1.1
      vertex 29.3 14 1.2
      vertex 28.7 14 1.2
    endloop
  endfacet
  facet normal 0 -1 -0
    outer loop
      vertex 29.3 14 1.2
      vertex 28.7 14 1.1
      vertex 29.3 14 1.1
    endloop
  endfacet
  facet normal 0 -1 0
    outer loop
      vertex 27.1 14 1.1
      vertex 27.7 14 1.2
      vertex 27.1 14 1.2
    endloop
  endfacet
  facet normal 0 -1 -0
    outer loop
      vertex 27.7 14 1.2
      vertex 27.1 14 1.1
      vertex 27.7 14 1.1
    endloop
  endfacet
  facet normal 0 -1 0
    outer loop
      vertex 25.5 14 1.1
      vertex 26.1 14 1.2
      vertex 25.5 14 1.2
    endloop
  endfacet
  facet normal 0 -1 -0
    outer loop
      vertex 26.1 14 1.2
      vertex 25.5 14 1.1
      vertex 26.1 14 1.1
    endloop
  endfacet
  facet normal 0 -1 0
    outer loop
      vertex 23.9 14 1.1
      vertex 24.5 14 1.2
      vertex 23.9 14 1.2
    endloop
  endfacet
  facet normal 0 -1 -0
    outer loop
      vertex 24.5 14 1.2
      vertex 23.9 14 1.1
      vertex 24.5 14 1.1
    endloop
  endfacet
  facet normal 0 -1 0
    outer loop
      vertex 22.3 14 1.1
      vertex 22.9 14 1.2
      vertex 22.3 14 1.2
    endloop
  endfacet
  facet normal 0 -1 -0
    outer loop
      vertex 22.9 14 1.2
      vertex 22.3 14 1.1
      vertex 22.9 14 1.1
    endloop
  endfacet
  facet normal 0 -1 0
    outer loop
      vertex 20.7 14 1.1
      vertex 21.3 14 1.2
      vertex 20.7 14 1.2
    endloop
  endfacet
  facet normal 0 -1 -0
    outer loop
      vertex 21.3 14 1.2
      vertex 20.7 14 1.1
      vertex 21.3 14 1.1
    endloop
  endfacet
  facet normal 0 -1 0
    outer loop
      vertex 19.1 14 1.1
      vertex 19.7 14 1.2
      vertex 19.1 14 1.2
    endloop
  endfacet
  facet normal 0 -1 -0
    outer loop
      vertex 19.7 14 1.2
      vertex 19.1 14 1.1
      vertex 19.7 14 1.1
    endloop
  endfacet
  facet normal 0 -1 0
    outer loop
      vertex 17.5 14 1.1
      vertex 18.1 14 1.2
      vertex 17.5 14 1.2
    endloop
  endfacet
  facet normal 0 -1 -0
    outer loop
      vertex 18.1 14 1.2
      vertex 17.5 14 1.1
      vertex 18.1 14 1.1
    endloop
  endfacet
  facet normal 0 -1 0
    outer loop
      vertex 15.9 14 1.1
      vertex 16.5 14 1.2
      vertex 15.9 14 1.2
    endloop
  endfacet
  facet normal 0 -1 -0
    outer loop
      vertex 16.5 14 1.2
      vertex 15.9 14 1.1
      vertex 16.5 14 1.1
    endloop
  endfacet
  facet normal 0 -1 0
    outer loop
      vertex 14.3 14 1.1
      vertex 14.9 14 1.2
      vertex 14.3 14 1.2
    endloop
  endfacet
  facet normal 0 -1 -0
    outer loop
      vertex 14.9 14 1.2
      vertex 14.3 14 1.1
      vertex 14.9 14 1.1
    endloop
  endfacet
  facet normal 0 -1 0
    outer loop
      vertex 12.7 14 1.1
      vertex 13.3 14 1.2
      vertex 12.7 14 1.2
    endloop
  endfacet
  facet normal 0 -1 -0
    outer loop
      vertex 13.3 14 1.2
      vertex 12.7 14 1.1
      vertex 13.3 14 1.1
    endloop
  endfacet
  facet normal 0 -1 0
    outer loop
      vertex 11.1 14 1.1
      vertex 11.7 14 1.2
      vertex 11.1 14 1.2
    endloop
  endfacet
  facet normal 0 -1 -0
    outer loop
      vertex 11.7 14 1.2
      vertex 11.1 14 1.1
      vertex 11.7 14 1.1
    endloop
  endfacet
  facet normal 0 -1 0
    outer loop
      vertex 9.5 14 1.1
      vertex 10.1 14 1.2
      vertex 9.5 14 1.2
    endloop
  endfacet
  facet normal 0 -1 -0
    outer loop
      vertex 10.1 14 1.2
      vertex 9.5 14 1.1
      vertex 10.1 14 1.1
    endloop
  endfacet
  facet normal 0 -1 0
    outer loop
      vertex 7.9 14 1.1
      vertex 8.5 14 1.2
      vertex 7.9 14 1.2
    endloop
  endfacet
  facet normal 0 -1 -0
    outer loop
      vertex 8.5 14 1.2
      vertex 7.9 14 1.1
      vertex 8.5 14 1.1
    endloop
  endfacet
  facet normal 0 -1 0
    outer loop
      vertex 6.3 14 1.1
      vertex 6.9 14 1.2
      vertex 6.3 14 1.2
    endloop
  endfacet
  facet normal 0 -1 -0
    outer loop
      vertex 6.9 14 1.2
      vertex 6.3 14 1.1
      vertex 6.9 14 1.1
    endloop
  endfacet
  facet normal 0 -1 0
    outer loop
      vertex 4.7 14 1.1
      vertex 5.3 14 1.2
      vertex 4.7 14 1.2
    endloop
  endfacet
  facet normal 0 -1 -0
    outer loop
      vertex 5.3 14 1.2
      vertex 4.7 14 1.1
      vertex 5.3 14 1.1
    endloop
  endfacet
  facet normal 0 -1 0
    outer loop
      vertex 4.7 14 1.2
      vertex 4 14 4
      vertex 4 14 1.2
    endloop
  endfacet
  facet normal 0 -1 0
    outer loop
      vertex 5.3 14 1.2
      vertex 4 14 4
      vertex 4.7 14 1.2
    endloop
  endfacet
  facet normal 0 -1 0
    outer loop
      vertex 6.3 14 1.2
      vertex 4 14 4
      vertex 5.3 14 1.2
    endloop
  endfacet
  facet normal 0 -1 0
    outer loop
      vertex 6.9 14 1.2
      vertex 4 14 4
      vertex 6.3 14 1.2
    endloop
  endfacet
  facet normal 0 -1 0
    outer loop
      vertex 7.9 14 1.2
      vertex 4 14 4
      vertex 6.9 14 1.2
    endloop
  endfacet
  facet normal 0 -1 0
    outer loop
      vertex 8.5 14 1.2
      vertex 4 14 4
      vertex 7.9 14 1.2
    endloop
  endfacet
  facet normal 0 -1 0
    outer loop
      vertex 9.5 14 1.2
      vertex 4 14 4
      vertex 8.5 14 1.2
    endloop
  endfacet
  facet normal 0 -1 0
    outer loop
      vertex 10.1 14 1.2
      vertex 4 14 4
      vertex 9.5 14 1.2
    endloop
  endfacet
  facet normal 0 -1 0
    outer loop
      vertex 11.1 14 1.2
      vertex 4 14 4
      vertex 10.1 14 1.2
    endloop
  endfacet
  facet normal 0 -1 0
    outer loop
      vertex 11.7 14 1.2
      vertex 4 14 4
      vertex 11.1 14 1.2
    endloop
  endfacet
  facet normal 0 -1 0
    outer loop
      vertex 12.7 14 1.2
      vertex 4 14 4
      vertex 11.7 14 1.2
    endloop
  endfacet
  facet normal 0 -1 0
    outer loop
      vertex 13.3 14 1.2
      vertex 4 14 4
      vertex 12.7 14 1.2
    endloop
  endfacet
  facet normal 0 -1 0
    outer loop
      vertex 14.3 14 1.2
      vertex 4 14 4
      vertex 13.3 14 1.2
    endloop
  endfacet
  facet normal 0 -1 0
    outer loop
      vertex 14.9 14 1.2
      vertex 4 14 4
      vertex 14.3 14 1.2
    endloop
  endfacet
  facet normal 0 -1 0
    outer loop
      vertex 15.9 14 1.2
      vertex 4 14 4
      vertex 14.9 14 1.2
    endloop
  endfacet
  facet normal 0 -1 0
    outer loop
      vertex 16.5 14 1.2
      vertex 4 14 4
      vertex 15.9 14 1.2
    endloop
  endfacet
  facet normal 0 -1 0
    outer loop
      vertex 17.5 14 1.2
      vertex 4 14 4
      vertex 16.5 14 1.2
    endloop
  endfacet
  facet normal 0 -1 0
    outer loop
      vertex 18.1 14 1.2
      vertex 4 14 4
      vertex 17.5 14 1.2
    endloop
  endfacet
  facet normal 0 -1 0
    outer loop
      vertex 19.1 14 1.2
      vertex 4 14 4
      vertex 18.1 14 1.2
    endloop
  endfacet
  facet normal 0 -1 0
    outer loop
      vertex 19.7 14 1.2
      vertex 4 14 4
      vertex 19.1 14 1.2
    endloop
  endfacet
  facet normal 0 -1 0
    outer loop
      vertex 20.7 14 1.2
      vertex 4 14 4
      vertex 19.7 14 1.2
    endloop
  endfacet
  facet normal 0 -1 0
    outer loop
      vertex 21.3 14 1.2
      vertex 4 14 4
      vertex 20.7 14 1.2
    endloop
  endfacet
  facet normal 0 -1 0
    outer loop
      vertex 22.3 14 1.2
      vertex 4 14 4
      vertex 21.3 14 1.2
    endloop
  endfacet
  facet normal 0 -1 0
    outer loop
      vertex 22.9 14 1.2
      vertex 4 14 4
      vertex 22.3 14 1.2
    endloop
  endfacet
  facet normal 0 -1 0
    outer loop
      vertex 23.9 14 1.2
      vertex 4 14 4
      vertex 22.9 14 1.2
    endloop
  endfacet
  facet normal 0 -1 0
    outer loop
      vertex 24.5 14 1.2
      vertex 4 14 4
      vertex 23.9 14 1.2
    endloop
  endfacet
  facet normal 0 -1 0
    outer loop
      vertex 25.5 14 1.2
      vertex 4 14 4
      vertex 24.5 14 1.2
    endloop
  endfacet
  facet normal 0 -1 0
    outer loop
      vertex 26.1 14 1.2
      vertex 4 14 4
      vertex 25.5 14 1.2
    endloop
  endfacet
  facet normal 0 -1 0
    outer loop
      vertex 27.1 14 1.2
      vertex 4 14 4
      vertex 26.1 14 1.2
    endloop
  endfacet
  facet normal 0 -1 0
    outer loop
      vertex 27.7 14 1.2
      vertex 4 14 4
      vertex 27.1 14 1.2
    endloop
  endfacet
  facet normal 0 -1 0
    outer loop
      vertex 28.7 14 1.2
      vertex 4 14 4
      vertex 27.7 14 1.2
    endloop
  endfacet
  facet normal 0 -1 0
    outer loop
      vertex 29.3 14 1.2
      vertex 4 14 4
      vertex 28.7 14 1.2
    endloop
  endfacet
  facet normal 0 -1 0
    outer loop
      vertex 30.3 14 1.2
      vertex 4 14 4
      vertex 29.3 14 1.2
    endloop
  endfacet
  facet normal 0 -1 0
    outer loop
      vertex 30.9 14 1.2
      vertex 4 14 4
      vertex 30.3 14 1.2
    endloop
  endfacet
  facet normal 0 -1 0
    outer loop
      vertex 31.9 14 1.2
      vertex 4 14 4
      vertex 30.9 14 1.2
    endloop
  endfacet
  facet normal 0 -1 0
    outer loop
      vertex 4 14 4
      vertex 31.9 14 1.2
      vertex 62 14 4
    endloop
  endfacet
  facet normal 0 -1 0
    outer loop
      vertex 32.5 14 1.2
      vertex 62 14 4
      vertex 31.9 14 1.2
    endloop
  endfacet
  facet normal 0 -1 0
    outer loop
      vertex 33.5 14 1.2
      vertex 62 14 4
      vertex 32.5 14 1.2
    endloop
  endfacet
  facet normal 0 -1 0
    outer loop
      vertex 34.1 14 1.2
      vertex 62 14 4
      vertex 33.5 14 1.2
    endloop
  endfacet
  facet normal 0 -1 0
    outer loop
      vertex 35.1 14 1.2
      vertex 62 14 4
      vertex 34.1 14 1.2
    endloop
  endfacet
  facet normal 0 -1 0
    outer loop
      vertex 35.7 14 1.2
      vertex 62 14 4
      vertex 35.1 14 1.2
    endloop
  endfacet
  facet normal 0 -1 0
    outer loop
      vertex 36.7 14 1.2
      vertex 62 14 4
      vertex 35.7 14 1.2
    endloop
  endfacet
  facet normal 0 -1 0
    outer loop
      vertex 37.3 14 1.2
      vertex 62 14 4
      vertex 36.7 14 1.2
    endloop
  endfacet
  facet normal 0 -1 0
    outer loop
      vertex 38.3 14 1.2
      vertex 62 14 4
      vertex 37.3 14 1.2
    endloop
  endfacet
  facet normal 0 -1 0
    outer loop
      vertex 38.9 14 1.2
      vertex 62 14 4
      vertex 38.3 14 1.2
    endloop
  endfacet
  facet normal 0 -1 0
    outer loop
      vertex 39.9 14 1.2
      vertex 62 14 4
      vertex 38.9 14 1.2
    endloop
  endfacet
  facet normal 0 -1 0
    outer loop
      vertex 40.5 14 1.2
      vertex 62 14 4
      vertex 39.9 14 1.2
    endloop
  endfacet
  facet normal 0 -1 0
    outer loop
      vertex 41.5 14 1.2
      vertex 62 14 4
      vertex 40.5 14 1.2
    endloop
  endfacet
  facet normal 0 -1 0
    outer loop
      vertex 42.1 14 1.2
      vertex 62 14 4
      vertex 41.5 14 1.2
    endloop
  endfacet
  facet normal 0 -1 0
    outer loop
      vertex 43.1 14 1.2
      vertex 62 14 4
      vertex 42.1 14 1.2
    endloop
  endfacet
  facet normal 0 -1 0
    outer loop
      vertex 43.7 14 1.2
      vertex 62 14 4
      vertex 43.1 14 1.2
    endloop
  endfacet
  facet normal 0 -1 0
    outer loop
      vertex 44.7 14 1.2
      vertex 62 14 4
      vertex 43.7 14 1.2
    endloop
  endfacet
  facet normal 0 -1 0
    outer loop
      vertex 45.3 14 1.2
      vertex 62 14 4
      vertex 44.7 14 1.2
    endloop
  endfacet
  facet normal 0 -1 0
    outer loop
      vertex 46.3 14 1.2
      vertex 62 14 4
      vertex 45.3 14 1.2
    endloop
  endfacet
  facet normal 0 -1 0
    outer loop
      vertex 46.9 14 1.2
      vertex 62 14 4
      vertex 46.3 14 1.2
    endloop
  endfacet
  facet normal 0 -1 0
    outer loop
      vertex 47.9 14 1.2
      vertex 62 14 4
      vertex 46.9 14 1.2
    endloop
  endfacet
  facet normal 0 -1 0
    outer loop
      vertex 48.5 14 1.2
      vertex 62 14 4
      vertex 47.9 14 1.2
    endloop
  endfacet
  facet normal 0 -1 0
    outer loop
      vertex 49.5 14 1.2
      vertex 62 14 4
      vertex 48.5 14 1.2
    endloop
  endfacet
  facet normal 0 -1 0
    outer loop
      vertex 50.1 14 1.2
      vertex 62 14 4
      vertex 49.5 14 1.2
    endloop
  endfacet
  facet normal 0 -1 0
    outer loop
      vertex 51.1 14 1.2
      vertex 62 14 4
      vertex 50.1 14 1.2
    endloop
  endfacet
  facet normal 0 -1 0
    outer loop
      vertex 51.7 14 1.2
      vertex 62 14 4
      vertex 51.1 14 1.2
    endloop
  endfacet
  facet normal 0 -1 0
    outer loop
      vertex 52.7 14 1.2
      vertex 62 14 4
      vertex 51.7 14 1.2
    endloop
  endfacet
  facet normal 0 -1 0
    outer loop
      vertex 53.3 14 1.2
      vertex 62 14 4
      vertex 52.7 14 1.2
    endloop
  endfacet
  facet normal 0 -1 0
    outer loop
      vertex 54.3 14 1.2
      vertex 62 14 4
      vertex 53.3 14 1.2
    endloop
  endfacet
  facet normal 0 -1 0
    outer loop
      vertex 54.9 14 1.2
      vertex 62 14 4
      vertex 54.3 14 1.2
    endloop
  endfacet
  facet normal 0 -1 0
    outer loop
      vertex 55.9 14 1.2
      vertex 62 14 4
      vertex 54.9 14 1.2
    endloop
  endfacet
  facet normal 0 -1 0
    outer loop
      vertex 56.5 14 1.2
      vertex 62 14 4
      vertex 55.9 14 1.2
    endloop
  endfacet
  facet normal 0 -1 0
    outer loop
      vertex 57.5 14 1.2
      vertex 62 14 4
      vertex 56.5 14 1.2
    endloop
  endfacet
  facet normal 0 -1 0
    outer loop
      vertex 58.1 14 1.2
      vertex 62 14 4
      vertex 57.5 14 1.2
    endloop
  endfacet
  facet normal 0 -1 0
    outer loop
      vertex 59.1 14 1.2
      vertex 62 14 4
      vertex 58.1 14 1.2
    endloop
  endfacet
  facet normal 0 -1 0
    outer loop
      vertex 59.7 14 1.2
      vertex 62 14 4
      vertex 59.1 14 1.2
    endloop
  endfacet
  facet normal 0 -1 0
    outer loop
      vertex 60.7 14 1.2
      vertex 62 14 4
      vertex 59.7 14 1.2
    endloop
  endfacet
  facet normal 0 -1 0
    outer loop
      vertex 61.3 14 1.2
      vertex 62 14 4
      vertex 60.7 14 1.2
    endloop
  endfacet
  facet normal 0 -1 -0
    outer loop
      vertex 62 14 4
      vertex 61.3 14 1.2
      vertex 62 14 1.2
    endloop
  endfacet
  facet normal 0 -1 0
    outer loop
      vertex 4.7 14 0
      vertex 5.3 14 1.1
      vertex 4.7 14 1.1
    endloop
  endfacet
  facet normal 0 -1 -0
    outer loop
      vertex 5.3 14 1.1
      vertex 4.7 14 0
      vertex 5.3 14 0
    endloop
  endfacet
  facet normal 0 -1 0
    outer loop
      vertex 6.3 14 0
      vertex 6.9 14 1.1
      vertex 6.3 14 1.1
    endloop
  endfacet
  facet normal 0 -1 -0
    outer loop
      vertex 6.9 14 1.1
      vertex 6.3 14 0
      vertex 6.9 14 0
    endloop
  endfacet
  facet normal 0 -1 0
    outer loop
      vertex 7.9 14 0
      vertex 8.5 14 1.1
      vertex 7.9 14 1.1
    endloop
  endfacet
  facet normal 0 -1 -0
    outer loop
      vertex 8.5 14 1.1
      vertex 7.9 14 0
      vertex 8.5 14 0
    endloop
  endfacet
  facet normal 0 -1 0
    outer loop
      vertex 9.5 14 0
      vertex 10.1 14 1.1
      vertex 9.5 14 1.1
    endloop
  endfacet
  facet normal 0 -1 -0
    outer loop
      vertex 10.1 14 1.1
      vertex 9.5 14 0
      vertex 10.1 14 0
    endloop
  endfacet
  facet normal 0 -1 0
    outer loop
      vertex 11.1 14 0
      vertex 11.7 14 1.1
      vertex 11.1 14 1.1
    endloop
  endfacet
  facet normal 0 -1 -0
    outer loop
      vertex 11.7 14 1.1
      vertex 11.1 14 0
      vertex 11.7 14 0
    endloop
  endfacet
  facet normal 0 -1 0
    outer loop
      vertex 12.7 14 0
      vertex 13.3 14 1.1
      vertex 12.7 14 1.1
    endloop
  endfacet
  facet normal 0 -1 -0
    outer loop
      vertex 13.3 14 1.1
      vertex 12.7 14 0
      vertex 13.3 14 0
    endloop
  endfacet
  facet normal 0 -1 0
    outer loop
      vertex 14.3 14 0
      vertex 14.9 14 1.1
      vertex 14.3 14 1.1
    endloop
  endfacet
  facet normal 0 -1 -0
    outer loop
      vertex 14.9 14 1.1
      vertex 14.3 14 0
      vertex 14.9 14 0
    endloop
  endfacet
  facet normal 0 -1 0
    outer loop
      vertex 15.9 14 0
      vertex 16.5 14 1.1
      vertex 15.9 14 1.1
    endloop
  endfacet
  facet normal 0 -1 -0
    outer loop
      vertex 16.5 14 1.1
      vertex 15.9 14 0
      vertex 16.5 14 0
    endloop
  endfacet
  facet normal 0 -1 0
    outer loop
      vertex 17.5 14 0
      vertex 18.1 14 1.1
      vertex 17.5 14 1.1
    endloop
  endfacet
  facet normal 0 -1 -0
    outer loop
      vertex 18.1 14 1.1
      vertex 17.5 14 0
      vertex 18.1 14 0
    endloop
  endfacet
  facet normal 0 -1 0
    outer loop
      vertex 19.1 14 0
      vertex 19.7 14 1.1
      vertex 19.1 14 1.1
    endloop
  endfacet
  facet normal 0 -1 -0
    outer loop
      vertex 19.7 14 1.1
      vertex 19.1 14 0
      vertex 19.7 14 0
    endloop
  endfacet
  facet normal 0 -1 0
    outer loop
      vertex 20.7 14 0
      vertex 21.3 14 1.1
      vertex 20.7 14 1.1
    endloop
  endfacet
  facet normal 0 -1 -0
    outer loop
      vertex 21.3 14 1.1
      vertex 20.7 14 0
      vertex 21.3 14 0
    endloop
  endfacet
  facet normal 0 -1 0
    outer loop
      vertex 22.3 14 0
      vertex 22.9 14 1.1
      vertex 22.3 14 1.1
    endloop
  endfacet
  facet normal 0 -1 -0
    outer loop
      vertex 22.9 14 1.1
      vertex 22.3 14 0
      vertex 22.9 14 0
    endloop
  endfacet
  facet normal 0 -1 0
    outer loop
      vertex 23.9 14 0
      vertex 24.5 14 1.1
      vertex 23.9 14 1.1
    endloop
  endfacet
  facet normal 0 -1 -0
    outer loop
      vertex 24.5 14 1.1
      vertex 23.9 14 0
      vertex 24.5 14 0
    endloop
  endfacet
  facet normal 0 -1 0
    outer loop
      vertex 25.5 14 0
      vertex 26.1 14 1.1
      vertex 25.5 14 1.1
    endloop
  endfacet
  facet normal 0 -1 -0
    outer loop
      vertex 26.1 14 1.1
      vertex 25.5 14 0
      vertex 26.1 14 0
    endloop
  endfacet
  facet normal 0 -1 0
    outer loop
      vertex 27.1 14 0
      vertex 27.7 14 1.1
      vertex 27.1 14 1.1
    endloop
  endfacet
  facet normal 0 -1 -0
    outer loop
      vertex 27.7 14 1.1
      vertex 27.1 14 0
      vertex 27.7 14 0
    endloop
  endfacet
  facet normal 0 -1 0
    outer loop
      vertex 28.7 14 0
      vertex 29.3 14 1.1
      vertex 28.7 14 1.1
    endloop
  endfacet
  facet normal 0 -1 -0
    outer loop
      vertex 29.3 14 1.1
      vertex 28.7 14 0
      vertex 29.3 14 0
    endloop
  endfacet
  facet normal 0 -1 0
    outer loop
      vertex 30.3 14 0
      vertex 30.9 14 1.1
      vertex 30.3 14 1.1
    endloop
  endfacet
  facet normal 0 -1 -0
    outer loop
      vertex 30.9 14 1.1
      vertex 30.3 14 0
      vertex 30.9 14 0
    endloop
  endfacet
  facet normal 0 -1 0
    outer loop
      vertex 31.9 14 0
      vertex 32.5 14 1.1
      vertex 31.9 14 1.1
    endloop
  endfacet
  facet normal 0 -1 -0
    outer loop
      vertex 32.5 14 1.1
      vertex 31.9 14 0
      vertex 32.5 14 0
    endloop
  endfacet
  facet normal 0 -1 0
    outer loop
      vertex 33.5 14 0
      vertex 34.1 14 1.1
      vertex 33.5 14 1.1
    endloop
  endfacet
  facet normal 0 -1 -0
    outer loop
      vertex 34.1 14 1.1
      vertex 33.5 14 0
      vertex 34.1 14 0
    endloop
  endfacet
  facet normal 0 -1 0
    outer loop
      vertex 35.1 14 0
      vertex 35.7 14 1.1
      vertex 35.1 14 1.1
    endloop
  endfacet
  facet normal 0 -1 -0
    outer loop
      vertex 35.7 14 1.1
      vertex 35.1 14 0
      vertex 35.7 14 0
    endloop
  endfacet
  facet normal 0 -1 0
    outer loop
      vertex 36.7 14 0
      vertex 37.3 14 1.1
      vertex 36.7 14 1.1
    endloop
  endfacet
  facet normal 0 -1 -0
    outer loop
      vertex 37.3 14 1.1
      vertex 36.7 14 0
      vertex 37.3 14 0
    endloop
  endfacet
  facet normal 0 -1 0
    outer loop
      vertex 38.3 14 0
      vertex 38.9 14 1.1
      vertex 38.3 14 1.1
    endloop
  endfacet
  facet normal 0 -1 -0
    outer loop
      vertex 38.9 14 1.1
      vertex 38.3 14 0
      vertex 38.9 14 0
    endloop
  endfacet
  facet normal 0 -1 0
    outer loop
      vertex 39.9 14 0
      vertex 40.5 14 1.1
      vertex 39.9 14 1.1
    endloop
  endfacet
  facet normal 0 -1 -0
    outer loop
      vertex 40.5 14 1.1
      vertex 39.9 14 0
      vertex 40.5 14 0
    endloop
  endfacet
  facet normal 0 -1 0
    outer loop
      vertex 41.5 14 0
      vertex 42.1 14 1.1
      vertex 41.5 14 1.1
    endloop
  endfacet
  facet normal 0 -1 -0
    outer loop
      vertex 42.1 14 1.1
      vertex 41.5 14 0
      vertex 42.1 14 0
    endloop
  endfacet
  facet normal 0 -1 0
    outer loop
      vertex 43.1 14 0
      vertex 43.7 14 1.1
      vertex 43.1 14 1.1
    endloop
  endfacet
  facet normal 0 -1 -0
    outer loop
      vertex 43.7 14 1.1
      vertex 43.1 14 0
      vertex 43.7 14 0
    endloop
  endfacet
  facet normal 0 -1 0
    outer loop
      vertex 44.7 14 0
      vertex 45.3 14 1.1
      vertex 44.7 14 1.1
    endloop
  endfacet
  facet normal 0 -1 -0
    outer loop
      vertex 45.3 14 1.1
      vertex 44.7 14 0
      vertex 45.3 14 0
    endloop
  endfacet
  facet normal 0 -1 0
    outer loop
      vertex 46.3 14 0
      vertex 46.9 14 1.1
      vertex 46.3 14 1.1
    endloop
  endfacet
  facet normal 0 -1 -0
    outer loop
      vertex 46.9 14 1.1
      vertex 46.3 14 0
      vertex 46.9 14 0
    endloop
  endfacet
  facet normal 0 -1 0
    outer loop
      vertex 47.9 14 0
      vertex 48.5 14 1.1
      vertex 47.9 14 1.1
    endloop
  endfacet
  facet normal 0 -1 -0
    outer loop
      vertex 48.5 14 1.1
      vertex 47.9 14 0
      vertex 48.5 14 0
    endloop
  endfacet
  facet normal 0 -1 0
    outer loop
      vertex 49.5 14 0
      vertex 50.1 14 1.1
      vertex 49.5 14 1.1
    endloop
  endfacet
  facet normal 0 -1 -0
    outer loop
      vertex 50.1 14 1.1
      vertex 49.5 14 0
      vertex 50.1 14 0
    endloop
  endfacet
  facet normal 0 -1 0
    outer loop
      vertex 51.1 14 0
      vertex 51.7 14 1.1
      vertex 51.1 14 1.1
    endloop
  endfacet
  facet normal 0 -1 -0
    outer loop
      vertex 51.7 14 1.1
      vertex 51.1 14 0
      vertex 51.7 14 0
    endloop
  endfacet
  facet normal 0 -1 0
    outer loop
      vertex 52.7 14 0
      vertex 53.3 14 1.1
      vertex 52.7 14 1.1
    endloop
  endfacet
  facet normal 0 -1 -0
    outer loop
      vertex 53.3 14 1.1
      vertex 52.7 14 0
      vertex 53.3 14 0
    endloop
  endfacet
  facet normal 0 -1 0
    outer loop
      vertex 54.3 14 0
      vertex 54.9 14 1.1
      vertex 54.3 14 1.1
    endloop
  endfacet
  facet normal 0 -1 -0
    outer loop
      vertex 54.9 14 1.1
      vertex 54.3 14 0
      vertex 54.9 14 0
    endloop
  endfacet
  facet normal 0 -1 0
    outer loop
      vertex 55.9 14 0
      vertex 56.5 14 1.1
      vertex 55.9 14 1.1
    endloop
  endfacet
  facet normal 0 -1 -0
    outer loop
      vertex 56.5 14 1.1
      vertex 55.9 14 0
      vertex 56.5 14 0
    endloop
  endfacet
  facet normal 0 -1 0
    outer loop
      vertex 57.5 14 0
      vertex 58.1 14 1.1
      vertex 57.5 14 1.1
    endloop
  endfacet
  facet normal 0 -1 -0
    outer loop
      vertex 58.1 14 1.1
      vertex 57.5 14 0
      vertex 58.1 14 0
    endloop
  endfacet
  facet normal 0 -1 0
    outer loop
      vertex 59.1 14 0
      vertex 59.7 14 1.1
      vertex 59.1 14 1.1
    endloop
  endfacet
  facet normal 0 -1 -0
    outer loop
      vertex 59.7 14 1.1
      vertex 59.1 14 0
      vertex 59.7 14 0
    endloop
  endfacet
  facet normal 0 -1 0
    outer loop
      vertex 60.7 14 0
      vertex 61.3 14 1.1
      vertex 60.7 14 1.1
    endloop
  endfacet
  facet normal 0 -1 -0
    outer loop
      vertex 61.3 14 1.1
      vertex 60.7 14 0
      vertex 61.3 14 0
    endloop
  endfacet
  facet normal 0 1 -0
    outer loop
      vertex 5.3 4 1.1
      vertex 4.7 4 1.2
      vertex 5.3 4 1.2
    endloop
  endfacet
  facet normal 0 1 0
    outer loop
      vertex 4.7 4 1.2
      vertex 5.3 4 1.1
      vertex 4.7 4 1.1
    endloop
  endfacet
  facet normal 0 1 -0
    outer loop
      vertex 6.9 4 1.1
      vertex 6.3 4 1.2
      vertex 6.9 4 1.2
    endloop
  endfacet
  facet normal 0 1 0
    outer loop
      vertex 6.3 4 1.2
      vertex 6.9 4 1.1
      vertex 6.3 4 1.1
    endloop
  endfacet
  facet normal 0 1 -0
    outer loop
      vertex 8.5 4 1.1
      vertex 7.9 4 1.2
      vertex 8.5 4 1.2
    endloop
  endfacet
  facet normal 0 1 0
    outer loop
      vertex 7.9 4 1.2
      vertex 8.5 4 1.1
      vertex 7.9 4 1.1
    endloop
  endfacet
  facet normal 0 1 -0
    outer loop
      vertex 10.1 4 1.1
      vertex 9.5 4 1.2
      vertex 10.1 4 1.2
    endloop
  endfacet
  facet normal 0 1 0
    outer loop
      vertex 9.5 4 1.2
      vertex 10.1 4 1.1
      vertex 9.5 4 1.1
    endloop
  endfacet
  facet normal 0 1 -0
    outer loop
      vertex 11.7 4 1.1
      vertex 11.1 4 1.2
      vertex 11.7 4 1.2
    endloop
  endfacet
  facet normal 0 1 0
    outer loop
      vertex 11.1 4 1.2
      vertex 11.7 4 1.1
      vertex 11.1 4 1.1
    endloop
  endfacet
  facet normal 0 1 -0
    outer loop
      vertex 13.3 4 1.1
      vertex 12.7 4 1.2
      vertex 13.3 4 1.2
    endloop
  endfacet
  facet normal 0 1 0
    outer loop
      vertex 12.7 4 1.2
      vertex 13.3 4 1.1
      vertex 12.7 4 1.1
    endloop
  endfacet
  facet normal 0 1 -0
    outer loop
      vertex 14.9 4 1.1
      vertex 14.3 4 1.2
      vertex 14.9 4 1.2
    endloop
  endfacet
  facet normal 0 1 0
    outer loop
      vertex 14.3 4 1.2
      vertex 14.9 4 1.1
      vertex 14.3 4 1.1
    endloop
  endfacet
  facet normal 0 1 -0
    outer loop
      vertex 16.5 4 1.1
      vertex 15.9 4 1.2
      vertex 16.5 4 1.2
    endloop
  endfacet
  facet normal 0 1 0
    outer loop
      vertex 15.9 4 1.2
      vertex 16.5 4 1.1
      vertex 15.9 4 1.1
    endloop
  endfacet
  facet normal 0 1 -0
    outer loop
      vertex 18.1 4 1.1
      vertex 17.5 4 1.2
      vertex 18.1 4 1.2
    endloop
  endfacet
  facet normal 0 1 0
    outer loop
      vertex 17.5 4 1.2
      vertex 18.1 4 1.1
      vertex 17.5 4 1.1
    endloop
  endfacet
  facet normal 0 1 -0
    outer loop
      vertex 19.7 4 1.1
      vertex 19.1 4 1.2
      vertex 19.7 4 1.2
    endloop
  endfacet
  facet normal 0 1 0
    outer loop
      vertex 19.1 4 1.2
      vertex 19.7 4 1.1
      vertex 19.1 4 1.1
    endloop
  endfacet
  facet normal 0 1 -0
    outer loop
      vertex 21.3 4 1.1
      vertex 20.7 4 1.2
      vertex 21.3 4 1.2
    endloop
  endfacet
  facet normal 0 1 0
    outer loop
      vertex 20.7 4 1.2
      vertex 21.3 4 1.1
      vertex 20.7 4 1.1
    endloop
  endfacet
  facet normal 0 1 -0
    outer loop
      vertex 22.9 4 1.1
      vertex 22.3 4 1.2
      vertex 22.9 4 1.2
    endloop
  endfacet
  facet normal 0 1 0
    outer loop
      vertex 22.3 4 1.2
      vertex 22.9 4 1.1
      vertex 22.3 4 1.1
    endloop
  endfacet
  facet normal 0 1 -0
    outer loop
      vertex 24.5 4 1.1
      vertex 23.9 4 1.2
      vertex 24.5 4 1.2
    endloop
  endfacet
  facet normal 0 1 0
    outer loop
      vertex 23.9 4 1.2
      vertex 24.5 4 1.1
      vertex 23.9 4 1.1
    endloop
  endfacet
  facet normal 0 1 -0
    outer loop
      vertex 26.1 4 1.1
      vertex 25.5 4 1.2
      vertex 26.1 4 1.2
    endloop
  endfacet
  facet normal 0 1 0
    outer loop
      vertex 25.5 4 1.2
      vertex 26.1 4 1.1
      vertex 25.5 4 1.1
    endloop
  endfacet
  facet normal 0 1 -0
    outer loop
      vertex 27.7 4 1.1
      vertex 27.1 4 1.2
      vertex 27.7 4 1.2
    endloop
  endfacet
  facet normal 0 1 0
    outer loop
      vertex 27.1 4 1.2
      vertex 27.7 4 1.1
      vertex 27.1 4 1.1
    endloop
  endfacet
  facet normal 0 1 -0
    outer loop
      vertex 29.3 4 1.1
      vertex 28.7 4 1.2
      vertex 29.3 4 1.2
    endloop
  endfacet
  facet normal 0 1 0
    outer loop
      vertex 28.7 4 1.2
      vertex 29.3 4 1.1
      vertex 28.7 4 1.1
    endloop
  endfacet
  facet normal 0 1 -0
    outer loop
      vertex 30.9 4 1.1
      vertex 30.3 4 1.2
      vertex 30.9 4 1.2
    endloop
  endfacet
  facet normal 0 1 0
    outer loop
      vertex 30.3 4 1.2
      vertex 30.9 4 1.1
      vertex 30.3 4 1.1
    endloop
  endfacet
  facet normal 0 1 -0
    outer loop
      vertex 32.5 4 1.1
      vertex 31.9 4 1.2
      vertex 32.5 4 1.2
    endloop
  endfacet
  facet normal 0 1 0
    outer loop
      vertex 31.9 4 1.2
      vertex 32.5 4 1.1
      vertex 31.9 4 1.1
    endloop
  endfacet
  facet normal 0 1 -0
    outer loop
      vertex 34.1 4 1.1
      vertex 33.5 4 1.2
      vertex 34.1 4 1.2
    endloop
  endfacet
  facet normal 0 1 0
    outer loop
      vertex 33.5 4 1.2
      vertex 34.1 4 1.1
      vertex 33.5 4 1.1
    endloop
  endfacet
  facet normal 0 1 -0
    outer loop
      vertex 35.7 4 1.1
      vertex 35.1 4 1.2
      vertex 35.7 4 1.2
    endloop
  endfacet
  facet normal 0 1 0
    outer loop
      vertex 35.1 4 1.2
      vertex 35.7 4 1.1
      vertex 35.1 4 1.1
    endloop
  endfacet
  facet normal 0 1 -0
    outer loop
      vertex 37.3 4 1.1
      vertex 36.7 4 1.2
      vertex 37.3 4 1.2
    endloop
  endfacet
  facet normal 0 1 0
    outer loop
      vertex 36.7 4 1.2
      vertex 37.3 4 1.1
      vertex 36.7 4 1.1
    endloop
  endfacet
  facet normal 0 1 -0
    outer loop
      vertex 38.9 4 1.1
      vertex 38.3 4 1.2
      vertex 38.9 4 1.2
    endloop
  endfacet
  facet normal 0 1 0
    outer loop
      vertex 38.3 4 1.2
      vertex 38.9 4 1.1
      vertex 38.3 4 1.1
    endloop
  endfacet
  facet normal 0 1 -0
    outer loop
      vertex 40.5 4 1.1
      vertex 39.9 4 1.2
      vertex 40.5 4 1.2
    endloop
  endfacet
  facet normal 0 1 0
    outer loop
      vertex 39.9 4 1.2
      vertex 40.5 4 1.1
      vertex 39.9 4 1.1
    endloop
  endfacet
  facet normal 0 1 -0
    outer loop
      vertex 42.1 4 1.1
      vertex 41.5 4 1.2
      vertex 42.1 4 1.2
    endloop
  endfacet
  facet normal 0 1 0
    outer loop
      vertex 41.5 4 1.2
      vertex 42.1 4 1.1
      vertex 41.5 4 1.1
    endloop
  endfacet
  facet normal 0 1 -0
    outer loop
      vertex 43.7 4 1.1
      vertex 43.1 4 1.2
      vertex 43.7 4 1.2
    endloop
  endfacet
  facet normal 0 1 0
    outer loop
      vertex 43.1 4 1.2
      vertex 43.7 4 1.1
      vertex 43.1 4 1.1
    endloop
  endfacet
  facet normal 0 1 -0
    outer loop
      vertex 45.3 4 1.1
      vertex 44.7 4 1.2
      vertex 45.3 4 1.2
    endloop
  endfacet
  facet normal 0 1 0
    outer loop
      vertex 44.7 4 1.2
      vertex 45.3 4 1.1
      vertex 44.7 4 1.1
    endloop
  endfacet
  facet normal 0 1 -0
    outer loop
      vertex 46.9 4 1.1
      vertex 46.3 4 1.2
      vertex 46.9 4 1.2
    endloop
  endfacet
  facet normal 0 1 0
    outer loop
      vertex 46.3 4 1.2
      vertex 46.9 4 1.1
      vertex 46.3 4 1.1
    endloop
  endfacet
  facet normal 0 1 -0
    outer loop
      vertex 48.5 4 1.1
      vertex 47.9 4 1.2
      vertex 48.5 4 1.2
    endloop
  endfacet
  facet normal 0 1 0
    outer loop
      vertex 47.9 4 1.2
      vertex 48.5 4 1.1
      vertex 47.9 4 1.1
    endloop
  endfacet
  facet normal 0 1 -0
    outer loop
      vertex 50.1 4 1.1
      vertex 49.5 4 1.2
      vertex 50.1 4 1.2
    endloop
  endfacet
  facet normal 0 1 0
    outer loop
      vertex 49.5 4 1.2
      vertex 50.1 4 1.1
      vertex 49.5 4 1.1
    endloop
  endfacet
  facet normal 0 1 -0
    outer loop
      vertex 51.7 4 1.1
      vertex 51.1 4 1.2
      vertex 51.7 4 1.2
    endloop
  endfacet
  facet normal 0 1 0
    outer loop
      vertex 51.1 4 1.2
      vertex 51.7 4 1.1
      vertex 51.1 4 1.1
    endloop
  endfacet
  facet normal 0 1 -0
    outer loop
      vertex 53.3 4 1.1
      vertex 52.7 4 1.2
      vertex 53.3 4 1.2
    endloop
  endfacet
  facet normal 0 1 0
    outer loop
      vertex 52.7 4 1.2
      vertex 53.3 4 1.1
      vertex 52.7 4 1.1
    endloop
  endfacet
  facet normal 0 1 -0
    outer loop
      vertex 54.9 4 1.1
      vertex 54.3 4 1.2
      vertex 54.9 4 1.2
    endloop
  endfacet
  facet normal 0 1 0
    outer loop
      vertex 54.3 4 1.2
      vertex 54.9 4 1.1
      vertex 54.3 4 1.1
    endloop
  endfacet
  facet normal 0 1 -0
    outer loop
      vertex 56.5 4 1.1
      vertex 55.9 4 1.2
      vertex 56.5 4 1.2
    endloop
  endfacet
  facet normal 0 1 0
    outer loop
      vertex 55.9 4 1.2
      vertex 56.5 4 1.1
      vertex 55.9 4 1.1
    endloop
  endfacet
  facet normal 0 1 -0
    outer loop
      vertex 58.1 4 1.1
      vertex 57.5 4 1.2
      vertex 58.1 4 1.2
    endloop
  endfacet
  facet normal 0 1 0
    outer loop
      vertex 57.5 4 1.2
      vertex 58.1 4 1.1
      vertex 57.5 4 1.1
    endloop
  endfacet
  facet normal 0 1 -0
    outer loop
      vertex 59.7 4 1.1
      vertex 59.1 4 1.2
      vertex 59.7 4 1.2
    endloop
  endfacet
  facet normal 0 1 0
    outer loop
      vertex 59.1 4 1.2
      vertex 59.7 4 1.1
      vertex 59.1 4 1.1
    endloop
  endfacet
  facet normal 0 1 -0
    outer loop
      vertex 61.3 4 1.1
      vertex 60.7 4 1.2
      vertex 61.3 4 1.2
    endloop
  endfacet
  facet normal 0 1 0
    outer loop
      vertex 60.7 4 1.2
      vertex 61.3 4 1.1
      vertex 60.7 4 1.1
    endloop
  endfacet
  facet normal 0 1 0
    outer loop
      vertex 61.3 4 1.2
      vertex 62 4 4
      vertex 62 4 1.2
    endloop
  endfacet
  facet normal 0 1 0
    outer loop
      vertex 60.7 4 1.2
      vertex 62 4 4
      vertex 61.3 4 1.2
    endloop
  endfacet
  facet normal 0 1 0
    outer loop
      vertex 59.7 4 1.2
      vertex 62 4 4
      vertex 60.7 4 1.2
    endloop
  endfacet
  facet normal 0 1 0
    outer loop
      vertex 59.1 4 1.2
      vertex 62 4 4
      vertex 59.7 4 1.2
    endloop
  endfacet
  facet normal 0 1 0
    outer loop
      vertex 58.1 4 1.2
      vertex 62 4 4
      vertex 59.1 4 1.2
    endloop
  endfacet
  facet normal 0 1 0
    outer loop
      vertex 57.5 4 1.2
      vertex 62 4 4
      vertex 58.1 4 1.2
    endloop
  endfacet
  facet normal 0 1 0
    outer loop
      vertex 56.5 4 1.2
      vertex 62 4 4
      vertex 57.5 4 1.2
    endloop
  endfacet
  facet normal 0 1 0
    outer loop
      vertex 55.9 4 1.2
      vertex 62 4 4
      vertex 56.5 4 1.2
    endloop
  endfacet
  facet normal 0 1 0
    outer loop
      vertex 54.9 4 1.2
      vertex 62 4 4
      vertex 55.9 4 1.2
    endloop
  endfacet
  facet normal 0 1 0
    outer loop
      vertex 54.3 4 1.2
      vertex 62 4 4
      vertex 54.9 4 1.2
    endloop
  endfacet
  facet normal 0 1 0
    outer loop
      vertex 53.3 4 1.2
      vertex 62 4 4
      vertex 54.3 4 1.2
    endloop
  endfacet
  facet normal 0 1 0
    outer loop
      vertex 52.7 4 1.2
      vertex 62 4 4
      vertex 53.3 4 1.2
    endloop
  endfacet
  facet normal 0 1 0
    outer loop
      vertex 51.7 4 1.2
      vertex 62 4 4
      vertex 52.7 4 1.2
    endloop
  endfacet
  facet normal 0 1 0
    outer loop
      vertex 51.1 4 1.2
      vertex 62 4 4
      vertex 51.7 4 1.2
    endloop
  endfacet
  facet normal 0 1 0
    outer loop
      vertex 50.1 4 1.2
      vertex 62 4 4
      vertex 51.1 4 1.2
    endloop
  endfacet
  facet normal 0 1 0
    outer loop
      vertex 49.5 4 1.2
      vertex 62 4 4
      vertex 50.1 4 1.2
    endloop
  endfacet
  facet normal 0 1 0
    outer loop
      vertex 48.5 4 1.2
      vertex 62 4 4
      vertex 49.5 4 1.2
    endloop
  endfacet
  facet normal 0 1 0
    outer loop
      vertex 47.9 4 1.2
      vertex 62 4 4
      vertex 48.5 4 1.2
    endloop
  endfacet
  facet normal 0 1 0
    outer loop
      vertex 46.9 4 1.2
      vertex 62 4 4
      vertex 47.9 4 1.2
    endloop
  endfacet
  facet normal 0 1 0
    outer loop
      vertex 46.3 4 1.2
      vertex 62 4 4
      vertex 46.9 4 1.2
    endloop
  endfacet
  facet normal 0 1 0
    outer loop
      vertex 45.3 4 1.2
      vertex 62 4 4
      vertex 46.3 4 1.2
    endloop
  endfacet
  facet normal 0 1 0
    outer loop
      vertex 44.7 4 1.2
      vertex 62 4 4
      vertex 45.3 4 1.2
    endloop
  endfacet
  facet normal 0 1 0
    outer loop
      vertex 43.7 4 1.2
      vertex 62 4 4
      vertex 44.7 4 1.2
    endloop
  endfacet
  facet normal 0 1 0
    outer loop
      vertex 43.1 4 1.2
      vertex 62 4 4
      vertex 43.7 4 1.2
    endloop
  endfacet
  facet normal 0 1 0
    outer loop
      vertex 42.1 4 1.2
      vertex 62 4 4
      vertex 43.1 4 1.2
    endloop
  endfacet
  facet normal 0 1 0
    outer loop
      vertex 41.5 4 1.2
      vertex 62 4 4
      vertex 42.1 4 1.2
    endloop
  endfacet
  facet normal 0 1 0
    outer loop
      vertex 40.5 4 1.2
      vertex 62 4 4
      vertex 41.5 4 1.2
    endloop
  endfacet
  facet normal 0 1 0
    outer loop
      vertex 39.9 4 1.2
      vertex 62 4 4
      vertex 40.5 4 1.2
    endloop
  endfacet
  facet normal 0 1 0
    outer loop
      vertex 38.9 4 1.2
      vertex 62 4 4
      vertex 39.9 4 1.2
    endloop
  endfacet
  facet normal 0 1 0
    outer loop
      vertex 38.3 4 1.2
      vertex 62 4 4
      vertex 38.9 4 1.2
    endloop
  endfacet
  facet normal 0 1 0
    outer loop
      vertex 37.3 4 1.2
      vertex 62 4 4
      vertex 38.3 4 1.2
    endloop
  endfacet
  facet normal 0 1 0
    outer loop
      vertex 36.7 4 1.2
      vertex 62 4 4
      vertex 37.3 4 1.2
    endloop
  endfacet
  facet normal 0 1 0
    outer loop
      vertex 35.7 4 1.2
      vertex 62 4 4
      vertex 36.7 4 1.2
    endloop
  endfacet
  facet normal 0 1 0
    outer loop
      vertex 35.1 4 1.2
      vertex 62 4 4
      vertex 35.7 4 1.2
    endloop
  endfacet
  facet normal 0 1 0
    outer loop
      vertex 34.1 4 1.2
      vertex 62 4 4
      vertex 35.1 4 1.2
    endloop
  endfacet
  facet normal 0 1 0
    outer loop
      vertex 62 4 4
      vertex 34.1 4 1.2
      vertex 4 4 4
    endloop
  endfacet
  facet normal 0 1 -0
    outer loop
      vertex 33.5 4 1.2
      vertex 4 4 4
      vertex 34.1 4 1.2
    endloop
  endfacet
  facet normal 0 1 -0
    outer loop
      vertex 32.5 4 1.2
      vertex 4 4 4
      vertex 33.5 4 1.2
    endloop
  endfacet
  facet normal 0 1 -0
    outer loop
      vertex 31.9 4 1.2
      vertex 4 4 4
      vertex 32.5 4 1.2
    endloop
  endfacet
  facet normal 0 1 -0
    outer loop
      vertex 30.9 4 1.2
      vertex 4 4 4
      vertex 31.9 4 1.2
    endloop
  endfacet
  facet normal 0 1 -0
    outer loop
      vertex 30.3 4 1.2
      vertex 4 4 4
      vertex 30.9 4 1.2
    endloop
  endfacet
  facet normal 0 1 -0
    outer loop
      vertex 29.3 4 1.2
      vertex 4 4 4
      vertex 30.3 4 1.2
    endloop
  endfacet
  facet normal 0 1 -0
    outer loop
      vertex 28.7 4 1.2
      vertex 4 4 4
      vertex 29.3 4 1.2
    endloop
  endfacet
  facet normal 0 1 -0
    outer loop
      vertex 27.7 4 1.2
      vertex 4 4 4
      vertex 28.7 4 1.2
    endloop
  endfacet
  facet normal 0 1 -0
    outer loop
      vertex 27.1 4 1.2
      vertex 4 4 4
      vertex 27.7 4 1.2
    endloop
  endfacet
  facet normal 0 1 -0
    outer loop
      vertex 26.1 4 1.2
      vertex 4 4 4
      vertex 27.1 4 1.2
    endloop
  endfacet
  facet normal 0 1 -0
    outer loop
      vertex 25.5 4 1.2
      vertex 4 4 4
      vertex 26.1 4 1.2
    endloop
  endfacet
  facet normal 0 1 -0
    outer loop
      vertex 24.5 4 1.2
      vertex 4 4 4
      vertex 25.5 4 1.2
    endloop
  endfacet
  facet normal 0 1 -0
    outer loop
      vertex 23.9 4 1.2
      vertex 4 4 4
      vertex 24.5 4 1.2
    endloop
  endfacet
  facet normal 0 1 -0
    outer loop
      vertex 22.9 4 1.2
      vertex 4 4 4
      vertex 23.9 4 1.2
    endloop
  endfacet
  facet normal 0 1 -0
    outer loop
      vertex 22.3 4 1.2
      vertex 4 4 4
      vertex 22.9 4 1.2
    endloop
  endfacet
  facet normal 0 1 -0
    outer loop
      vertex 21.3 4 1.2
      vertex 4 4 4
      vertex 22.3 4 1.2
    endloop
  endfacet
  facet normal 0 1 -0
    outer loop
      vertex 20.7 4 1.2
      vertex 4 4 4
      vertex 21.3 4 1.2
    endloop
  endfacet
  facet normal 0 1 -0
    outer loop
      vertex 19.7 4 1.2
      vertex 4 4 4
      vertex 20.7 4 1.2
    endloop
  endfacet
  facet normal 0 1 -0
    outer loop
      vertex 19.1 4 1.2
      vertex 4 4 4
      vertex 19.7 4 1.2
    endloop
  endfacet
  facet normal 0 1 -0
    outer loop
      vertex 18.1 4 1.2
      vertex 4 4 4
      vertex 19.1 4 1.2
    endloop
  endfacet
  facet normal 0 1 -0
    outer loop
      vertex 17.5 4 1.2
      vertex 4 4 4
      vertex 18.1 4 1.2
    endloop
  endfacet
  facet normal 0 1 -0
    outer loop
      vertex 16.5 4 1.2
      vertex 4 4 4
      vertex 17.5 4 1.2
    endloop
  endfacet
  facet normal 0 1 -0
    outer loop
      vertex 15.9 4 1.2
      vertex 4 4 4
      vertex 16.5 4 1.2
    endloop
  endfacet
  facet normal 0 1 -0
    outer loop
      vertex 14.9 4 1.2
      vertex 4 4 4
      vertex 15.9 4 1.2
    endloop
  endfacet
  facet normal 0 1 -0
    outer loop
      vertex 14.3 4 1.2
      vertex 4 4 4
      vertex 14.9 4 1.2
    endloop
  endfacet
  facet normal 0 1 -0
    outer loop
      vertex 13.3 4 1.2
      vertex 4 4 4
      vertex 14.3 4 1.2
    endloop
  endfacet
  facet normal 0 1 -0
    outer loop
      vertex 12.7 4 1.2
      vertex 4 4 4
      vertex 13.3 4 1.2
    endloop
  endfacet
  facet normal 0 1 -0
    outer loop
      vertex 11.7 4 1.2
      vertex 4 4 4
      vertex 12.7 4 1.2
    endloop
  endfacet
  facet normal 0 1 -0
    outer loop
      vertex 11.1 4 1.2
      vertex 4 4 4
      vertex 11.7 4 1.2
    endloop
  endfacet
  facet normal 0 1 -0
    outer loop
      vertex 10.1 4 1.2
      vertex 4 4 4
      vertex 11.1 4 1.2
    endloop
  endfacet
  facet normal 0 1 -0
    outer loop
      vertex 9.5 4 1.2
      vertex 4 4 4
      vertex 10.1 4 1.2
    endloop
  endfacet
  facet normal 0 1 -0
    outer loop
      vertex 8.5 4 1.2
      vertex 4 4 4
      vertex 9.5 4 1.2
    endloop
  endfacet
  facet normal 0 1 -0
    outer loop
      vertex 7.9 4 1.2
      vertex 4 4 4
      vertex 8.5 4 1.2
    endloop
  endfacet
  facet normal 0 1 -0
    outer loop
      vertex 6.9 4 1.2
      vertex 4 4 4
      vertex 7.9 4 1.2
    endloop
  endfacet
  facet normal 0 1 -0
    outer loop
      vertex 6.3 4 1.2
      vertex 4 4 4
      vertex 6.9 4 1.2
    endloop
  endfacet
  facet normal 0 1 -0
    outer loop
      vertex 5.3 4 1.2
      vertex 4 4 4
      vertex 6.3 4 1.2
    endloop
  endfacet
  facet normal 0 1 -0
    outer loop
      vertex 4.7 4 1.2
      vertex 4 4 4
      vertex 5.3 4 1.2
    endloop
  endfacet
  facet normal 0 1 0
    outer loop
      vertex 4 4 4
      vertex 4.7 4 1.2
      vertex 4 4 1.2
    endloop
  endfacet
  facet normal 0 1 -0
    outer loop
      vertex 5.3 4 0
      vertex 4.7 4 1.1
      vertex 5.3 4 1.1
    endloop
  endfacet
  facet normal 0 1 0
    outer loop
      vertex 4.7 4 1.1
      vertex 5.3 4 0
      vertex 4.7 4 0
    endloop
  endfacet
  facet normal 0 1 -0
    outer loop
      vertex 6.9 4 0
      vertex 6.3 4 1.1
      vertex 6.9 4 1.1
    endloop
  endfacet
  facet normal 0 1 0
    outer loop
      vertex 6.3 4 1.1
      vertex 6.9 4 0
      vertex 6.3 4 0
    endloop
  endfacet
  facet normal 0 1 -0
    outer loop
      vertex 8.5 4 0
      vertex 7.9 4 1.1
      vertex 8.5 4 1.1
    endloop
  endfacet
  facet normal 0 1 0
    outer loop
      vertex 7.9 4 1.1
      vertex 8.5 4 0
      vertex 7.9 4 0
    endloop
  endfacet
  facet normal 0 1 -0
    outer loop
      vertex 10.1 4 0
      vertex 9.5 4 1.1
      vertex 10.1 4 1.1
    endloop
  endfacet
  facet normal 0 1 0
    outer loop
      vertex 9.5 4 1.1
      vertex 10.1 4 0
      vertex 9.5 4 0
    endloop
  endfacet
  facet normal 0 1 -0
    outer loop
      vertex 11.7 4 0
      vertex 11.1 4 1.1
      vertex 11.7 4 1.1
    endloop
  endfacet
  facet normal 0 1 0
    outer loop
      vertex 11.1 4 1.1
      vertex 11.7 4 0
      vertex 11.1 4 0
    endloop
  endfacet
  facet normal 0 1 -0
    outer loop
      vertex 13.3 4 0
      vertex 12.7 4 1.1
      vertex 13.3 4 1.1
    endloop
  endfacet
  facet normal 0 1 0
    outer loop
      vertex 12.7 4 1.1
      vertex 13.3 4 0
      vertex 12.7 4 0
    endloop
  endfacet
  facet normal 0 1 -0
    outer loop
      vertex 14.9 4 0
      vertex 14.3 4 1.1
      vertex 14.9 4 1.1
    endloop
  endfacet
  facet normal 0 1 0
    outer loop
      vertex 14.3 4 1.1
      vertex 14.9 4 0
      vertex 14.3 4 0
    endloop
  endfacet
  facet normal 0 1 -0
    outer loop
      vertex 16.5 4 0
      vertex 15.9 4 1.1
      vertex 16.5 4 1.1
    endloop
  endfacet
  facet normal 0 1 0
    outer loop
      vertex 15.9 4 1.1
      vertex 16.5 4 0
      vertex 15.9 4 0
    endloop
  endfacet
  facet normal 0 1 -0
    outer loop
      vertex 18.1 4 0
      vertex 17.5 4 1.1
      vertex 18.1 4 1.1
    endloop
  endfacet
  facet normal 0 1 0
    outer loop
      vertex 17.5 4 1.1
      vertex 18.1 4 0
      vertex 17.5 4 0
    endloop
  endfacet
  facet normal 0 1 -0
    outer loop
      vertex 19.7 4 0
      vertex 19.1 4 1.1
      vertex 19.7 4 1.1
    endloop
  endfacet
  facet normal 0 1 0
    outer loop
      vertex 19.1 4 1.1
      vertex 19.7 4 0
      vertex 19.1 4 0
    endloop
  endfacet
  facet normal 0 1 -0
    outer loop
      vertex 21.3 4 0
      vertex 20.7 4 1.1
      vertex 21.3 4 1.1
    endloop
  endfacet
  facet normal 0 1 0
    outer loop
      vertex 20.7 4 1.1
      vertex 21.3 4 0
      vertex 20.7 4 0
    endloop
  endfacet
  facet normal 0 1 -0
    outer loop
      vertex 22.9 4 0
      vertex 22.3 4 1.1
      vertex 22.9 4 1.1
    endloop
  endfacet
  facet normal 0 1 0
    outer loop
      vertex 22.3 4 1.1
      vertex 22.9 4 0
      vertex 22.3 4 0
    endloop
  endfacet
  facet normal 0 1 -0
    outer loop
      vertex 24.5 4 0
      vertex 23.9 4 1.1
      vertex 24.5 4 1.1
    endloop
  endfacet
  facet normal 0 1 0
    outer loop
      vertex 23.9 4 1.1
      vertex 24.5 4 0
      vertex 23.9 4 0
    endloop
  endfacet
  facet normal 0 1 -0
    outer loop
      vertex 26.1 4 0
      vertex 25.5 4 1.1
      vertex 26.1 4 1.1
    endloop
  endfacet
  facet normal 0 1 0
    outer loop
      vertex 25.5 4 1.1
      vertex 26.1 4 0
      vertex 25.5 4 0
    endloop
  endfacet
  facet normal 0 1 -0
    outer loop
      vertex 27.7 4 0
      vertex 27.1 4 1.1
      vertex 27.7 4 1.1
    endloop
  endfacet
  facet normal 0 1 0
    outer loop
      vertex 27.1 4 1.1
      vertex 27.7 4 0
      vertex 27.1 4 0
    endloop
  endfacet
  facet normal 0 1 -0
    outer loop
      vertex 29.3 4 0
      vertex 28.7 4 1.1
      vertex 29.3 4 1.1
    endloop
  endfacet
  facet normal 0 1 0
    outer loop
      vertex 28.7 4 1.1
      vertex 29.3 4 0
      vertex 28.7 4 0
    endloop
  endfacet
  facet normal 0 1 -0
    outer loop
      vertex 30.9 4 0
      vertex 30.3 4 1.1
      vertex 30.9 4 1.1
    endloop
  endfacet
  facet normal 0 1 0
    outer loop
      vertex 30.3 4 1.1
      vertex 30.9 4 0
      vertex 30.3 4 0
    endloop
  endfacet
  facet normal 0 1 -0
    outer loop
      vertex 32.5 4 0
      vertex 31.9 4 1.1
      vertex 32.5 4 1.1
    endloop
  endfacet
  facet normal 0 1 0
    outer loop
      vertex 31.9 4 1.1
      vertex 32.5 4 0
      vertex 31.9 4 0
    endloop
  endfacet
  facet normal 0 1 -0
    outer loop
      vertex 34.1 4 0
      vertex 33.5 4 1.1
      vertex 34.1 4 1.1
    endloop
  endfacet
  facet normal 0 1 0
    outer loop
      vertex 33.5 4 1.1
      vertex 34.1 4 0
      vertex 33.5 4 0
    endloop
  endfacet
  facet normal 0 1 -0
    outer loop
      vertex 35.7 4 0
      vertex 35.1 4 1.1
      vertex 35.7 4 1.1
    endloop
  endfacet
  facet normal 0 1 0
    outer loop
      vertex 35.1 4 1.1
      vertex 35.7 4 0
      vertex 35.1 4 0
    endloop
  endfacet
  facet normal 0 1 -0
    outer loop
      vertex 37.3 4 0
      vertex 36.7 4 1.1
      vertex 37.3 4 1.1
    endloop
  endfacet
  facet normal 0 1 0
    outer loop
      vertex 36.7 4 1.1
      vertex 37.3 4 0
      vertex 36.7 4 0
    endloop
  endfacet
  facet normal 0 1 -0
    outer loop
      vertex 38.9 4 0
      vertex 38.3 4 1.1
      vertex 38.9 4 1.1
    endloop
  endfacet
  facet normal 0 1 0
    outer loop
      vertex 38.3 4 1.1
      vertex 38.9 4 0
      vertex 38.3 4 0
    endloop
  endfacet
  facet normal 0 1 -0
    outer loop
      vertex 40.5 4 0
      vertex 39.9 4 1.1
      vertex 40.5 4 1.1
    endloop
  endfacet
  facet normal 0 1 0
    outer loop
      vertex 39.9 4 1.1
      vertex 40.5 4 0
      vertex 39.9 4 0
    endloop
  endfacet
  facet normal 0 1 -0
    outer loop
      vertex 42.1 4 0
      vertex 41.5 4 1.1
      vertex 42.1 4 1.1
    endloop
  endfacet
  facet normal 0 1 0
    outer loop
      vertex 41.5 4 1.1
      vertex 42.1 4 0
      vertex 41.5 4 0
    endloop
  endfacet
  facet normal 0 1 -0
    outer loop
      vertex 43.7 4 0
      vertex 43.1 4 1.1
      vertex 43.7 4 1.1
    endloop
  endfacet
  facet normal 0 1 0
    outer loop
      vertex 43.1 4 1.1
      vertex 43.7 4 0
      vertex 43.1 4 0
    endloop
  endfacet
  facet normal 0 1 -0
    outer loop
      vertex 45.3 4 0
      vertex 44.7 4 1.1
      vertex 45.3 4 1.1
    endloop
  endfacet
  facet normal 0 1 0
    outer loop
      vertex 44.7 4 1.1
      vertex 45.3 4 0
      vertex 44.7 4 0
    endloop
  endfacet
  facet normal 0 1 -0
    outer loop
      vertex 46.9 4 0
      vertex 46.3 4 1.1
      vertex 46.9 4 1.1
    endloop
  endfacet
  facet normal 0 1 0
    outer loop
      vertex 46.3 4 1.1
      vertex 46.9 4 0
      vertex 46.3 4 0
    endloop
  endfacet
  facet normal 0 1 -0
    outer loop
      vertex 48.5 4 0
      vertex 47.9 4 1.1
      vertex 48.5 4 1.1
    endloop
  endfacet
  facet normal 0 1 0
    outer loop
      vertex 47.9 4 1.1
      vertex 48.5 4 0
      vertex 47.9 4 0
    endloop
  endfacet
  facet normal 0 1 -0
    outer loop
      vertex 50.1 4 0
      vertex 49.5 4 1.1
      vertex 50.1 4 1.1
    endloop
  endfacet
  facet normal 0 1 0
    outer loop
      vertex 49.5 4 1.1
      vertex 50.1 4 0
      vertex 49.5 4 0
    endloop
  endfacet
  facet normal 0 1 -0
    outer loop
      vertex 51.7 4 0
      vertex 51.1 4 1.1
      vertex 51.7 4 1.1
    endloop
  endfacet
  facet normal 0 1 0
    outer loop
      vertex 51.1 4 1.1
      vertex 51.7 4 0
      vertex 51.1 4 0
    endloop
  endfacet
  facet normal 0 1 -0
    outer loop
      vertex 53.3 4 0
      vertex 52.7 4 1.1
      vertex 53.3 4 1.1
    endloop
  endfacet
  facet normal 0 1 0
    outer loop
      vertex 52.7 4 1.1
      vertex 53.3 4 0
      vertex 52.7 4 0
    endloop
  endfacet
  facet normal 0 1 -0
    outer loop
      vertex 54.9 4 0
      vertex 54.3 4 1.1
      vertex 54.9 4 1.1
    endloop
  endfacet
  facet normal 0 1 0
    outer loop
      vertex 54.3 4 1.1
      vertex 54.9 4 0
      vertex 54.3 4 0
    endloop
  endfacet
  facet normal 0 1 -0
    outer loop
      vertex 56.5 4 0
      vertex 55.9 4 1.1
      vertex 56.5 4 1.1
    endloop
  endfacet
  facet normal 0 1 0
    outer loop
      vertex 55.9 4 1.1
      vertex 56.5 4 0
      vertex 55.9 4 0
    endloop
  endfacet
  facet normal 0 1 -0
    outer loop
      vertex 58.1 4 0
      vertex 57.5 4 1.1
      vertex 58.1 4 1.1
    endloop
  endfacet
  facet normal 0 1 0
    outer loop
      vertex 57.5 4 1.1
      vertex 58.1 4 0
      vertex 57.5 4 0
    endloop
  endfacet
  facet normal 0 1 -0
    outer loop
      vertex 59.7 4 0
      vertex 59.1 4 1.1
      vertex 59.7 4 1.1
    endloop
  endfacet
  facet normal 0 1 0
    outer loop
      vertex 59.1 4 1.1
      vertex 59.7 4 0
      vertex 59.1 4 0
    endloop
  endfacet
  facet normal 0 1 -0
    outer loop
      vertex 61.3 4 0
      vertex 60.7 4 1.1
      vertex 61.3 4 1.1
    endloop
  endfacet
  facet normal 0 1 0
    outer loop
      vertex 60.7 4 1.1
      vertex 61.3 4 0
      vertex 60.7 4 0
    endloop
  endfacet
  facet normal -1 0 0
    outer loop
      vertex 6.9 4 0
      vertex 6.9 14 1.1
      vertex 6.9 14 0
    endloop
  endfacet
  facet normal -1 0 0
    outer loop
      vertex 6.9 4 1.1
      vertex 6.9 14 1.1
      vertex 6.9 4 0
    endloop
  endfacet
  facet normal -1 0 0
    outer loop
      vertex 6.9 14 1.1
      vertex 6.9 4 1.1
      vertex 6.9 14 1.2
    endloop
  endfacet
  facet normal -1 -0 0
    outer loop
      vertex 6.9 14 1.2
      vertex 6.9 4 1.1
      vertex 6.9 4 1.2
    endloop
  endfacet
  facet normal 1 0 0
    outer loop
      vertex 6.3 4 1.1
      vertex 6.3 14 1.1
      vertex 6.3 14 1.2
    endloop
  endfacet
  facet normal 1 0 0
    outer loop
      vertex 6.3 4 1.1
      vertex 6.3 14 1.2
      vertex 6.3 4 1.2
    endloop
  endfacet
  facet normal 1 0 0
    outer loop
      vertex 6.3 14 1.1
      vertex 6.3 4 1.1
      vertex 6.3 14 0
    endloop
  endfacet
  facet normal 1 0 0
    outer loop
      vertex 6.3 14 0
      vertex 6.3 4 1.1
      vertex 6.3 4 0
    endloop
  endfacet
  facet normal -1 0 0
    outer loop
      vertex 8.5 4 0
      vertex 8.5 14 1.1
      vertex 8.5 14 0
    endloop
  endfacet
  facet normal -1 0 0
    outer loop
      vertex 8.5 4 1.1
      vertex 8.5 14 1.1
      vertex 8.5 4 0
    endloop
  endfacet
  facet normal -1 0 0
    outer loop
      vertex 8.5 14 1.1
      vertex 8.5 4 1.1
      vertex 8.5 14 1.2
    endloop
  endfacet
  facet normal -1 -0 0
    outer loop
      vertex 8.5 14 1.2
      vertex 8.5 4 1.1
      vertex 8.5 4 1.2
    endloop
  endfacet
  facet normal 1 0 0
    outer loop
      vertex 7.9 4 1.1
      vertex 7.9 14 1.1
      vertex 7.9 14 1.2
    endloop
  endfacet
  facet normal 1 0 0
    outer loop
      vertex 7.9 4 1.1
      vertex 7.9 14 1.2
      vertex 7.9 4 1.2
    endloop
  endfacet
  facet normal 1 0 0
    outer loop
      vertex 7.9 14 1.1
      vertex 7.9 4 1.1
      vertex 7.9 14 0
    endloop
  endfacet
  facet normal 1 0 0
    outer loop
      vertex 7.9 14 0
      vertex 7.9 4 1.1
      vertex 7.9 4 0
    endloop
  endfacet
  facet normal -1 0 0
    outer loop
      vertex 10.1 4 0
      vertex 10.1 14 1.1
      vertex 10.1 14 0
    endloop
  endfacet
  facet normal -1 0 0
    outer loop
      vertex 10.1 4 1.1
      vertex 10.1 14 1.1
      vertex 10.1 4 0
    endloop
  endfacet
  facet normal -1 0 0
    outer loop
      vertex 10.1 14 1.1
      vertex 10.1 4 1.1
      vertex 10.1 14 1.2
    endloop
  endfacet
  facet normal -1 -0 0
    outer loop
      vertex 10.1 14 1.2
      vertex 10.1 4 1.1
      vertex 10.1 4 1.2
    endloop
  endfacet
  facet normal 1 0 0
    outer loop
      vertex 9.5 4 1.1
      vertex 9.5 14 1.1
      vertex 9.5 14 1.2
    endloop
  endfacet
  facet normal 1 0 0
    outer loop
      vertex 9.5 4 1.1
      vertex 9.5 14 1.2
      vertex 9.5 4 1.2
    endloop
  endfacet
  facet normal 1 0 0
    outer loop
      vertex 9.5 14 1.1
      vertex 9.5 4 1.1
      vertex 9.5 14 0
    endloop
  endfacet
  facet normal 1 0 0
    outer loop
      vertex 9.5 14 0
      vertex 9.5 4 1.1
      vertex 9.5 4 0
    endloop
  endfacet
  facet normal -1 0 0
    outer loop
      vertex 11.7 4 0
      vertex 11.7 14 1.1
      vertex 11.7 14 0
    endloop
  endfacet
  facet normal -1 0 0
    outer loop
      vertex 11.7 4 1.1
      vertex 11.7 14 1.1
      vertex 11.7 4 0
    endloop
  endfacet
  facet normal -1 0 0
    outer loop
      vertex 11.7 14 1.1
      vertex 11.7 4 1.1
      vertex 11.7 14 1.2
    endloop
  endfacet
  facet normal -1 -0 0
    outer loop
      vertex 11.7 14 1.2
      vertex 11.7 4 1.1
      vertex 11.7 4 1.2
    endloop
  endfacet
  facet normal 1 0 0
    outer loop
      vertex 11.1 4 1.1
      vertex 11.1 14 1.1
      vertex 11.1 14 1.2
    endloop
  endfacet
  facet normal 1 0 0
    outer loop
      vertex 11.1 4 1.1
      vertex 11.1 14 1.2
      vertex 11.1 4 1.2
    endloop
  endfacet
  facet normal 1 0 0
    outer loop
      vertex 11.1 14 1.1
      vertex 11.1 4 1.1
      vertex 11.1 14 0
    endloop
  endfacet
  facet normal 1 0 0
    outer loop
      vertex 11.1 14 0
      vertex 11.1 4 1.1
      vertex 11.1 4 0
    endloop
  endfacet
  facet normal -1 0 0
    outer loop
      vertex 13.3 4 0
      vertex 13.3 14 1.1
      vertex 13.3 14 0
    endloop
  endfacet
  facet normal -1 0 0
    outer loop
      vertex 13.3 4 1.1
      vertex 13.3 14 1.1
      vertex 13.3 4 0
    endloop
  endfacet
  facet normal -1 0 0
    outer loop
      vertex 13.3 14 1.1
      vertex 13.3 4 1.1
      vertex 13.3 14 1.2
    endloop
  endfacet
  facet normal -1 -0 0
    outer loop
      vertex 13.3 14 1.2
      vertex 13.3 4 1.1
      vertex 13.3 4 1.2
    endloop
  endfacet
  facet normal 1 0 0
    outer loop
      vertex 12.7 4 1.1
      vertex 12.7 14 1.1
      vertex 12.7 14 1.2
    endloop
  endfacet
  facet normal 1 0 0
    outer loop
      vertex 12.7 4 1.1
      vertex 12.7 14 1.2
      vertex 12.7 4 1.2
    endloop
  endfacet
  facet normal 1 0 0
    outer loop
      vertex 12.7 14 1.1
      vertex 12.7 4 1.1
      vertex 12.7 14 0
    endloop
  endfacet
  facet normal 1 0 0
    outer loop
      vertex 12.7 14 0
      vertex 12.7 4 1.1
      vertex 12.7 4 0
    endloop
  endfacet
  facet normal -1 0 0
    outer loop
      vertex 14.9 4 0
      vertex 14.9 14 1.1
      vertex 14.9 14 0
    endloop
  endfacet
  facet normal -1 0 0
    outer loop
      vertex 14.9 4 1.1
      vertex 14.9 14 1.1
      vertex 14.9 4 0
    endloop
  endfacet
  facet normal -1 0 0
    outer loop
      vertex 14.9 14 1.1
      vertex 14.9 4 1.1
      vertex 14.9 14 1.2
    endloop
  endfacet
  facet normal -1 -0 0
    outer loop
      vertex 14.9 14 1.2
      vertex 14.9 4 1.1
      vertex 14.9 4 1.2
    endloop
  endfacet
  facet normal 1 0 0
    outer loop
      vertex 14.3 4 1.1
      vertex 14.3 14 1.1
      vertex 14.3 14 1.2
    endloop
  endfacet
  facet normal 1 0 0
    outer loop
      vertex 14.3 4 1.1
      vertex 14.3 14 1.2
      vertex 14.3 4 1.2
    endloop
  endfacet
  facet normal 1 0 0
    outer loop
      vertex 14.3 14 1.1
      vertex 14.3 4 1.1
      vertex 14.3 14 0
    endloop
  endfacet
  facet normal 1 0 0
    outer loop
      vertex 14.3 14 0
      vertex 14.3 4 1.1
      vertex 14.3 4 0
    endloop
  endfacet
  facet normal -1 0 0
    outer loop
      vertex 16.5 4 0
      vertex 16.5 14 1.1
      vertex 16.5 14 0
    endloop
  endfacet
  facet normal -1 0 0
    outer loop
      vertex 16.5 4 1.1
      vertex 16.5 14 1.1
      vertex 16.5 4 0
    endloop
  endfacet
  facet normal -1 0 0
    outer loop
      vertex 16.5 14 1.1
      vertex 16.5 4 1.1
      vertex 16.5 14 1.2
    endloop
  endfacet
  facet normal -1 -0 0
    outer loop
      vertex 16.5 14 1.2
      vertex 16.5 4 1.1
      vertex 16.5 4 1.2
    endloop
  endfacet
  facet normal 1 0 0
    outer loop
      vertex 15.9 4 1.1
      vertex 15.9 14 1.1
      vertex 15.9 14 1.2
    endloop
  endfacet
  facet normal 1 0 0
    outer loop
      vertex 15.9 4 1.1
      vertex 15.9 14 1.2
      vertex 15.9 4 1.2
    endloop
  endfacet
  facet normal 1 0 0
    outer loop
      vertex 15.9 14 1.1
      vertex 15.9 4 1.1
      vertex 15.9 14 0
    endloop
  endfacet
  facet normal 1 0 0
    outer loop
      vertex 15.9 14 0
      vertex 15.9 4 1.1
      vertex 15.9 4 0
    endloop
  endfacet
  facet normal -1 0 0
    outer loop
      vertex 18.1 4 0
      vertex 18.1 14 1.1
      vertex 18.1 14 0
    endloop
  endfacet
  facet normal -1 0 0
    outer loop
      vertex 18.1 4 1.1
      vertex 18.1 14 1.1
      vertex 18.1 4 0
    endloop
  endfacet
  facet normal -1 0 0
    outer loop
      vertex 18.1 14 1.1
      vertex 18.1 4 1.1
      vertex 18.1 14 1.2
    endloop
  endfacet
  facet normal -1 -0 0
    outer loop
      vertex 18.1 14 1.2
      vertex 18.1 4 1.1
      vertex 18.1 4 1.2
    endloop
  endfacet
  facet normal 1 0 0
    outer loop
      vertex 17.5 4 1.1
      vertex 17.5 14 1.1
      vertex 17.5 14 1.2
    endloop
  endfacet
  facet normal 1 0 0
    outer loop
      vertex 17.5 4 1.1
      vertex 17.5 14 1.2
      vertex 17.5 4 1.2
    endloop
  endfacet
  facet normal 1 0 0
    outer loop
      vertex 17.5 14 1.1
      vertex 17.5 4 1.1
      vertex 17.5 14 0
    endloop
  endfacet
  facet normal 1 0 0
    outer loop
      vertex 17.5 14 0
      vertex 17.5 4 1.1
      vertex 17.5 4 0
    endloop
  endfacet
  facet normal -1 0 0
    outer loop
      vertex 19.7 4 0
      vertex 19.7 14 1.1
      vertex 19.7 14 0
    endloop
  endfacet
  facet normal -1 0 0
    outer loop
      vertex 19.7 4 1.1
      vertex 19.7 14 1.1
      vertex 19.7 4 0
    endloop
  endfacet
  facet normal -1 0 0
    outer loop
      vertex 19.7 14 1.1
      vertex 19.7 4 1.1
      vertex 19.7 14 1.2
    endloop
  endfacet
  facet normal -1 -0 0
    outer loop
      vertex 19.7 14 1.2
      vertex 19.7 4 1.1
      vertex 19.7 4 1.2
    endloop
  endfacet
  facet normal 1 0 0
    outer loop
      vertex 19.1 4 1.1
      vertex 19.1 14 1.1
      vertex 19.1 14 1.2
    endloop
  endfacet
  facet normal 1 0 0
    outer loop
      vertex 19.1 4 1.1
      vertex 19.1 14 1.2
      vertex 19.1 4 1.2
    endloop
  endfacet
  facet normal 1 0 0
    outer loop
      vertex 19.1 14 1.1
      vertex 19.1 4 1.1
      vertex 19.1 14 0
    endloop
  endfacet
  facet normal 1 0 0
    outer loop
      vertex 19.1 14 0
      vertex 19.1 4 1.1
      vertex 19.1 4 0
    endloop
  endfacet
  facet normal -1 0 0
    outer loop
      vertex 21.3 4 0
      vertex 21.3 14 1.1
      vertex 21.3 14 0
    endloop
  endfacet
  facet normal -1 0 0
    outer loop
      vertex 21.3 4 1.1
      vertex 21.3 14 1.1
      vertex 21.3 4 0
    endloop
  endfacet
  facet normal -1 0 0
    outer loop
      vertex 21.3 14 1.1
      vertex 21.3 4 1.1
      vertex 21.3 14 1.2
    endloop
  endfacet
  facet normal -1 -0 0
    outer loop
      vertex 21.3 14 1.2
      vertex 21.3 4 1.1
      vertex 21.3 4 1.2
    endloop
  endfacet
  facet normal 1 0 0
    outer loop
      vertex 20.7 4 1.1
      vertex 20.7 14 1.1
      vertex 20.7 14 1.2
    endloop
  endfacet
  facet normal 1 0 0
    outer loop
      vertex 20.7 4 1.1
      vertex 20.7 14 1.2
      vertex 20.7 4 1.2
    endloop
  endfacet
  facet normal 1 0 0
    outer loop
      vertex 20.7 14 1.1
      vertex 20.7 4 1.1
      vertex 20.7 14 0
    endloop
  endfacet
  facet normal 1 0 0
    outer loop
      vertex 20.7 14 0
      vertex 20.7 4 1.1
      vertex 20.7 4 0
    endloop
  endfacet
  facet normal -1 0 0
    outer loop
      vertex 22.9 4 0
      vertex 22.9 14 1.1
      vertex 22.9 14 0
    endloop
  endfacet
  facet normal -1 0 0
    outer loop
      vertex 22.9 4 1.1
      vertex 22.9 14 1.1
      vertex 22.9 4 0
    endloop
  endfacet
  facet normal -1 0 0
    outer loop
      vertex 22.9 14 1.1
      vertex 22.9 4 1.1
      vertex 22.9 14 1.2
    endloop
  endfacet
  facet normal -1 -0 0
    outer loop
      vertex 22.9 14 1.2
      vertex 22.9 4 1.1
      vertex 22.9 4 1.2
    endloop
  endfacet
  facet normal 1 0 0
    outer loop
      vertex 22.3 4 1.1
      vertex 22.3 14 1.1
      vertex 22.3 14 1.2
    endloop
  endfacet
  facet normal 1 0 0
    outer loop
      vertex 22.3 4 1.1
      vertex 22.3 14 1.2
      vertex 22.3 4 1.2
    endloop
  endfacet
  facet normal 1 0 0
    outer loop
      vertex 22.3 14 1.1
      vertex 22.3 4 1.1
      vertex 22.3 14 0
    endloop
  endfacet
  facet normal 1 0 0
    outer loop
      vertex 22.3 14 0
      vertex 22.3 4 1.1
      vertex 22.3 4 0
    endloop
  endfacet
  facet normal -1 0 0
    outer loop
      vertex 24.5 4 0
      vertex 24.5 14 1.1
      vertex 24.5 14 0
    endloop
  endfacet
  facet normal -1 0 0
    outer loop
      vertex 24.5 4 1.1
      vertex 24.5 14 1.1
      vertex 24.5 4 0
    endloop
  endfacet
  facet normal -1 0 0
    outer loop
      vertex 24.5 14 1.1
      vertex 24.5 4 1.1
      vertex 24.5 14 1.2
    endloop
  endfacet
  facet normal -1 -0 0
    outer loop
      vertex 24.5 14 1.2
      vertex 24.5 4 1.1
      vertex 24.5 4 1.2
    endloop
  endfacet
  facet normal 1 0 0
    outer loop
      vertex 23.9 4 1.1
      vertex 23.9 14 1.1
      vertex 23.9 14 1.2
    endloop
  endfacet
  facet normal 1 0 0
    outer loop
      vertex 23.9 4 1.1
      vertex 23.9 14 1.2
      vertex 23.9 4 1.2
    endloop
  endfacet
  facet normal 1 0 0
    outer loop
      vertex 23.9 14 1.1
      vertex 23.9 4 1.1
      vertex 23.9 14 0
    endloop
  endfacet
  facet normal 1 0 0
    outer loop
      vertex 23.9 14 0
      vertex 23.9 4 1.1
      vertex 23.9 4 0
    endloop
  endfacet
  facet normal -1 0 0
    outer loop
      vertex 26.1 4 0
      vertex 26.1 14 1.1
      vertex 26.1 14 0
    endloop
  endfacet
  facet normal -1 0 0
    outer loop
      vertex 26.1 4 1.1
      vertex 26.1 14 1.1
      vertex 26.1 4 0
    endloop
  endfacet
  facet normal -1 0 0
    outer loop
      vertex 26.1 14 1.1
      vertex 26.1 4 1.1
      vertex 26.1 14 1.2
    endloop
  endfacet
  facet normal -1 -0 0
    outer loop
      vertex 26.1 14 1.2
      vertex 26.1 4 1.1
      vertex 26.1 4 1.2
    endloop
  endfacet
  facet normal 1 0 0
    outer loop
      vertex 25.5 4 1.1
      vertex 25.5 14 1.1
      vertex 25.5 14 1.2
    endloop
  endfacet
  facet normal 1 0 0
    outer loop
      vertex 25.5 4 1.1
      vertex 25.5 14 1.2
      vertex 25.5 4 1.2
    endloop
  endfacet
  facet normal 1 0 0
    outer loop
      vertex 25.5 14 1.1
      vertex 25.5 4 1.1
      vertex 25.5 14 0
    endloop
  endfacet
  facet normal 1 0 0
    outer loop
      vertex 25.5 14 0
      vertex 25.5 4 1.1
      vertex 25.5 4 0
    endloop
  endfacet
  facet normal -1 0 0
    outer loop
      vertex 27.7 4 0
      vertex 27.7 14 1.1
      vertex 27.7 14 0
    endloop
  endfacet
  facet normal -1 0 0
    outer loop
      vertex 27.7 4 1.1
      vertex 27.7 14 1.1
      vertex 27.7 4 0
    endloop
  endfacet
  facet normal -1 0 0
    outer loop
      vertex 27.7 14 1.1
      vertex 27.7 4 1.1
      vertex 27.7 14 1.2
    endloop
  endfacet
  facet normal -1 -0 0
    outer loop
      vertex 27.7 14 1.2
      vertex 27.7 4 1.1
      vertex 27.7 4 1.2
    endloop
  endfacet
  facet normal 1 0 0
    outer loop
      vertex 27.1 4 1.1
      vertex 27.1 14 1.1
      vertex 27.1 14 1.2
    endloop
  endfacet
  facet normal 1 0 0
    outer loop
      vertex 27.1 4 1.1
      vertex 27.1 14 1.2
      vertex 27.1 4 1.2
    endloop
  endfacet
  facet normal 1 0 0
    outer loop
      vertex 27.1 14 1.1
      vertex 27.1 4 1.1
      vertex 27.1 14 0
    endloop
  endfacet
  facet normal 1 0 0
    outer loop
      vertex 27.1 14 0
      vertex 27.1 4 1.1
      vertex 27.1 4 0
    endloop
  endfacet
  facet normal -1 0 0
    outer loop
      vertex 29.3 4 0
      vertex 29.3 14 1.1
      vertex 29.3 14 0
    endloop
  endfacet
  facet normal -1 0 0
    outer loop
      vertex 29.3 4 1.1
      vertex 29.3 14 1.1
      vertex 29.3 4 0
    endloop
  endfacet
  facet normal -1 0 0
    outer loop
      vertex 29.3 14 1.1
      vertex 29.3 4 1.1
      vertex 29.3 14 1.2
    endloop
  endfacet
  facet normal -1 -0 0
    outer loop
      vertex 29.3 14 1.2
      vertex 29.3 4 1.1
      vertex 29.3 4 1.2
    endloop
  endfacet
  facet normal 1 0 0
    outer loop
      vertex 28.7 4 1.1
      vertex 28.7 14 1.1
      vertex 28.7 14 1.2
    endloop
  endfacet
  facet normal 1 0 0
    outer loop
      vertex 28.7 4 1.1
      vertex 28.7 14 1.2
      vertex 28.7 4 1.2
    endloop
  endfacet
  facet normal 1 0 0
    outer loop
      vertex 28.7 14 1.1
      vertex 28.7 4 1.1
      vertex 28.7 14 0
    endloop
  endfacet
  facet normal 1 0 0
    outer loop
      vertex 28.7 14 0
      vertex 28.7 4 1.1
      vertex 28.7 4 0
    endloop
  endfacet
  facet normal -1 0 0
    outer loop
      vertex 30.9 4 0
      vertex 30.9 14 1.1
      vertex 30.9 14 0
    endloop
  endfacet
  facet normal -1 0 0
    outer loop
      vertex 30.9 4 1.1
      vertex 30.9 14 1.1
      vertex 30.9 4 0
    endloop
  endfacet
  facet normal -1 0 0
    outer loop
      vertex 30.9 14 1.1
      vertex 30.9 4 1.1
      vertex 30.9 14 1.2
    endloop
  endfacet
  facet normal -1 -0 0
    outer loop
      vertex 30.9 14 1.2
      vertex 30.9 4 1.1
      vertex 30.9 4 1.2
    endloop
  endfacet
  facet normal 1 0 0
    outer loop
      vertex 30.3 4 1.1
      vertex 30.3 14 1.1
      vertex 30.3 14 1.2
    endloop
  endfacet
  facet normal 1 0 0
    outer loop
      vertex 30.3 4 1.1
      vertex 30.3 14 1.2
      vertex 30.3 4 1.2
    endloop
  endfacet
  facet normal 1 0 0
    outer loop
      vertex 30.3 14 1.1
      vertex 30.3 4 1.1
      vertex 30.3 14 0
    endloop
  endfacet
  facet normal 1 0 0
    outer loop
      vertex 30.3 14 0
      vertex 30.3 4 1.1
      vertex 30.3 4 0
    endloop
  endfacet
  facet normal -1 0 0
    outer loop
      vertex 32.5 4 0
      vertex 32.5 14 1.1
      vertex 32.5 14 0
    endloop
  endfacet
  facet normal -1 0 0
    outer loop
      vertex 32.5 4 1.1
      vertex 32.5 14 1.1
      vertex 32.5 4 0
    endloop
  endfacet
  facet normal -1 0 0
    outer loop
      vertex 32.5 14 1.1
      vertex 32.5 4 1.1
      vertex 32.5 14 1.2
    endloop
  endfacet
  facet normal -1 -0 0
    outer loop
      vertex 32.5 14 1.2
      vertex 32.5 4 1.1
      vertex 32.5 4 1.2
    endloop
  endfacet
  facet normal 1 0 0
    outer loop
      vertex 31.9 4 1.1
      vertex 31.9 14 1.1
      vertex 31.9 14 1.2
    endloop
  endfacet
  facet normal 1 0 0
    outer loop
      vertex 31.9 4 1.1
      vertex 31.9 14 1.2
      vertex 31.9 4 1.2
    endloop
  endfacet
  facet normal 1 0 0
    outer loop
      vertex 31.9 14 1.1
      vertex 31.9 4 1.1
      vertex 31.9 14 0
    endloop
  endfacet
  facet normal 1 0 0
    outer loop
      vertex 31.9 14 0
      vertex 31.9 4 1.1
      vertex 31.9 4 0
    endloop
  endfacet
  facet normal -1 0 0
    outer loop
      vertex 34.1 4 0
      vertex 34.1 14 1.1
      vertex 34.1 14 0
    endloop
  endfacet
  facet normal -1 0 0
    outer loop
      vertex 34.1 4 1.1
      vertex 34.1 14 1.1
      vertex 34.1 4 0
    endloop
  endfacet
  facet normal -1 0 0
    outer loop
      vertex 34.1 14 1.1
      vertex 34.1 4 1.1
      vertex 34.1 14 1.2
    endloop
  endfacet
  facet normal -1 -0 0
    outer loop
      vertex 34.1 14 1.2
      vertex 34.1 4 1.1
      vertex 34.1 4 1.2
    endloop
  endfacet
  facet normal 1 0 0
    outer loop
      vertex 33.5 4 1.1
      vertex 33.5 14 1.1
      vertex 33.5 14 1.2
    endloop
  endfacet
  facet normal 1 0 0
    outer loop
      vertex 33.5 4 1.1
      vertex 33.5 14 1.2
      vertex 33.5 4 1.2
    endloop
  endfacet
  facet normal 1 0 0
    outer loop
      vertex 33.5 14 1.1
      vertex 33.5 4 1.1
      vertex 33.5 14 0
    endloop
  endfacet
  facet normal 1 0 0
    outer loop
      vertex 33.5 14 0
      vertex 33.5 4 1.1
      vertex 33.5 4 0
    endloop
  endfacet
  facet normal -1 0 0
    outer loop
      vertex 35.7 4 0
      vertex 35.7 14 1.1
      vertex 35.7 14 0
    endloop
  endfacet
  facet normal -1 0 0
    outer loop
      vertex 35.7 4 1.1
      vertex 35.7 14 1.1
      vertex 35.7 4 0
    endloop
  endfacet
  facet normal -1 0 0
    outer loop
      vertex 35.7 14 1.1
      vertex 35.7 4 1.1
      vertex 35.7 14 1.2
    endloop
  endfacet
  facet normal -1 -0 0
    outer loop
      vertex 35.7 14 1.2
      vertex 35.7 4 1.1
      vertex 35.7 4 1.2
    endloop
  endfacet
  facet normal 1 0 0
    outer loop
      vertex 35.1 4 1.1
      vertex 35.1 14 1.1
      vertex 35.1 14 1.2
    endloop
  endfacet
  facet normal 1 0 0
    outer loop
      vertex 35.1 4 1.1
      vertex 35.1 14 1.2
      vertex 35.1 4 1.2
    endloop
  endfacet
  facet normal 1 0 0
    outer loop
      vertex 35.1 14 1.1
      vertex 35.1 4 1.1
      vertex 35.1 14 0
    endloop
  endfacet
  facet normal 1 0 0
    outer loop
      vertex 35.1 14 0
      vertex 35.1 4 1.1
      vertex 35.1 4 0
    endloop
  endfacet
  facet normal -1 0 0
    outer loop
      vertex 37.3 4 0
      vertex 37.3 14 1.1
      vertex 37.3 14 0
    endloop
  endfacet
  facet normal -1 0 0
    outer loop
      vertex 37.3 4 1.1
      vertex 37.3 14 1.1
      vertex 37.3 4 0
    endloop
  endfacet
  facet normal -1 0 0
    outer loop
      vertex 37.3 14 1.1
      vertex 37.3 4 1.1
      vertex 37.3 14 1.2
    endloop
  endfacet
  facet normal -1 -0 0
    outer loop
      vertex 37.3 14 1.2
      vertex 37.3 4 1.1
      vertex 37.3 4 1.2
    endloop
  endfacet
  facet normal 1 0 0
    outer loop
      vertex 36.7 4 1.1
      vertex 36.7 14 1.1
      vertex 36.7 14 1.2
    endloop
  endfacet
  facet normal 1 0 0
    outer loop
      vertex 36.7 4 1.1
      vertex 36.7 14 1.2
      vertex 36.7 4 1.2
    endloop
  endfacet
  facet normal 1 0 0
    outer loop
      vertex 36.7 14 1.1
      vertex 36.7 4 1.1
      vertex 36.7 14 0
    endloop
  endfacet
  facet normal 1 0 0
    outer loop
      vertex 36.7 14 0
      vertex 36.7 4 1.1
      vertex 36.7 4 0
    endloop
  endfacet
  facet normal -1 0 0
    outer loop
      vertex 38.9 4 0
      vertex 38.9 14 1.1
      vertex 38.9 14 0
    endloop
  endfacet
  facet normal -1 0 0
    outer loop
      vertex 38.9 4 1.1
      vertex 38.9 14 1.1
      vertex 38.9 4 0
    endloop
  endfacet
  facet normal -1 0 0
    outer loop
      vertex 38.9 14 1.1
      vertex 38.9 4 1.1
      vertex 38.9 14 1.2
    endloop
  endfacet
  facet normal -1 -0 0
    outer loop
      vertex 38.9 14 1.2
      vertex 38.9 4 1.1
      vertex 38.9 4 1.2
    endloop
  endfacet
  facet normal 1 0 0
    outer loop
      vertex 38.3 4 1.1
      vertex 38.3 14 1.1
      vertex 38.3 14 1.2
    endloop
  endfacet
  facet normal 1 0 0
    outer loop
      vertex 38.3 4 1.1
      vertex 38.3 14 1.2
      vertex 38.3 4 1.2
    endloop
  endfacet
  facet normal 1 0 0
    outer loop
      vertex 38.3 14 1.1
      vertex 38.3 4 1.1
      vertex 38.3 14 0
    endloop
  endfacet
  facet normal 1 0 0
    outer loop
      vertex 38.3 14 0
      vertex 38.3 4 1.1
      vertex 38.3 4 0
    endloop
  endfacet
  facet normal -1 0 0
    outer loop
      vertex 40.5 4 0
      vertex 40.5 14 1.1
      vertex 40.5 14 0
    endloop
  endfacet
  facet normal -1 0 0
    outer loop
      vertex 40.5 4 1.1
      vertex 40.5 14 1.1
      vertex 40.5 4 0
    endloop
  endfacet
  facet normal -1 0 0
    outer loop
      vertex 40.5 14 1.1
      vertex 40.5 4 1.1
      vertex 40.5 14 1.2
    endloop
  endfacet
  facet normal -1 -0 0
    outer loop
      vertex 40.5 14 1.2
      vertex 40.5 4 1.1
      vertex 40.5 4 1.2
    endloop
  endfacet
  facet normal 1 0 0
    outer loop
      vertex 39.9 4 1.1
      vertex 39.9 14 1.1
      vertex 39.9 14 1.2
    endloop
  endfacet
  facet normal 1 0 0
    outer loop
      vertex 39.9 4 1.1
      vertex 39.9 14 1.2
      vertex 39.9 4 1.2
    endloop
  endfacet
  facet normal 1 0 0
    outer loop
      vertex 39.9 14 1.1
      vertex 39.9 4 1.1
      vertex 39.9 14 0
    endloop
  endfacet
  facet normal 1 0 0
    outer loop
      vertex 39.9 14 0
      vertex 39.9 4 1.1
      vertex 39.9 4 0
    endloop
  endfacet
  facet normal -1 0 0
    outer loop
      vertex 42.1 4 0
      vertex 42.1 14 1.1
      vertex 42.1 14 0
    endloop
  endfacet
  facet normal -1 0 0
    outer loop
      vertex 42.1 4 1.1
      vertex 42.1 14 1.1
      vertex 42.1 4 0
    endloop
  endfacet
  facet normal -1 0 0
    outer loop
      vertex 42.1 14 1.1
      vertex 42.1 4 1.1
      vertex 42.1 14 1.2
    endloop
  endfacet
  facet normal -1 -0 0
    outer loop
      vertex 42.1 14 1.2
      vertex 42.1 4 1.1
      vertex 42.1 4 1.2
    endloop
  endfacet
  facet normal 1 0 0
    outer loop
      vertex 41.5 4 1.1
      vertex 41.5 14 1.1
      vertex 41.5 14 1.2
    endloop
  endfacet
  facet normal 1 0 0
    outer loop
      vertex 41.5 4 1.1
      vertex 41.5 14 1.2
      vertex 41.5 4 1.2
    endloop
  endfacet
  facet normal 1 0 0
    outer loop
      vertex 41.5 14 1.1
      vertex 41.5 4 1.1
      vertex 41.5 14 0
    endloop
  endfacet
  facet normal 1 0 0
    outer loop
      vertex 41.5 14 0
      vertex 41.5 4 1.1
      vertex 41.5 4 0
    endloop
  endfacet
  facet normal -1 0 0
    outer loop
      vertex 43.7 4 0
      vertex 43.7 14 1.1
      vertex 43.7 14 0
    endloop
  endfacet
  facet normal -1 0 0
    outer loop
      vertex 43.7 4 1.1
      vertex 43.7 14 1.1
      vertex 43.7 4 0
    endloop
  endfacet
  facet normal -1 0 0
    outer loop
      vertex 43.7 14 1.1
      vertex 43.7 4 1.1
      vertex 43.7 14 1.2
    endloop
  endfacet
  facet normal -1 -0 0
    outer loop
      vertex 43.7 14 1.2
      vertex 43.7 4 1.1
      vertex 43.7 4 1.2
    endloop
  endfacet
  facet normal 1 0 0
    outer loop
      vertex 43.1 4 1.1
      vertex 43.1 14 1.1
      vertex 43.1 14 1.2
    endloop
  endfacet
  facet normal 1 0 0
    outer loop
      vertex 43.1 4 1.1
      vertex 43.1 14 1.2
      vertex 43.1 4 1.2
    endloop
  endfacet
  facet normal 1 0 0
    outer loop
      vertex 43.1 14 1.1
      vertex 43.1 4 1.1
      vertex 43.1 14 0
    endloop
  endfacet
  facet normal 1 0 0
    outer loop
      vertex 43.1 14 0
      vertex 43.1 4 1.1
      vertex 43.1 4 0
    endloop
  endfacet
  facet normal -1 0 0
    outer loop
      vertex 45.3 4 0
      vertex 45.3 14 1.1
      vertex 45.3 14 0
    endloop
  endfacet
  facet normal -1 0 0
    outer loop
      vertex 45.3 4 1.1
      vertex 45.3 14 1.1
      vertex 45.3 4 0
    endloop
  endfacet
  facet normal -1 0 0
    outer loop
      vertex 45.3 14 1.1
      vertex 45.3 4 1.1
      vertex 45.3 14 1.2
    endloop
  endfacet
  facet normal -1 -0 0
    outer loop
      vertex 45.3 14 1.2
      vertex 45.3 4 1.1
      vertex 45.3 4 1.2
    endloop
  endfacet
  facet normal 1 0 0
    outer loop
      vertex 44.7 4 1.1
      vertex 44.7 14 1.1
      vertex 44.7 14 1.2
    endloop
  endfacet
  facet normal 1 0 0
    outer loop
      vertex 44.7 4 1.1
      vertex 44.7 14 1.2
      vertex 44.7 4 1.2
    endloop
  endfacet
  facet normal 1 0 0
    outer loop
      vertex 44.7 14 1.1
      vertex 44.7 4 1.1
      vertex 44.7 14 0
    endloop
  endfacet
  facet normal 1 0 0
    outer loop
      vertex 44.7 14 0
      vertex 44.7 4 1.1
      vertex 44.7 4 0
    endloop
  endfacet
  facet normal -1 0 0
    outer loop
      vertex 46.9 4 0
      vertex 46.9 14 1.1
      vertex 46.9 14 0
    endloop
  endfacet
  facet normal -1 0 0
    outer loop
      vertex 46.9 4 1.1
      vertex 46.9 14 1.1
      vertex 46.9 4 0
    endloop
  endfacet
  facet normal -1 0 0
    outer loop
      vertex 46.9 14 1.1
      vertex 46.9 4 1.1
      vertex 46.9 14 1.2
    endloop
  endfacet
  facet normal -1 -0 0
    outer loop
      vertex 46.9 14 1.2
      vertex 46.9 4 1.1
      vertex 46.9 4 1.2
    endloop
  endfacet
  facet normal 1 0 0
    outer loop
      vertex 46.3 4 1.1
      vertex 46.3 14 1.1
      vertex 46.3 14 1.2
    endloop
  endfacet
  facet normal 1 0 0
    outer loop
      vertex 46.3 4 1.1
      vertex 46.3 14 1.2
      vertex 46.3 4 1.2
    endloop
  endfacet
  facet normal 1 0 0
    outer loop
      vertex 46.3 14 1.1
      vertex 46.3 4 1.1
      vertex 46.3 14 0
    endloop
  endfacet
  facet normal 1 0 0
    outer loop
      vertex 46.3 14 0
      vertex 46.3 4 1.1
      vertex 46.3 4 0
    endloop
  endfacet
  facet normal -1 0 0
    outer loop
      vertex 48.5 4 0
      vertex 48.5 14 1.1
      vertex 48.5 14 0
    endloop
  endfacet
  facet normal -1 0 0
    outer loop
      vertex 48.5 4 1.1
      vertex 48.5 14 1.1
      vertex 48.5 4 0
    endloop
  endfacet
  facet normal -1 0 0
    outer loop
      vertex 48.5 14 1.1
      vertex 48.5 4 1.1
      vertex 48.5 14 1.2
    endloop
  endfacet
  facet normal -1 -0 0
    outer loop
      vertex 48.5 14 1.2
      vertex 48.5 4 1.1
      vertex 48.5 4 1.2
    endloop
  endfacet
  facet normal 1 0 0
    outer loop
      vertex 47.9 4 1.1
      vertex 47.9 14 1.1
      vertex 47.9 14 1.2
    endloop
  endfacet
  facet normal 1 0 0
    outer loop
      vertex 47.9 4 1.1
      vertex 47.9 14 1.2
      vertex 47.9 4 1.2
    endloop
  endfacet
  facet normal 1 0 0
    outer loop
      vertex 47.9 14 1.1
      vertex 47.9 4 1.1
      vertex 47.9 14 0
    endloop
  endfacet
  facet normal 1 0 0
    outer loop
      vertex 47.9 14 0
      vertex 47.9 4 1.1
      vertex 47.9 4 0
    endloop
  endfacet
  facet normal -1 0 0
    outer loop
      vertex 50.1 4 0
      vertex 50.1 14 1.1
      vertex 50.1 14 0
    endloop
  endfacet
  facet normal -1 0 0
    outer loop
      vertex 50.1 4 1.1
      vertex 50.1 14 1.1
      vertex 50.1 4 0
    endloop
  endfacet
  facet normal -1 0 0
    outer loop
      vertex 50.1 14 1.1
      vertex 50.1 4 1.1
      vertex 50.1 14 1.2
    endloop
  endfacet
  facet normal -1 -0 0
    outer loop
      vertex 50.1 14 1.2
      vertex 50.1 4 1.1
      vertex 50.1 4 1.2
    endloop
  endfacet
  facet normal 1 0 0
    outer loop
      vertex 49.5 4 1.1
      vertex 49.5 14 1.1
      vertex 49.5 14 1.2
    endloop
  endfacet
  facet normal 1 0 0
    outer loop
      vertex 49.5 4 1.1
      vertex 49.5 14 1.2
      vertex 49.5 4 1.2
    endloop
  endfacet
  facet normal 1 0 0
    outer loop
      vertex 49.5 14 1.1
      vertex 49.5 4 1.1
      vertex 49.5 14 0
    endloop
  endfacet
  facet normal 1 0 0
    outer loop
      vertex 49.5 14 0
      vertex 49.5 4 1.1
      vertex 49.5 4 0
    endloop
  endfacet
  facet normal -1 0 0
    outer loop
      vertex 51.7 4 0
      vertex 51.7 14 1.1
      vertex 51.7 14 0
    endloop
  endfacet
  facet normal -1 0 0
    outer loop
      vertex 51.7 4 1.1
      vertex 51.7 14 1.1
      vertex 51.7 4 0
    endloop
  endfacet
  facet normal -1 0 0
    outer loop
      vertex 51.7 14 1.1
      vertex 51.7 4 1.1
      vertex 51.7 14 1.2
    endloop
  endfacet
  facet normal -1 -0 0
    outer loop
      vertex 51.7 14 1.2
      vertex 51.7 4 1.1
      vertex 51.7 4 1.2
    endloop
  endfacet
  facet normal 1 0 0
    outer loop
      vertex 51.1 4 1.1
      vertex 51.1 14 1.1
      vertex 51.1 14 1.2
    endloop
  endfacet
  facet normal 1 0 0
    outer loop
      vertex 51.1 4 1.1
      vertex 51.1 14 1.2
      vertex 51.1 4 1.2
    endloop
  endfacet
  facet normal 1 0 0
    outer loop
      vertex 51.1 14 1.1
      vertex 51.1 4 1.1
      vertex 51.1 14 0
    endloop
  endfacet
  facet normal 1 0 0
    outer loop
      vertex 51.1 14 0
      vertex 51.1 4 1.1
      vertex 51.1 4 0
    endloop
  endfacet
  facet normal -1 0 0
    outer loop
      vertex 53.3 4 0
      vertex 53.3 14 1.1
      vertex 53.3 14 0
    endloop
  endfacet
  facet normal -1 0 0
    outer loop
      vertex 53.3 4 1.1
      vertex 53.3 14 1.1
      vertex 53.3 4 0
    endloop
  endfacet
  facet normal -1 0 0
    outer loop
      vertex 53.3 14 1.1
      vertex 53.3 4 1.1
      vertex 53.3 14 1.2
    endloop
  endfacet
  facet normal -1 -0 0
    outer loop
      vertex 53.3 14 1.2
      vertex 53.3 4 1.1
      vertex 53.3 4 1.2
    endloop
  endfacet
  facet normal 1 0 0
    outer loop
      vertex 52.7 4 1.1
      vertex 52.7 14 1.1
      vertex 52.7 14 1.2
    endloop
  endfacet
  facet normal 1 0 0
    outer loop
      vertex 52.7 4 1.1
      vertex 52.7 14 1.2
      vertex 52.7 4 1.2
    endloop
  endfacet
  facet normal 1 0 0
    outer loop
      vertex 52.7 14 1.1
      vertex 52.7 4 1.1
      vertex 52.7 14 0
    endloop
  endfacet
  facet normal 1 0 0
    outer loop
      vertex 52.7 14 0
      vertex 52.7 4 1.1
      vertex 52.7 4 0
    endloop
  endfacet
  facet normal -1 0 0
    outer loop
      vertex 54.9 4 0
      vertex 54.9 14 1.1
      vertex 54.9 14 0
    endloop
  endfacet
  facet normal -1 0 0
    outer loop
      vertex 54.9 4 1.1
      vertex 54.9 14 1.1
      vertex 54.9 4 0
    endloop
  endfacet
  facet normal -1 0 0
    outer loop
      vertex 54.9 14 1.1
      vertex 54.9 4 1.1
      vertex 54.9 14 1.2
    endloop
  endfacet
  facet normal -1 -0 0
    outer loop
      vertex 54.9 14 1.2
      vertex 54.9 4 1.1
      vertex 54.9 4 1.2
    endloop
  endfacet
  facet normal 1 0 0
    outer loop
      vertex 54.3 4 1.1
      vertex 54.3 14 1.1
      vertex 54.3 14 1.2
    endloop
  endfacet
  facet normal 1 0 0
    outer loop
      vertex 54.3 4 1.1
      vertex 54.3 14 1.2
      vertex 54.3 4 1.2
    endloop
  endfacet
  facet normal 1 0 0
    outer loop
      vertex 54.3 14 1.1
      vertex 54.3 4 1.1
      vertex 54.3 14 0
    endloop
  endfacet
  facet normal 1 0 0
    outer loop
      vertex 54.3 14 0
      vertex 54.3 4 1.1
      vertex 54.3 4 0
    endloop
  endfacet
  facet normal -1 0 0
    outer loop
      vertex 56.5 4 0
      vertex 56.5 14 1.1
      vertex 56.5 14 0
    endloop
  endfacet
  facet normal -1 0 0
    outer loop
      vertex 56.5 4 1.1
      vertex 56.5 14 1.1
      vertex 56.5 4 0
    endloop
  endfacet
  facet normal -1 0 0
    outer loop
      vertex 56.5 14 1.1
      vertex 56.5 4 1.1
      vertex 56.5 14 1.2
    endloop
  endfacet
  facet normal -1 -0 0
    outer loop
      vertex 56.5 14 1.2
      vertex 56.5 4 1.1
      vertex 56.5 4 1.2
    endloop
  endfacet
  facet normal 1 0 0
    outer loop
      vertex 55.9 4 1.1
      vertex 55.9 14 1.1
      vertex 55.9 14 1.2
    endloop
  endfacet
  facet normal 1 0 0
    outer loop
      vertex 55.9 4 1.1
      vertex 55.9 14 1.2
      vertex 55.9 4 1.2
    endloop
  endfacet
  facet normal 1 0 0
    outer loop
      vertex 55.9 14 1.1
      vertex 55.9 4 1.1
      vertex 55.9 14 0
    endloop
  endfacet
  facet normal 1 0 0
    outer loop
      vertex 55.9 14 0
      vertex 55.9 4 1.1
      vertex 55.9 4 0
    endloop
  endfacet
  facet normal -1 0 0
    outer loop
      vertex 58.1 4 0
      vertex 58.1 14 1.1
      vertex 58.1 14 0
    endloop
  endfacet
  facet normal -1 0 0
    outer loop
      vertex 58.1 4 1.1
      vertex 58.1 14 1.1
      vertex 58.1 4 0
    endloop
  endfacet
  facet normal -1 0 0
    outer loop
      vertex 58.1 14 1.1
      vertex 58.1 4 1.1
      vertex 58.1 14 1.2
    endloop
  endfacet
  facet normal -1 -0 0
    outer loop
      vertex 58.1 14 1.2
      vertex 58.1 4 1.1
      vertex 58.1 4 1.2
    endloop
  endfacet
  facet normal 1 0 0
    outer loop
      vertex 57.5 4 1.1
      vertex 57.5 14 1.1
      vertex 57.5 14 1.2
    endloop
  endfacet
  facet normal 1 0 0
    outer loop
      vertex 57.5 4 1.1
      vertex 57.5 14 1.2
      vertex 57.5 4 1.2
    endloop
  endfacet
  facet normal 1 0 0
    outer loop
      vertex 57.5 14 1.1
      vertex 57.5 4 1.1
      vertex 57.5 14 0
    endloop
  endfacet
  facet normal 1 0 0
    outer loop
      vertex 57.5 14 0
      vertex 57.5 4 1.1
      vertex 57.5 4 0
    endloop
  endfacet
  facet normal -1 0 0
    outer loop
      vertex 59.7 4 0
      vertex 59.7 14 1.1
      vertex 59.7 14 0
    endloop
  endfacet
  facet normal -1 0 0
    outer loop
      vertex 59.7 4 1.1
      vertex 59.7 14 1.1
      vertex 59.7 4 0
    endloop
  endfacet
  facet normal -1 0 0
    outer loop
      vertex 59.7 14 1.1
      vertex 59.7 4 1.1
      vertex 59.7 14 1.2
    endloop
  endfacet
  facet normal -1 -0 0
    outer loop
      vertex 59.7 14 1.2
      vertex 59.7 4 1.1
      vertex 59.7 4 1.2
    endloop
  endfacet
  facet normal 1 0 0
    outer loop
      vertex 59.1 4 1.1
      vertex 59.1 14 1.1
      vertex 59.1 14 1.2
    endloop
  endfacet
  facet normal 1 0 0
    outer loop
      vertex 59.1 4 1.1
      vertex 59.1 14 1.2
      vertex 59.1 4 1.2
    endloop
  endfacet
  facet normal 1 0 0
    outer loop
      vertex 59.1 14 1.1
      vertex 59.1 4 1.1
      vertex 59.1 14 0
    endloop
  endfacet
  facet normal 1 0 0
    outer loop
      vertex 59.1 14 0
      vertex 59.1 4 1.1
      vertex 59.1 4 0
    endloop
  endfacet
  facet normal -1 0 0
    outer loop
      vertex 61.3 4 0
      vertex 61.3 14 1.1
      vertex 61.3 14 0
    endloop
  endfacet
  facet normal -1 0 0
    outer loop
      vertex 61.3 4 1.1
      vertex 61.3 14 1.1
      vertex 61.3 4 0
    endloop
  endfacet
  facet normal -1 0 0
    outer loop
      vertex 61.3 14 1.1
      vertex 61.3 4 1.1
      vertex 61.3 14 1.2
    endloop
  endfacet
  facet normal -1 -0 0
    outer loop
      vertex 61.3 14 1.2
      vertex 61.3 4 1.1
      vertex 61.3 4 1.2
    endloop
  endfacet
  facet normal 1 0 0
    outer loop
      vertex 60.7 4 1.1
      vertex 60.7 14 1.1
      vertex 60.7 14 1.2
    endloop
  endfacet
  facet normal 1 0 0
    outer loop
      vertex 60.7 4 1.1
      vertex 60.7 14 1.2
      vertex 60.7 4 1.2
    endloop
  endfacet
  facet normal 1 0 0
    outer loop
      vertex 60.7 14 1.1
      vertex 60.7 4 1.1
      vertex 60.7 14 0
    endloop
  endfacet
  facet normal 1 0 0
    outer loop
      vertex 60.7 14 0
      vertex 60.7 4 1.1
      vertex 60.7 4 0
    endloop
  endfacet
  facet normal 1 -0 0
    outer loop
      vertex 66 0 1.2
      vertex 66 18 0
      vertex 66 18 1.2
    endloop
  endfacet
  facet normal 1 0 0
    outer loop
      vertex 66 18 0
      vertex 66 0 1.2
      vertex 66 0 0
    endloop
  endfacet
  facet normal 0 0 1
    outer loop
      vertex 66 18 1.2
      vertex 64 16 1.2
      vertex 66 0 1.2
    endloop
  endfacet
  facet normal 0 0 1
    outer loop
      vertex 66 18 1.2
      vertex 2 16 1.2
      vertex 64 16 1.2
    endloop
  endfacet
  facet normal 0 0 1
    outer loop
      vertex 2 16 1.2
      vertex 0 18 1.2
      vertex 2 2 1.2
    endloop
  endfacet
  facet normal -0 0 1
    outer loop
      vertex 0 18 1.2
      vertex 2 16 1.2
      vertex 66 18 1.2
    endloop
  endfacet
  facet normal -0 0 1
    outer loop
      vertex 64 2 1.2
      vertex 66 0 1.2
      vertex 64 16 1.2
    endloop
  endfacet
  facet normal -0 0 1
    outer loop
      vertex 2 2 1.2
      vertex 66 0 1.2
      vertex 64 2 1.2
    endloop
  endfacet
  facet normal 0 0 1
    outer loop
      vertex 2 2 1.2
      vertex 0 0 1.2
      vertex 66 0 1.2
    endloop
  endfacet
  facet normal 0 0 1
    outer loop
      vertex 0 0 1.2
      vertex 2 2 1.2
      vertex 0 18 1.2
    endloop
  endfacet
  facet normal -0 0 1
    outer loop
      vertex 4 14 1.2
      vertex 4.7 4 1.2
      vertex 4.7 14 1.2
    endloop
  endfacet
  facet normal 0 0 1
    outer loop
      vertex 4.7 4 1.2
      vertex 4 14 1.2
      vertex 4 4 1.2
    endloop
  endfacet
  facet normal -0 0 1
    outer loop
      vertex 5.3 14 1.2
      vertex 6.3 4 1.2
      vertex 6.3 14 1.2
    endloop
  endfacet
  facet normal 0 0 1
    outer loop
      vertex 6.3 4 1.2
      vertex 5.3 14 1.2
      vertex 5.3 4 1.2
    endloop
  endfacet
  facet normal -0 0 1
    outer loop
      vertex 6.9 14 1.2
      vertex 7.9 4 1.2
      vertex 7.9 14 1.2
    endloop
  endfacet
  facet normal 0 0 1
    outer loop
      vertex 7.9 4 1.2
      vertex 6.9 14 1.2
      vertex 6.9 4 1.2
    endloop
  endfacet
  facet normal -0 0 1
    outer loop
      vertex 8.5 14 1.2
      vertex 9.5 4 1.2
      vertex 9.5 14 1.2
    endloop
  endfacet
  facet normal 0 0 1
    outer loop
      vertex 9.5 4 1.2
      vertex 8.5 14 1.2
      vertex 8.5 4 1.2
    endloop
  endfacet
  facet normal -0 0 1
    outer loop
      vertex 10.1 14 1.2
      vertex 11.1 4 1.2
      vertex 11.1 14 1.2
    endloop
  endfacet
  facet normal 0 0 1
    outer loop
      vertex 11.1 4 1.2
      vertex 10.1 14 1.2
      vertex 10.1 4 1.2
    endloop
  endfacet
  facet normal -0 0 1
    outer loop
      vertex 11.7 14 1.2
      vertex 12.7 4 1.2
      vertex 12.7 14 1.2
    endloop
  endfacet
  facet normal 0 0 1
    outer loop
      vertex 12.7 4 1.2
      vertex 11.7 14 1.2
      vertex 11.7 4 1.2
    endloop
  endfacet
  facet normal -0 0 1
    outer loop
      vertex 13.3 14 1.2
      vertex 14.3 4 1.2
      vertex 14.3 14 1.2
    endloop
  endfacet
  facet normal 0 0 1
    outer loop
      vertex 14.3 4 1.2
      vertex 13.3 14 1.2
      vertex 13.3 4 1.2
    endloop
  endfacet
  facet normal -0 0 1
    outer loop
      vertex 14.9 14 1.2
      vertex 15.9 4 1.2
      vertex 15.9 14 1.2
    endloop
  endfacet
  facet normal 0 0 1
    outer loop
      vertex 15.9 4 1.2
      vertex 14.9 14 1.2
      vertex 14.9 4 1.2
    endloop
  endfacet
  facet normal -0 0 1
    outer loop
      vertex 16.5 14 1.2
      vertex 17.5 4 1.2
      vertex 17.5 14 1.2
    endloop
  endfacet
  facet normal 0 0 1
    outer loop
      vertex 17.5 4 1.2
      vertex 16.5 14 1.2
      vertex 16.5 4 1.2
    endloop
  endfacet
  facet normal -0 0 1
    outer loop
      vertex 18.1 14 1.2
      vertex 19.1 4 1.2
      vertex 19.1 14 1.2
    endloop
  endfacet
  facet normal 0 0 1
    outer loop
      vertex 19.1 4 1.2
      vertex 18.1 14 1.2
      vertex 18.1 4 1.2
    endloop
  endfacet
  facet normal -0 0 1
    outer loop
      vertex 19.7 14 1.2
      vertex 20.7 4 1.2
      vertex 20.7 14 1.2
    endloop
  endfacet
  facet normal 0 0 1
    outer loop
      vertex 20.7 4 1.2
      vertex 19.7 14 1.2
      vertex 19.7 4 1.2
    endloop
  endfacet
  facet normal -0 0 1
    outer loop
      vertex 21.3 14 1.2
      vertex 22.3 4 1.2
      vertex 22.3 14 1.2
    endloop
  endfacet
  facet normal 0 0 1
    outer loop
      vertex 22.3 4 1.2
      vertex 21.3 14 1.2
      vertex 21.3 4 1.2
    endloop
  endfacet
  facet normal -0 0 1
    outer loop
      vertex 22.9 14 1.2
      vertex 23.9 4 1.2
      vertex 23.9 14 1.2
    endloop
  endfacet
  facet normal 0 0 1
    outer loop
      vertex 23.9 4 1.2
      vertex 22.9 14 1.2
      vertex 22.9 4 1.2
    endloop
  endfacet
  facet normal -0 0 1
    outer loop
      vertex 24.5 14 1.2
      vertex 25.5 4 1.2
      vertex 25.5 14 1.2
    endloop
  endfacet
  facet normal 0 0 1
    outer loop
      vertex 25.5 4 1.2
      vertex 24.5 14 1.2
      vertex 24.5 4 1.2
    endloop
  endfacet
  facet normal -0 0 1
    outer loop
      vertex 26.1 14 1.2
      vertex 27.1 4 1.2
      vertex 27.1 14 1.2
    endloop
  endfacet
  facet normal 0 0 1
    outer loop
      vertex 27.1 4 1.2
      vertex 26.1 14 1.2
      vertex 26.1 4 1.2
    endloop
  endfacet
  facet normal -0 0 1
    outer loop
      vertex 27.7 14 1.2
      vertex 28.7 4 1.2
      vertex 28.7 14 1.2
    endloop
  endfacet
  facet normal 0 0 1
    outer loop
      vertex 28.7 4 1.2
      vertex 27.7 14 1.2
      vertex 27.7 4 1.2
    endloop
  endfacet
  facet normal -0 0 1
    outer loop
      vertex 29.3 14 1.2
      vertex 30.3 4 1.2
      vertex 30.3 14 1.2
    endloop
  endfacet
  facet normal 0 0 1
    outer loop
      vertex 30.3 4 1.2
      vertex 29.3 14 1.2
      vertex 29.3 4 1.2
    endloop
  endfacet
  facet normal -0 0 1
    outer loop
      vertex 30.9 14 1.2
      vertex 31.9 4 1.2
      vertex 31.9 14 1.2
    endloop
  endfacet
  facet normal 0 0 1
    outer loop
      vertex 31.9 4 1.2
      vertex 30.9 14 1.2
      vertex 30.9 4 1.2
    endloop
  endfacet
  facet normal -0 0 1
    outer loop
      vertex 32.5 14 1.2
      vertex 33.5 4 1.2
      vertex 33.5 14 1.2
    endloop
  endfacet
  facet normal 0 0 1
    outer loop
      vertex 33.5 4 1.2
      vertex 32.5 14 1.2
      vertex 32.5 4 1.2
    endloop
  endfacet
  facet normal -0 0 1
    outer loop
      vertex 34.1 14 1.2
      vertex 35.1 4 1.2
      vertex 35.1 14 1.2
    endloop
  endfacet
  facet normal 0 0 1
    outer loop
      vertex 35.1 4 1.2
      vertex 34.1 14 1.2
      vertex 34.1 4 1.2
    endloop
  endfacet
  facet normal -0 0 1
    outer loop
      vertex 35.7 14 1.2
      vertex 36.7 4 1.2
      vertex 36.7 14 1.2
    endloop
  endfacet
  facet normal 0 0 1
    outer loop
      vertex 36.7 4 1.2
      vertex 35.7 14 1.2
      vertex 35.7 4 1.2
    endloop
  endfacet
  facet normal -0 0 1
    outer loop
      vertex 37.3 14 1.2
      vertex 38.3 4 1.2
      vertex 38.3 14 1.2
    endloop
  endfacet
  facet normal 0 0 1
    outer loop
      vertex 38.3 4 1.2
      vertex 37.3 14 1.2
      vertex 37.3 4 1.2
    endloop
  endfacet
  facet normal -0 0 1
    outer loop
      vertex 38.9 14 1.2
      vertex 39.9 4 1.2
      vertex 39.9 14 1.2
    endloop
  endfacet
  facet normal 0 0 1
    outer loop
      vertex 39.9 4 1.2
      vertex 38.9 14 1.2
      vertex 38.9 4 1.2
    endloop
  endfacet
  facet normal -0 0 1
    outer loop
      vertex 40.5 14 1.2
      vertex 41.5 4 1.2
      vertex 41.5 14 1.2
    endloop
  endfacet
  facet normal 0 0 1
    outer loop
      vertex 41.5 4 1.2
      vertex 40.5 14 1.2
      vertex 40.5 4 1.2
    endloop
  endfacet
  facet normal -0 0 1
    outer loop
      vertex 42.1 14 1.2
      vertex 43.1 4 1.2
      vertex 43.1 14 1.2
    endloop
  endfacet
  facet normal 0 0 1
    outer loop
      vertex 43.1 4 1.2
      vertex 42.1 14 1.2
      vertex 42.1 4 1.2
    endloop
  endfacet
  facet normal -0 0 1
    outer loop
      vertex 43.7 14 1.2
      vertex 44.7 4 1.2
      vertex 44.7 14 1.2
    endloop
  endfacet
  facet normal 0 0 1
    outer loop
      vertex 44.7 4 1.2
      vertex 43.7 14 1.2
      vertex 43.7 4 1.2
    endloop
  endfacet
  facet normal -0 0 1
    outer loop
      vertex 45.3 14 1.2
      vertex 46.3 4 1.2
      vertex 46.3 14 1.2
    endloop
  endfacet
  facet normal 0 0 1
    outer loop
      vertex 46.3 4 1.2
      vertex 45.3 14 1.2
      vertex 45.3 4 1.2
    endloop
  endfacet
  facet normal -0 0 1
    outer loop
      vertex 46.9 14 1.2
      vertex 47.9 4 1.2
      vertex 47.9 14 1.2
    endloop
  endfacet
  facet normal 0 0 1
    outer loop
      vertex 47.9 4 1.2
      vertex 46.9 14 1.2
      vertex 46.9 4 1.2
    endloop
  endfacet
  facet normal -0 0 1
    outer loop
      vertex 48.5 14 1.2
      vertex 49.5 4 1.2
      vertex 49.5 14 1.2
    endloop
  endfacet
  facet normal 0 0 1
    outer loop
      vertex 49.5 4 1.2
      vertex 48.5 14 1.2
      vertex 48.5 4 1.2
    endloop
  endfacet
  facet normal -0 0 1
    outer loop
      vertex 50.1 14 1.2
      vertex 51.1 4 1.2
      vertex 51.1 14 1.2
    endloop
  endfacet
  facet normal 0 0 1
    outer loop
      vertex 51.1 4 1.2
      vertex 50.1 14 1.2
      vertex 50.1 4 1.2
    endloop
  endfacet
  facet normal -0 0 1
    outer loop
      vertex 51.7 14 1.2
      vertex 52.7 4 1.2
      vertex 52.7 14 1.2
    endloop
  endfacet
  facet normal 0 0 1
    outer loop
      vertex 52.7 4 1.2
      vertex 51.7 14 1.2
      vertex 51.7 4 1.2
    endloop
  endfacet
  facet normal -0 0 1
    outer loop
      vertex 53.3 14 1.2
      vertex 54.3 4 1.2
      vertex 54.3 14 1.2
    endloop
  endfacet
  facet normal 0 0 1
    outer loop
      vertex 54.3 4 1.2
      vertex 53.3 14 1.2
      vertex 53.3 4 1.2
    endloop
  endfacet
  facet normal -0 0 1
    outer loop
      vertex 54.9 14 1.2
      vertex 55.9 4 1.2
      vertex 55.9 14 1.2
    endloop
  endfacet
  facet normal 0 0 1
    outer loop
      vertex 55.9 4 1.2
      vertex 54.9 14 1.2
      vertex 54.9 4 1.2
    endloop
  endfacet
  facet normal -0 0 1
    outer loop
      vertex 56.5 14 1.2
      vertex 57.5 4 1.2
      vertex 57.5 14 1.2
    endloop
  endfacet
  facet normal 0 0 1
    outer loop
      vertex 57.5 4 1.2
      vertex 56.5 14 1.2
      vertex 56.5 4 1.2
    endloop
  endfacet
  facet normal -0 0 1
    outer loop
      vertex 58.1 14 1.2
      vertex 59.1 4 1.2
      vertex 59.1 14 1.2
    endloop
  endfacet
  facet normal 0 0 1
    outer loop
      vertex 59.1 4 1.2
      vertex 58.1 14 1.2
      vertex 58.1 4 1.2
    endloop
  endfacet
  facet normal -0 0 1
    outer loop
      vertex 59.7 14 1.2
      vertex 60.7 4 1.2
      vertex 60.7 14 1.2
    endloop
  endfacet
  facet normal 0 0 1
    outer loop
      vertex 60.7 4 1.2
      vertex 59.7 14 1.2
      vertex 59.7 4 1.2
    endloop
  endfacet
  facet normal -0 0 1
    outer loop
      vertex 61.3 14 1.2
      vertex 62 4 1.2
      vertex 62 14 1.2
    endloop
  endfacet
  facet normal 0 0 1
    outer loop
      vertex 62 4 1.2
      vertex 61.3 14 1.2
      vertex 61.3 4 1.2
    endloop
  endfacet
  facet normal 0 0 -1
    outer loop
      vertex 66 0 0
      vertex 61.3 4 0
      vertex 66 18 0
    endloop
  endfacet
  facet normal 0 0 -1
    outer loop
      vertex 66 0 0
      vertex 60.7 4 0
      vertex 61.3 4 0
    endloop
  endfacet
  facet normal 0 0 -1
    outer loop
      vertex 60.7 4 0
      vertex 59.7 4 0
      vertex 60.7 14 0
    endloop
  endfacet
  facet normal 0 0 -1
    outer loop
      vertex 66 0 0
      vertex 59.7 4 0
      vertex 60.7 4 0
    endloop
  endfacet
  facet normal 0 0 -1
    outer loop
      vertex 66 0 0
      vertex 59.1 4 0
      vertex 59.7 4 0
    endloop
  endfacet
  facet normal 0 0 -1
    outer loop
      vertex 59.1 4 0
      vertex 58.1 4 0
      vertex 59.1 14 0
    endloop
  endfacet
  facet normal 0 0 -1
    outer loop
      vertex 66 0 0
      vertex 58.1 4 0
      vertex 59.1 4 0
    endloop
  endfacet
  facet normal 0 0 -1
    outer loop
      vertex 66 0 0
      vertex 57.5 4 0
      vertex 58.1 4 0
    endloop
  endfacet
  facet normal 0 0 -1
    outer loop
      vertex 57.5 4 0
      vertex 56.5 4 0
      vertex 57.5 14 0
    endloop
  endfacet
  facet normal 0 0 -1
    outer loop
      vertex 66 0 0
      vertex 56.5 4 0
      vertex 57.5 4 0
    endloop
  endfacet
  facet normal 0 0 -1
    outer loop
      vertex 66 0 0
      vertex 55.9 4 0
      vertex 56.5 4 0
    endloop
  endfacet
  facet normal 0 0 -1
    outer loop
      vertex 55.9 4 0
      vertex 54.9 4 0
      vertex 55.9 14 0
    endloop
  endfacet
  facet normal 0 0 -1
    outer loop
      vertex 66 0 0
      vertex 54.9 4 0
      vertex 55.9 4 0
    endloop
  endfacet
  facet normal 0 0 -1
    outer loop
      vertex 66 0 0
      vertex 54.3 4 0
      vertex 54.9 4 0
    endloop
  endfacet
  facet normal 0 0 -1
    outer loop
      vertex 54.3 4 0
      vertex 53.3 4 0
      vertex 54.3 14 0
    endloop
  endfacet
  facet normal 0 0 -1
    outer loop
      vertex 66 0 0
      vertex 53.3 4 0
      vertex 54.3 4 0
    endloop
  endfacet
  facet normal 0 0 -1
    outer loop
      vertex 66 0 0
      vertex 52.7 4 0
      vertex 53.3 4 0
    endloop
  endfacet
  facet normal 0 0 -1
    outer loop
      vertex 52.7 4 0
      vertex 51.7 4 0
      vertex 52.7 14 0
    endloop
  endfacet
  facet normal 0 0 -1
    outer loop
      vertex 66 0 0
      vertex 51.7 4 0
      vertex 52.7 4 0
    endloop
  endfacet
  facet normal 0 0 -1
    outer loop
      vertex 66 0 0
      vertex 51.1 4 0
      vertex 51.7 4 0
    endloop
  endfacet
  facet normal 0 0 -1
    outer loop
      vertex 51.1 4 0
      vertex 50.1 4 0
      vertex 51.1 14 0
    endloop
  endfacet
  facet normal 0 0 -1
    outer loop
      vertex 66 0 0
      vertex 50.1 4 0
      vertex 51.1 4 0
    endloop
  endfacet
  facet normal 0 0 -1
    outer loop
      vertex 66 0 0
      vertex 49.5 4 0
      vertex 50.1 4 0
    endloop
  endfacet
  facet normal 0 0 -1
    outer loop
      vertex 49.5 4 0
      vertex 48.5 4 0
      vertex 49.5 14 0
    endloop
  endfacet
  facet normal 0 0 -1
    outer loop
      vertex 66 0 0
      vertex 48.5 4 0
      vertex 49.5 4 0
    endloop
  endfacet
  facet normal 0 0 -1
    outer loop
      vertex 66 0 0
      vertex 47.9 4 0
      vertex 48.5 4 0
    endloop
  endfacet
  facet normal 0 0 -1
    outer loop
      vertex 47.9 4 0
      vertex 46.9 4 0
      vertex 47.9 14 0
    endloop
  endfacet
  facet normal 0 0 -1
    outer loop
      vertex 66 0 0
      vertex 46.9 4 0
      vertex 47.9 4 0
    endloop
  endfacet
  facet normal 0 0 -1
    outer loop
      vertex 66 0 0
      vertex 46.3 4 0
      vertex 46.9 4 0
    endloop
  endfacet
  facet normal 0 0 -1
    outer loop
      vertex 46.3 4 0
      vertex 45.3 4 0
      vertex 46.3 14 0
    endloop
  endfacet
  facet normal 0 0 -1
    outer loop
      vertex 66 0 0
      vertex 45.3 4 0
      vertex 46.3 4 0
    endloop
  endfacet
  facet normal 0 0 -1
    outer loop
      vertex 66 0 0
      vertex 44.7 4 0
      vertex 45.3 4 0
    endloop
  endfacet
  facet normal 0 0 -1
    outer loop
      vertex 44.7 4 0
      vertex 43.7 4 0
      vertex 44.7 14 0
    endloop
  endfacet
  facet normal 0 0 -1
    outer loop
      vertex 66 0 0
      vertex 43.7 4 0
      vertex 44.7 4 0
    endloop
  endfacet
  facet normal 0 0 -1
    outer loop
      vertex 66 0 0
      vertex 43.1 4 0
      vertex 43.7 4 0
    endloop
  endfacet
  facet normal 0 0 -1
    outer loop
      vertex 43.1 4 0
      vertex 42.1 4 0
      vertex 43.1 14 0
    endloop
  endfacet
  facet normal 0 0 -1
    outer loop
      vertex 66 0 0
      vertex 42.1 4 0
      vertex 43.1 4 0
    endloop
  endfacet
  facet normal 0 0 -1
    outer loop
      vertex 66 0 0
      vertex 41.5 4 0
      vertex 42.1 4 0
    endloop
  endfacet
  facet normal 0 0 -1
    outer loop
      vertex 41.5 4 0
      vertex 40.5 4 0
      vertex 41.5 14 0
    endloop
  endfacet
  facet normal 0 0 -1
    outer loop
      vertex 66 0 0
      vertex 40.5 4 0
      vertex 41.5 4 0
    endloop
  endfacet
  facet normal 0 0 -1
    outer loop
      vertex 66 0 0
      vertex 39.9 4 0
      vertex 40.5 4 0
    endloop
  endfacet
  facet normal 0 0 -1
    outer loop
      vertex 39.9 4 0
      vertex 38.9 4 0
      vertex 39.9 14 0
    endloop
  endfacet
  facet normal 0 0 -1
    outer loop
      vertex 66 0 0
      vertex 38.9 4 0
      vertex 39.9 4 0
    endloop
  endfacet
  facet normal 0 0 -1
    outer loop
      vertex 66 0 0
      vertex 38.3 4 0
      vertex 38.9 4 0
    endloop
  endfacet
  facet normal 0 0 -1
    outer loop
      vertex 38.3 4 0
      vertex 37.3 4 0
      vertex 38.3 14 0
    endloop
  endfacet
  facet normal 0 0 -1
    outer loop
      vertex 66 0 0
      vertex 37.3 4 0
      vertex 38.3 4 0
    endloop
  endfacet
  facet normal 0 0 -1
    outer loop
      vertex 66 0 0
      vertex 36.7 4 0
      vertex 37.3 4 0
    endloop
  endfacet
  facet normal 0 0 -1
    outer loop
      vertex 36.7 4 0
      vertex 35.7 4 0
      vertex 36.7 14 0
    endloop
  endfacet
  facet normal 0 0 -1
    outer loop
      vertex 66 0 0
      vertex 35.7 4 0
      vertex 36.7 4 0
    endloop
  endfacet
  facet normal 0 0 -1
    outer loop
      vertex 66 0 0
      vertex 35.1 4 0
      vertex 35.7 4 0
    endloop
  endfacet
  facet normal 0 0 -1
    outer loop
      vertex 35.1 4 0
      vertex 34.1 4 0
      vertex 35.1 14 0
    endloop
  endfacet
  facet normal 0 0 -1
    outer loop
      vertex 66 0 0
      vertex 34.1 4 0
      vertex 35.1 4 0
    endloop
  endfacet
  facet normal 0 0 -1
    outer loop
      vertex 66 0 0
      vertex 33.5 4 0
      vertex 34.1 4 0
    endloop
  endfacet
  facet normal 0 0 -1
    outer loop
      vertex 33.5 4 0
      vertex 32.5 4 0
      vertex 33.5 14 0
    endloop
  endfacet
  facet normal 0 0 -1
    outer loop
      vertex 66 0 0
      vertex 32.5 4 0
      vertex 33.5 4 0
    endloop
  endfacet
  facet normal 0 0 -1
    outer loop
      vertex 66 0 0
      vertex 31.9 4 0
      vertex 32.5 4 0
    endloop
  endfacet
  facet normal 0 0 -1
    outer loop
      vertex 31.9 4 0
      vertex 30.9 4 0
      vertex 31.9 14 0
    endloop
  endfacet
  facet normal 0 0 -1
    outer loop
      vertex 0 0 0
      vertex 31.9 4 0
      vertex 66 0 0
    endloop
  endfacet
  facet normal -0 0 -1
    outer loop
      vertex 31.9 4 0
      vertex 0 0 0
      vertex 30.9 4 0
    endloop
  endfacet
  facet normal 0 0 -1
    outer loop
      vertex 30.3 4 0
      vertex 29.3 4 0
      vertex 30.3 14 0
    endloop
  endfacet
  facet normal -0 0 -1
    outer loop
      vertex 30.9 4 0
      vertex 0 0 0
      vertex 30.3 4 0
    endloop
  endfacet
  facet normal -0 0 -1
    outer loop
      vertex 30.3 4 0
      vertex 0 0 0
      vertex 29.3 4 0
    endloop
  endfacet
  facet normal 0 0 -1
    outer loop
      vertex 28.7 4 0
      vertex 27.7 4 0
      vertex 28.7 14 0
    endloop
  endfacet
  facet normal -0 0 -1
    outer loop
      vertex 29.3 4 0
      vertex 0 0 0
      vertex 28.7 4 0
    endloop
  endfacet
  facet normal -0 0 -1
    outer loop
      vertex 28.7 4 0
      vertex 0 0 0
      vertex 27.7 4 0
    endloop
  endfacet
  facet normal 0 0 -1
    outer loop
      vertex 27.1 4 0
      vertex 26.1 4 0
      vertex 27.1 14 0
    endloop
  endfacet
  facet normal -0 0 -1
    outer loop
      vertex 27.7 4 0
      vertex 0 0 0
      vertex 27.1 4 0
    endloop
  endfacet
  facet normal -0 0 -1
    outer loop
      vertex 27.1 4 0
      vertex 0 0 0
      vertex 26.1 4 0
    endloop
  endfacet
  facet normal 0 0 -1
    outer loop
      vertex 25.5 4 0
      vertex 24.5 4 0
      vertex 25.5 14 0
    endloop
  endfacet
  facet normal -0 0 -1
    outer loop
      vertex 26.1 4 0
      vertex 0 0 0
      vertex 25.5 4 0
    endloop
  endfacet
  facet normal -0 0 -1
    outer loop
      vertex 25.5 4 0
      vertex 0 0 0
      vertex 24.5 4 0
    endloop
  endfacet
  facet normal 0 0 -1
    outer loop
      vertex 23.9 4 0
      vertex 22.9 4 0
      vertex 23.9 14 0
    endloop
  endfacet
  facet normal -0 0 -1
    outer loop
      vertex 24.5 4 0
      vertex 0 0 0
      vertex 23.9 4 0
    endloop
  endfacet
  facet normal -0 0 -1
    outer loop
      vertex 23.9 4 0
      vertex 0 0 0
      vertex 22.9 4 0
    endloop
  endfacet
  facet normal 0 0 -1
    outer loop
      vertex 22.3 4 0
      vertex 21.3 4 0
      vertex 22.3 14 0
    endloop
  endfacet
  facet normal -0 0 -1
    outer loop
      vertex 22.9 4 0
      vertex 0 0 0
      vertex 22.3 4 0
    endloop
  endfacet
  facet normal -0 0 -1
    outer loop
      vertex 22.3 4 0
      vertex 0 0 0
      vertex 21.3 4 0
    endloop
  endfacet
  facet normal 0 0 -1
    outer loop
      vertex 20.7 4 0
      vertex 19.7 4 0
      vertex 20.7 14 0
    endloop
  endfacet
  facet normal -0 0 -1
    outer loop
      vertex 21.3 4 0
      vertex 0 0 0
      vertex 20.7 4 0
    endloop
  endfacet
  facet normal -0 0 -1
    outer loop
      vertex 20.7 4 0
      vertex 0 0 0
      vertex 19.7 4 0
    endloop
  endfacet
  facet normal 0 0 -1
    outer loop
      vertex 19.1 4 0
      vertex 18.1 4 0
      vertex 19.1 14 0
    endloop
  endfacet
  facet normal -0 0 -1
    outer loop
      vertex 19.7 4 0
      vertex 0 0 0
      vertex 19.1 4 0
    endloop
  endfacet
  facet normal -0 0 -1
    outer loop
      vertex 19.1 4 0
      vertex 0 0 0
      vertex 18.1 4 0
    endloop
  endfacet
  facet normal 0 0 -1
    outer loop
      vertex 17.5 4 0
      vertex 16.5 4 0
      vertex 17.5 14 0
    endloop
  endfacet
  facet normal -0 0 -1
    outer loop
      vertex 18.1 4 0
      vertex 0 0 0
      vertex 17.5 4 0
    endloop
  endfacet
  facet normal -0 0 -1
    outer loop
      vertex 17.5 4 0
      vertex 0 0 0
      vertex 16.5 4 0
    endloop
  endfacet
  facet normal 0 0 -1
    outer loop
      vertex 15.9 4 0
      vertex 14.9 4 0
      vertex 15.9 14 0
    endloop
  endfacet
  facet normal -0 0 -1
    outer loop
      vertex 16.5 4 0
      vertex 0 0 0
      vertex 15.9 4 0
    endloop
  endfacet
  facet normal -0 0 -1
    outer loop
      vertex 15.9 4 0
      vertex 0 0 0
      vertex 14.9 4 0
    endloop
  endfacet
  facet normal 0 0 -1
    outer loop
      vertex 14.3 4 0
      vertex 13.3 4 0
      vertex 14.3 14 0
    endloop
  endfacet
  facet normal -0 0 -1
    outer loop
      vertex 14.9 4 0
      vertex 0 0 0
      vertex 14.3 4 0
    endloop
  endfacet
  facet normal -0 0 -1
    outer loop
      vertex 14.3 4 0
      vertex 0 0 0
      vertex 13.3 4 0
    endloop
  endfacet
  facet normal 0 0 -1
    outer loop
      vertex 12.7 4 0
      vertex 11.7 4 0
      vertex 12.7 14 0
    endloop
  endfacet
  facet normal -0 0 -1
    outer loop
      vertex 13.3 4 0
      vertex 0 0 0
      vertex 12.7 4 0
    endloop
  endfacet
  facet normal -0 0 -1
    outer loop
      vertex 12.7 4 0
      vertex 0 0 0
      vertex 11.7 4 0
    endloop
  endfacet
  facet normal 0 0 -1
    outer loop
      vertex 11.1 4 0
      vertex 10.1 4 0
      vertex 11.1 14 0
    endloop
  endfacet
  facet normal -0 0 -1
    outer loop
      vertex 11.7 4 0
      vertex 0 0 0
      vertex 11.1 4 0
    endloop
  endfacet
  facet normal -0 0 -1
    outer loop
      vertex 11.1 4 0
      vertex 0 0 0
      vertex 10.1 4 0
    endloop
  endfacet
  facet normal 0 0 -1
    outer loop
      vertex 9.5 4 0
      vertex 8.5 4 0
      vertex 9.5 14 0
    endloop
  endfacet
  facet normal -0 0 -1
    outer loop
      vertex 10.1 4 0
      vertex 0 0 0
      vertex 9.5 4 0
    endloop
  endfacet
  facet normal -0 0 -1
    outer loop
      vertex 9.5 4 0
      vertex 0 0 0
      vertex 8.5 4 0
    endloop
  endfacet
  facet normal 0 0 -1
    outer loop
      vertex 7.9 4 0
      vertex 6.9 4 0
      vertex 7.9 14 0
    endloop
  endfacet
  facet normal -0 0 -1
    outer loop
      vertex 8.5 4 0
      vertex 0 0 0
      vertex 7.9 4 0
    endloop
  endfacet
  facet normal -0 0 -1
    outer loop
      vertex 7.9 4 0
      vertex 0 0 0
      vertex 6.9 4 0
    endloop
  endfacet
  facet normal 0 0 -1
    outer loop
      vertex 6.3 4 0
      vertex 5.3 4 0
      vertex 6.3 14 0
    endloop
  endfacet
  facet normal -0 0 -1
    outer loop
      vertex 6.9 4 0
      vertex 0 0 0
      vertex 6.3 4 0
    endloop
  endfacet
  facet normal -0 0 -1
    outer loop
      vertex 6.3 4 0
      vertex 0 0 0
      vertex 5.3 4 0
    endloop
  endfacet
  facet normal -0 0 -1
    outer loop
      vertex 4.7 4 0
      vertex 0 0 0
      vertex 4.7 14 0
    endloop
  endfacet
  facet normal -0 0 -1
    outer loop
      vertex 5.3 4 0
      vertex 0 0 0
      vertex 4.7 4 0
    endloop
  endfacet
  facet normal 0 0 -1
    outer loop
      vertex 61.3 14 0
      vertex 66 18 0
      vertex 61.3 4 0
    endloop
  endfacet
  facet normal 0 0 -1
    outer loop
      vertex 60.7 14 0
      vertex 66 18 0
      vertex 61.3 14 0
    endloop
  endfacet
  facet normal 0 0 -1
    outer loop
      vertex 59.7 14 0
      vertex 60.7 14 0
      vertex 59.7 4 0
    endloop
  endfacet
  facet normal 0 0 -1
    outer loop
      vertex 59.7 14 0
      vertex 66 18 0
      vertex 60.7 14 0
    endloop
  endfacet
  facet normal 0 0 -1
    outer loop
      vertex 59.1 14 0
      vertex 66 18 0
      vertex 59.7 14 0
    endloop
  endfacet
  facet normal 0 0 -1
    outer loop
      vertex 58.1 14 0
      vertex 59.1 14 0
      vertex 58.1 4 0
    endloop
  endfacet
  facet normal 0 0 -1
    outer loop
      vertex 58.1 14 0
      vertex 66 18 0
      vertex 59.1 14 0
    endloop
  endfacet
  facet normal 0 0 -1
    outer loop
      vertex 57.5 14 0
      vertex 66 18 0
      vertex 58.1 14 0
    endloop
  endfacet
  facet normal 0 0 -1
    outer loop
      vertex 56.5 14 0
      vertex 57.5 14 0
      vertex 56.5 4 0
    endloop
  endfacet
  facet normal 0 0 -1
    outer loop
      vertex 56.5 14 0
      vertex 66 18 0
      vertex 57.5 14 0
    endloop
  endfacet
  facet normal 0 0 -1
    outer loop
      vertex 55.9 14 0
      vertex 66 18 0
      vertex 56.5 14 0
    endloop
  endfacet
  facet normal 0 0 -1
    outer loop
      vertex 54.9 14 0
      vertex 55.9 14 0
      vertex 54.9 4 0
    endloop
  endfacet
  facet normal 0 0 -1
    outer loop
      vertex 54.9 14 0
      vertex 66 18 0
      vertex 55.9 14 0
    endloop
  endfacet
  facet normal 0 0 -1
    outer loop
      vertex 54.3 14 0
      vertex 66 18 0
      vertex 54.9 14 0
    endloop
  endfacet
  facet normal 0 0 -1
    outer loop
      vertex 53.3 14 0
      vertex 54.3 14 0
      vertex 53.3 4 0
    endloop
  endfacet
  facet normal 0 0 -1
    outer loop
      vertex 53.3 14 0
      vertex 66 18 0
      vertex 54.3 14 0
    endloop
  endfacet
  facet normal 0 0 -1
    outer loop
      vertex 52.7 14 0
      vertex 66 18 0
      vertex 53.3 14 0
    endloop
  endfacet
  facet normal 0 0 -1
    outer loop
      vertex 51.7 14 0
      vertex 52.7 14 0
      vertex 51.7 4 0
    endloop
  endfacet
  facet normal 0 0 -1
    outer loop
      vertex 51.7 14 0
      vertex 66 18 0
      vertex 52.7 14 0
    endloop
  endfacet
  facet normal 0 0 -1
    outer loop
      vertex 51.1 14 0
      vertex 66 18 0
      vertex 51.7 14 0
    endloop
  endfacet
  facet normal 0 0 -1
    outer loop
      vertex 50.1 14 0
      vertex 51.1 14 0
      vertex 50.1 4 0
    endloop
  endfacet
  facet normal 0 0 -1
    outer loop
      vertex 50.1 14 0
      vertex 66 18 0
      vertex 51.1 14 0
    endloop
  endfacet
  facet normal 0 0 -1
    outer loop
      vertex 49.5 14 0
      vertex 66 18 0
      vertex 50.1 14 0
    endloop
  endfacet
  facet normal 0 0 -1
    outer loop
      vertex 48.5 14 0
      vertex 49.5 14 0
      vertex 48.5 4 0
    endloop
  endfacet
  facet normal 0 0 -1
    outer loop
      vertex 48.5 14 0
      vertex 66 18 0
      vertex 49.5 14 0
    endloop
  endfacet
  facet normal 0 0 -1
    outer loop
      vertex 47.9 14 0
      vertex 66 18 0
      vertex 48.5 14 0
    endloop
  endfacet
  facet normal 0 0 -1
    outer loop
      vertex 46.9 14 0
      vertex 47.9 14 0
      vertex 46.9 4 0
    endloop
  endfacet
  facet normal 0 0 -1
    outer loop
      vertex 46.9 14 0
      vertex 66 18 0
      vertex 47.9 14 0
    endloop
  endfacet
  facet normal 0 0 -1
    outer loop
      vertex 46.3 14 0
      vertex 66 18 0
      vertex 46.9 14 0
    endloop
  endfacet
  facet normal 0 0 -1
    outer loop
      vertex 45.3 14 0
      vertex 46.3 14 0
      vertex 45.3 4 0
    endloop
  endfacet
  facet normal 0 0 -1
    outer loop
      vertex 45.3 14 0
      vertex 66 18 0
      vertex 46.3 14 0
    endloop
  endfacet
  facet normal 0 0 -1
    outer loop
      vertex 44.7 14 0
      vertex 66 18 0
      vertex 45.3 14 0
    endloop
  endfacet
  facet normal 0 0 -1
    outer loop
      vertex 43.7 14 0
      vertex 44.7 14 0
      vertex 43.7 4 0
    endloop
  endfacet
  facet normal 0 0 -1
    outer loop
      vertex 43.7 14 0
      vertex 66 18 0
      vertex 44.7 14 0
    endloop
  endfacet
  facet normal 0 0 -1
    outer loop
      vertex 43.1 14 0
      vertex 66 18 0
      vertex 43.7 14 0
    endloop
  endfacet
  facet normal 0 0 -1
    outer loop
      vertex 42.1 14 0
      vertex 43.1 14 0
      vertex 42.1 4 0
    endloop
  endfacet
  facet normal 0 0 -1
    outer loop
      vertex 42.1 14 0
      vertex 66 18 0
      vertex 43.1 14 0
    endloop
  endfacet
  facet normal 0 0 -1
    outer loop
      vertex 41.5 14 0
      vertex 66 18 0
      vertex 42.1 14 0
    endloop
  endfacet
  facet normal 0 0 -1
    outer loop
      vertex 40.5 14 0
      vertex 41.5 14 0
      vertex 40.5 4 0
    endloop
  endfacet
  facet normal 0 0 -1
    outer loop
      vertex 40.5 14 0
      vertex 66 18 0
      vertex 41.5 14 0
    endloop
  endfacet
  facet normal 0 0 -1
    outer loop
      vertex 39.9 14 0
      vertex 66 18 0
      vertex 40.5 14 0
    endloop
  endfacet
  facet normal 0 0 -1
    outer loop
      vertex 38.9 14 0
      vertex 39.9 14 0
      vertex 38.9 4 0
    endloop
  endfacet
  facet normal 0 0 -1
    outer loop
      vertex 38.9 14 0
      vertex 66 18 0
      vertex 39.9 14 0
    endloop
  endfacet
  facet normal 0 0 -1
    outer loop
      vertex 38.3 14 0
      vertex 66 18 0
      vertex 38.9 14 0
    endloop
  endfacet
  facet normal 0 0 -1
    outer loop
      vertex 37.3 14 0
      vertex 38.3 14 0
      vertex 37.3 4 0
    endloop
  endfacet
  facet normal 0 0 -1
    outer loop
      vertex 37.3 14 0
      vertex 66 18 0
      vertex 38.3 14 0
    endloop
  endfacet
  facet normal 0 0 -1
    outer loop
      vertex 36.7 14 0
      vertex 66 18 0
      vertex 37.3 14 0
    endloop
  endfacet
  facet normal 0 0 -1
    outer loop
      vertex 35.7 14 0
      vertex 36.7 14 0
      vertex 35.7 4 0
    endloop
  endfacet
  facet normal 0 0 -1
    outer loop
      vertex 35.7 14 0
      vertex 66 18 0
      vertex 36.7 14 0
    endloop
  endfacet
  facet normal 0 0 -1
    outer loop
      vertex 35.1 14 0
      vertex 66 18 0
      vertex 35.7 14 0
    endloop
  endfacet
  facet normal 0 0 -1
    outer loop
      vertex 34.1 14 0
      vertex 35.1 14 0
      vertex 34.1 4 0
    endloop
  endfacet
  facet normal 0 0 -1
    outer loop
      vertex 34.1 14 0
      vertex 66 18 0
      vertex 35.1 14 0
    endloop
  endfacet
  facet normal 0 0 -1
    outer loop
      vertex 33.5 14 0
      vertex 66 18 0
      vertex 34.1 14 0
    endloop
  endfacet
  facet normal 0 0 -1
    outer loop
      vertex 32.5 14 0
      vertex 33.5 14 0
      vertex 32.5 4 0
    endloop
  endfacet
  facet normal 0 0 -1
    outer loop
      vertex 32.5 14 0
      vertex 66 18 0
      vertex 33.5 14 0
    endloop
  endfacet
  facet normal 0 0 -1
    outer loop
      vertex 31.9 14 0
      vertex 66 18 0
      vertex 32.5 14 0
    endloop
  endfacet
  facet normal 0 0 -1
    outer loop
      vertex 30.9 14 0
      vertex 31.9 14 0
      vertex 30.9 4 0
    endloop
  endfacet
  facet normal 0 0 -1
    outer loop
      vertex 0 18 0
      vertex 31.9 14 0
      vertex 30.9 14 0
    endloop
  endfacet
  facet normal 0 0 -1
    outer loop
      vertex 0 18 0
      vertex 30.9 14 0
      vertex 30.3 14 0
    endloop
  endfacet
  facet normal 0 0 -1
    outer loop
      vertex 29.3 14 0
      vertex 30.3 14 0
      vertex 29.3 4 0
    endloop
  endfacet
  facet normal 0 0 -1
    outer loop
      vertex 0 18 0
      vertex 30.3 14 0
      vertex 29.3 14 0
    endloop
  endfacet
  facet normal 0 0 -1
    outer loop
      vertex 0 18 0
      vertex 29.3 14 0
      vertex 28.7 14 0
    endloop
  endfacet
  facet normal 0 0 -1
    outer loop
      vertex 27.7 14 0
      vertex 28.7 14 0
      vertex 27.7 4 0
    endloop
  endfacet
  facet normal 0 0 -1
    outer loop
      vertex 0 18 0
      vertex 28.7 14 0
      vertex 27.7 14 0
    endloop
  endfacet
  facet normal 0 0 -1
    outer loop
      vertex 0 18 0
      vertex 27.7 14 0
      vertex 27.1 14 0
    endloop
  endfacet
  facet normal 0 0 -1
    outer loop
      vertex 26.1 14 0
      vertex 27.1 14 0
      vertex 26.1 4 0
    endloop
  endfacet
  facet normal 0 0 -1
    outer loop
      vertex 0 18 0
      vertex 27.1 14 0
      vertex 26.1 14 0
    endloop
  endfacet
  facet normal 0 0 -1
    outer loop
      vertex 0 18 0
      vertex 26.1 14 0
      vertex 25.5 14 0
    endloop
  endfacet
  facet normal 0 0 -1
    outer loop
      vertex 24.5 14 0
      vertex 25.5 14 0
      vertex 24.5 4 0
    endloop
  endfacet
  facet normal 0 0 -1
    outer loop
      vertex 0 18 0
      vertex 25.5 14 0
      vertex 24.5 14 0
    endloop
  endfacet
  facet normal 0 0 -1
    outer loop
      vertex 0 18 0
      vertex 24.5 14 0
      vertex 23.9 14 0
    endloop
  endfacet
  facet normal 0 0 -1
    outer loop
      vertex 22.9 14 0
      vertex 23.9 14 0
      vertex 22.9 4 0
    endloop
  endfacet
  facet normal 0 0 -1
    outer loop
      vertex 0 18 0
      vertex 23.9 14 0
      vertex 22.9 14 0
    endloop
  endfacet
  facet normal 0 0 -1
    outer loop
      vertex 0 18 0
      vertex 22.9 14 0
      vertex 22.3 14 0
    endloop
  endfacet
  facet normal 0 0 -1
    outer loop
      vertex 21.3 14 0
      vertex 22.3 14 0
      vertex 21.3 4 0
    endloop
  endfacet
  facet normal 0 0 -1
    outer loop
      vertex 0 18 0
      vertex 22.3 14 0
      vertex 21.3 14 0
    endloop
  endfacet
  facet normal 0 0 -1
    outer loop
      vertex 0 18 0
      vertex 21.3 14 0
      vertex 20.7 14 0
    endloop
  endfacet
  facet normal 0 0 -1
    outer loop
      vertex 19.7 14 0
      vertex 20.7 14 0
      vertex 19.7 4 0
    endloop
  endfacet
  facet normal 0 0 -1
    outer loop
      vertex 0 18 0
      vertex 20.7 14 0
      vertex 19.7 14 0
    endloop
  endfacet
  facet normal 0 0 -1
    outer loop
      vertex 0 18 0
      vertex 19.7 14 0
      vertex 19.1 14 0
    endloop
  endfacet
  facet normal 0 0 -1
    outer loop
      vertex 18.1 14 0
      vertex 19.1 14 0
      vertex 18.1 4 0
    endloop
  endfacet
  facet normal 0 0 -1
    outer loop
      vertex 0 18 0
      vertex 19.1 14 0
      vertex 18.1 14 0
    endloop
  endfacet
  facet normal 0 0 -1
    outer loop
      vertex 0 18 0
      vertex 18.1 14 0
      vertex 17.5 14 0
    endloop
  endfacet
  facet normal 0 0 -1
    outer loop
      vertex 16.5 14 0
      vertex 17.5 14 0
      vertex 16.5 4 0
    endloop
  endfacet
  facet normal 0 0 -1
    outer loop
      vertex 0 18 0
      vertex 17.5 14 0
      vertex 16.5 14 0
    endloop
  endfacet
  facet normal 0 0 -1
    outer loop
      vertex 0 18 0
      vertex 16.5 14 0
      vertex 15.9 14 0
    endloop
  endfacet
  facet normal 0 0 -1
    outer loop
      vertex 14.9 14 0
      vertex 15.9 14 0
      vertex 14.9 4 0
    endloop
  endfacet
  facet normal 0 0 -1
    outer loop
      vertex 0 18 0
      vertex 15.9 14 0
      vertex 14.9 14 0
    endloop
  endfacet
  facet normal 0 0 -1
    outer loop
      vertex 0 18 0
      vertex 14.9 14 0
      vertex 14.3 14 0
    endloop
  endfacet
  facet normal 0 0 -1
    outer loop
      vertex 13.3 14 0
      vertex 14.3 14 0
      vertex 13.3 4 0
    endloop
  endfacet
  facet normal 0 0 -1
    outer loop
      vertex 0 18 0
      vertex 14.3 14 0
      vertex 13.3 14 0
    endloop
  endfacet
  facet normal 0 0 -1
    outer loop
      vertex 0 18 0
      vertex 13.3 14 0
      vertex 12.7 14 0
    endloop
  endfacet
  facet normal 0 0 -1
    outer loop
      vertex 11.7 14 0
      vertex 12.7 14 0
      vertex 11.7 4 0
    endloop
  endfacet
  facet normal 0 0 -1
    outer loop
      vertex 0 18 0
      vertex 12.7 14 0
      vertex 11.7 14 0
    endloop
  endfacet
  facet normal 0 0 -1
    outer loop
      vertex 0 18 0
      vertex 11.7 14 0
      vertex 11.1 14 0
    endloop
  endfacet
  facet normal 0 0 -1
    outer loop
      vertex 10.1 14 0
      vertex 11.1 14 0
      vertex 10.1 4 0
    endloop
  endfacet
  facet normal 0 0 -1
    outer loop
      vertex 0 18 0
      vertex 11.1 14 0
      vertex 10.1 14 0
    endloop
  endfacet
  facet normal 0 0 -1
    outer loop
      vertex 0 18 0
      vertex 10.1 14 0
      vertex 9.5 14 0
    endloop
  endfacet
  facet normal 0 0 -1
    outer loop
      vertex 8.5 14 0
      vertex 9.5 14 0
      vertex 8.5 4 0
    endloop
  endfacet
  facet normal 0 0 -1
    outer loop
      vertex 0 18 0
      vertex 9.5 14 0
      vertex 8.5 14 0
    endloop
  endfacet
  facet normal 0 0 -1
    outer loop
      vertex 0 18 0
      vertex 8.5 14 0
      vertex 7.9 14 0
    endloop
  endfacet
  facet normal 0 0 -1
    outer loop
      vertex 6.9 14 0
      vertex 7.9 14 0
      vertex 6.9 4 0
    endloop
  endfacet
  facet normal 0 0 -1
    outer loop
      vertex 0 18 0
      vertex 7.9 14 0
      vertex 6.9 14 0
    endloop
  endfacet
  facet normal 0 0 -1
    outer loop
      vertex 0 18 0
      vertex 6.9 14 0
      vertex 6.3 14 0
    endloop
  endfacet
  facet normal 0 0 -1
    outer loop
      vertex 5.3 14 0
      vertex 6.3 14 0
      vertex 5.3 4 0
    endloop
  endfacet
  facet normal 0 0 -1
    outer loop
      vertex 0 18 0
      vertex 6.3 14 0
      vertex 5.3 14 0
    endloop
  endfacet
  facet normal 0 0 -1
    outer loop
      vertex 0 18 0
      vertex 5.3 14 0
      vertex 4.7 14 0
    endloop
  endfacet
  facet normal 0 0 -1
    outer loop
      vertex 31.9 14 0
      vertex 0 18 0
      vertex 66 18 0
    endloop
  endfacet
  facet normal 0 0 -1
    outer loop
      vertex 0 18 0
      vertex 4.7 14 0
      vertex 0 0 0
    endloop
  endfacet
  facet normal -1 0 0
    outer loop
      vertex 0 0 0
      vertex 0 18 1.2
      vertex 0 18 0
    endloop
  endfacet
  facet normal -1 -0 0
    outer loop
      vertex 0 18 1.2
      vertex 0 0 0
      vertex 0 0 1.2
    endloop
  endfacet
  facet normal 0 1 -0
    outer loop
      vertex 66 18 0
      vertex 0 18 1.2
      vertex 66 18 1.2
    endloop
  endfacet
  facet normal 0 1 0
    outer loop
      vertex 0 18 1.2
      vertex 66 18 0
      vertex 0 18 0
    endloop
  endfacet
  facet normal 0 -1 0
    outer loop
      vertex 0 0 0
      vertex 66 0 1.2
      vertex 0 0 1.2
    endloop
  endfacet
  facet normal 0 -1 -0
    outer loop
      vertex 66 0 1.2
      vertex 0 0 0
      vertex 66 0 0
    endloop
  endfacet
  facet normal 0 0 1
    outer loop
      vertex 64 16 4
      vertex 62 14 4
      vertex 64 2 4
    endloop
  endfacet
  facet normal 0 0 1
    outer loop
      vertex 64 16 4
      vertex 4 14 4
      vertex 62 14 4
    endloop
  endfacet
  facet normal 0 0 1
    outer loop
      vertex 4 14 4
      vertex 2 16 4
      vertex 4 4 4
    endloop
  endfacet
  facet normal -0 0 1
    outer loop
      vertex 2 16 4
      vertex 4 14 4
      vertex 64 16 4
    endloop
  endfacet
  facet normal -0 0 1
    outer loop
      vertex 62 4 4
      vertex 64 2 4
      vertex 62 14 4
    endloop
  endfacet
  facet normal -0 0 1
    outer loop
      vertex 4 4 4
      vertex 64 2 4
      vertex 62 4 4
    endloop
  endfacet
  facet normal 0 0 1
    outer loop
      vertex 4 4 4
      vertex 2 2 4
      vertex 64 2 4
    endloop
  endfacet
  facet normal 0 0 1
    outer loop
      vertex 2 2 4
      vertex 4 4 4
      vertex 2 16 4
    endloop
  endfacet
  facet normal 0 1 -0
    outer loop
      vertex 64 16 1.2
      vertex 2 16 4
      vertex 64 16 4
    endloop
  endfacet
  facet normal 0 1 0
    outer loop
      vertex 2 16 4
      vertex 64 16 1.2
      vertex 2 16 1.2
    endloop
  endfacet
  facet normal -1 0 0
    outer loop
      vertex 2 2 1.2
      vertex 2 16 4
      vertex 2 16 1.2
    endloop
  endfacet
  facet normal -1 -0 0
    outer loop
      vertex 2 16 4
      vertex 2 2 1.2
      vertex 2 2 4
    endloop
  endfacet
  facet normal 0 -1 0
    outer loop
      vertex 2 2 1.2
      vertex 64 2 4
      vertex 2 2 4
    endloop
  endfacet
  facet normal 0 -1 -0
    outer loop
      vertex 64 2 4
      vertex 2 2 1.2
      vertex 64 2 1.2
    endloop
  endfacet
  facet normal 1 -0 0
    outer loop
      vertex 64 2 4
      vertex 64 16 1.2
      vertex 64 16 4
    endloop
  endfacet
  facet normal 1 0 0
    outer loop
      vertex 64 16 1.2
      vertex 64 2 4
      vertex 64 2 1.2
    endloop
  endfacet
  facet normal 1 -0 0
    outer loop
      vertex 4 4 4
      vertex 4 14 1.2
      vertex 4 14 4
    endloop
  endfacet
  facet normal 1 0 0
    outer loop
      vertex 4 14 1.2
      vertex 4 4 4
      vertex 4 4 1.2
    endloop
  endfacet
  facet normal -1 0 0
    outer loop
      vertex 62 4 1.2
      vertex 62 14 4
      vertex 62 14 1.2
    endloop
  endfacet
  facet normal -1 -0 0
    outer loop
      vertex 62 14 4
      vertex 62 4 1.2
      vertex 62 4 4
    endloop
  endfacet
  facet normal -1 0 0
    outer loop
      vertex 77.3 4 0
      vertex 77.3 14 1.1
      vertex 77.3 14 0
    endloop
  endfacet
  facet normal -1 0 0
    outer loop
      vertex 77.3 4 1.1
      vertex 77.3 14 1.1
      vertex 77.3 4 0
    endloop
  endfacet
  facet normal -1 0 0
    outer loop
      vertex 77.3 14 1.1
      vertex 77.3 4 1.1
      vertex 77.3 14 1.2
    endloop
  endfacet
  facet normal -1 -0 0
    outer loop
      vertex 77.3 14 1.2
      vertex 77.3 4 1.1
      vertex 77.3 4 1.2
    endloop
  endfacet
  facet normal 1 0 0
    outer loop
      vertex 76.7 4 1.1
      vertex 76.7 14 1.1
      vertex 76.7 14 1.2
    endloop
  endfacet
  facet normal 1 0 0
    outer loop
      vertex 76.7 4 1.1
      vertex 76.7 14 1.2
      vertex 76.7 4 1.2
    endloop
  endfacet
  facet normal 1 0 0
    outer loop
      vertex 76.7 14 1.1
      vertex 76.7 4 1.1
      vertex 76.7 14 0
    endloop
  endfacet
  facet normal 1 0 0
    outer loop
      vertex 76.7 14 0
      vertex 76.7 4 1.1
      vertex 76.7 4 0
    endloop
  endfacet
  facet normal 0 -1 0
    outer loop
      vertex 132.7 14 1.1
      vertex 133.3 14 1.2
      vertex 132.7 14 1.2
    endloop
  endfacet
  facet normal 0 -1 -0
    outer loop
      vertex 133.3 14 1.2
      vertex 132.7 14 1.1
      vertex 133.3 14 1.1
    endloop
  endfacet
  facet normal 0 -1 0
    outer loop
      vertex 131.1 14 1.1
      vertex 131.7 14 1.2
      vertex 131.1 14 1.2
    endloop
  endfacet
  facet normal 0 -1 -0
    outer loop
      vertex 131.7 14 1.2
      vertex 131.1 14 1.1
      vertex 131.7 14 1.1
    endloop
  endfacet
  facet normal 0 -1 0
    outer loop
      vertex 129.5 14 1.1
      vertex 130.1 14 1.2
      vertex 129.5 14 1.2
    endloop
  endfacet
  facet normal 0 -1 -0
    outer loop
      vertex 130.1 14 1.2
      vertex 129.5 14 1.1
      vertex 130.1 14 1.1
    endloop
  endfacet
  facet normal 0 -1 0
    outer loop
      vertex 127.9 14 1.1
      vertex 128.5 14 1.2
      vertex 127.9 14 1.2
    endloop
  endfacet
  facet normal 0 -1 -0
    outer loop
      vertex 128.5 14 1.2
      vertex 127.9 14 1.1
      vertex 128.5 14 1.1
    endloop
  endfacet
  facet normal 0 -1 0
    outer loop
      vertex 126.3 14 1.1
      vertex 126.9 14 1.2
      vertex 126.3 14 1.2
    endloop
  endfacet
  facet normal 0 -1 -0
    outer loop
      vertex 126.9 14 1.2
      vertex 126.3 14 1.1
      vertex 126.9 14 1.1
    endloop
  endfacet
  facet normal 0 -1 0
    outer loop
      vertex 124.7 14 1.1
      vertex 125.3 14 1.2
      vertex 124.7 14 1.2
    endloop
  endfacet
  facet normal 0 -1 -0
    outer loop
      vertex 125.3 14 1.2
      vertex 124.7 14 1.1
      vertex 125.3 14 1.1
    endloop
  endfacet
  facet normal 0 -1 0
    outer loop
      vertex 123.1 14 1.1
      vertex 123.7 14 1.2
      vertex 123.1 14 1.2
    endloop
  endfacet
  facet normal 0 -1 -0
    outer loop
      vertex 123.7 14 1.2
      vertex 123.1 14 1.1
      vertex 123.7 14 1.1
    endloop
  endfacet
  facet normal 0 -1 0
    outer loop
      vertex 121.5 14 1.1
      vertex 122.1 14 1.2
      vertex 121.5 14 1.2
    endloop
  endfacet
  facet normal 0 -1 -0
    outer loop
      vertex 122.1 14 1.2
      vertex 121.5 14 1.1
      vertex 122.1 14 1.1
    endloop
  endfacet
  facet normal 0 -1 0
    outer loop
      vertex 119.9 14 1.1
      vertex 120.5 14 1.2
      vertex 119.9 14 1.2
    endloop
  endfacet
  facet normal 0 -1 -0
    outer loop
      vertex 120.5 14 1.2
      vertex 119.9 14 1.1
      vertex 120.5 14 1.1
    endloop
  endfacet
  facet normal 0 -1 0
    outer loop
      vertex 118.3 14 1.1
      vertex 118.9 14 1.2
      vertex 118.3 14 1.2
    endloop
  endfacet
  facet normal 0 -1 -0
    outer loop
      vertex 118.9 14 1.2
      vertex 118.3 14 1.1
      vertex 118.9 14 1.1
    endloop
  endfacet
  facet normal 0 -1 0
    outer loop
      vertex 116.7 14 1.1
      vertex 117.3 14 1.2
      vertex 116.7 14 1.2
    endloop
  endfacet
  facet normal 0 -1 -0
    outer loop
      vertex 117.3 14 1.2
      vertex 116.7 14 1.1
      vertex 117.3 14 1.1
    endloop
  endfacet
  facet normal 0 -1 0
    outer loop
      vertex 115.1 14 1.1
      vertex 115.7 14 1.2
      vertex 115.1 14 1.2
    endloop
  endfacet
  facet normal 0 -1 -0
    outer loop
      vertex 115.7 14 1.2
      vertex 115.1 14 1.1
      vertex 115.7 14 1.1
    endloop
  endfacet
  facet normal 0 -1 0
    outer loop
      vertex 113.5 14 1.1
      vertex 114.1 14 1.2
      vertex 113.5 14 1.2
    endloop
  endfacet
  facet normal 0 -1 -0
    outer loop
      vertex 114.1 14 1.2
      vertex 113.5 14 1.1
      vertex 114.1 14 1.1
    endloop
  endfacet
  facet normal 0 -1 0
    outer loop
      vertex 111.9 14 1.1
      vertex 112.5 14 1.2
      vertex 111.9 14 1.2
    endloop
  endfacet
  facet normal 0 -1 -0
    outer loop
      vertex 112.5 14 1.2
      vertex 111.9 14 1.1
      vertex 112.5 14 1.1
    endloop
  endfacet
  facet normal 0 -1 0
    outer loop
      vertex 110.3 14 1.1
      vertex 110.9 14 1.2
      vertex 110.3 14 1.2
    endloop
  endfacet
  facet normal 0 -1 -0
    outer loop
      vertex 110.9 14 1.2
      vertex 110.3 14 1.1
      vertex 110.9 14 1.1
    endloop
  endfacet
  facet normal 0 -1 0
    outer loop
      vertex 108.7 14 1.1
      vertex 109.3 14 1.2
      vertex 108.7 14 1.2
    endloop
  endfacet
  facet normal 0 -1 -0
    outer loop
      vertex 109.3 14 1.2
      vertex 108.7 14 1.1
      vertex 109.3 14 1.1
    endloop
  endfacet
  facet normal 0 -1 0
    outer loop
      vertex 107.1 14 1.1
      vertex 107.7 14 1.2
      vertex 107.1 14 1.2
    endloop
  endfacet
  facet normal 0 -1 -0
    outer loop
      vertex 107.7 14 1.2
      vertex 107.1 14 1.1
      vertex 107.7 14 1.1
    endloop
  endfacet
  facet normal 0 -1 0
    outer loop
      vertex 105.5 14 1.1
      vertex 106.1 14 1.2
      vertex 105.5 14 1.2
    endloop
  endfacet
  facet normal 0 -1 -0
    outer loop
      vertex 106.1 14 1.2
      vertex 105.5 14 1.1
      vertex 106.1 14 1.1
    endloop
  endfacet
  facet normal 0 -1 0
    outer loop
      vertex 103.9 14 1.1
      vertex 104.5 14 1.2
      vertex 103.9 14 1.2
    endloop
  endfacet
  facet normal 0 -1 -0
    outer loop
      vertex 104.5 14 1.2
      vertex 103.9 14 1.1
      vertex 104.5 14 1.1
    endloop
  endfacet
  facet normal 0 -1 0
    outer loop
      vertex 102.3 14 1.1
      vertex 102.9 14 1.2
      vertex 102.3 14 1.2
    endloop
  endfacet
  facet normal 0 -1 -0
    outer loop
      vertex 102.9 14 1.2
      vertex 102.3 14 1.1
      vertex 102.9 14 1.1
    endloop
  endfacet
  facet normal 0 -1 0
    outer loop
      vertex 100.7 14 1.1
      vertex 101.3 14 1.2
      vertex 100.7 14 1.2
    endloop
  endfacet
  facet normal 0 -1 -0
    outer loop
      vertex 101.3 14 1.2
      vertex 100.7 14 1.1
      vertex 101.3 14 1.1
    endloop
  endfacet
  facet normal 0 -1 0
    outer loop
      vertex 99.1 14 1.1
      vertex 99.7 14 1.2
      vertex 99.1 14 1.2
    endloop
  endfacet
  facet normal 0 -1 -0
    outer loop
      vertex 99.7 14 1.2
      vertex 99.1 14 1.1
      vertex 99.7 14 1.1
    endloop
  endfacet
  facet normal 0 -1 0
    outer loop
      vertex 97.5 14 1.1
      vertex 98.1 14 1.2
      vertex 97.5 14 1.2
    endloop
  endfacet
  facet normal 0 -1 -0
    outer loop
      vertex 98.1 14 1.2
      vertex 97.5 14 1.1
      vertex 98.1 14 1.1
    endloop
  endfacet
  facet normal 0 -1 0
    outer loop
      vertex 95.9 14 1.1
      vertex 96.5 14 1.2
      vertex 95.9 14 1.2
    endloop
  endfacet
  facet normal 0 -1 -0
    outer loop
      vertex 96.5 14 1.2
      vertex 95.9 14 1.1
      vertex 96.5 14 1.1
    endloop
  endfacet
  facet normal 0 -1 0
    outer loop
      vertex 94.3 14 1.1
      vertex 94.9 14 1.2
      vertex 94.3 14 1.2
    endloop
  endfacet
  facet normal 0 -1 -0
    outer loop
      vertex 94.9 14 1.2
      vertex 94.3 14 1.1
      vertex 94.9 14 1.1
    endloop
  endfacet
  facet normal 0 -1 0
    outer loop
      vertex 92.7 14 1.1
      vertex 93.3 14 1.2
      vertex 92.7 14 1.2
    endloop
  endfacet
  facet normal 0 -1 -0
    outer loop
      vertex 93.3 14 1.2
      vertex 92.7 14 1.1
      vertex 93.3 14 1.1
    endloop
  endfacet
  facet normal 0 -1 0
    outer loop
      vertex 91.1 14 1.1
      vertex 91.7 14 1.2
      vertex 91.1 14 1.2
    endloop
  endfacet
  facet normal 0 -1 -0
    outer loop
      vertex 91.7 14 1.2
      vertex 91.1 14 1.1
      vertex 91.7 14 1.1
    endloop
  endfacet
  facet normal 0 -1 0
    outer loop
      vertex 89.5 14 1.1
      vertex 90.1 14 1.2
      vertex 89.5 14 1.2
    endloop
  endfacet
  facet normal 0 -1 -0
    outer loop
      vertex 90.1 14 1.2
      vertex 89.5 14 1.1
      vertex 90.1 14 1.1
    endloop
  endfacet
  facet normal 0 -1 0
    outer loop
      vertex 87.9 14 1.1
      vertex 88.5 14 1.2
      vertex 87.9 14 1.2
    endloop
  endfacet
  facet normal 0 -1 -0
    outer loop
      vertex 88.5 14 1.2
      vertex 87.9 14 1.1
      vertex 88.5 14 1.1
    endloop
  endfacet
  facet normal 0 -1 0
    outer loop
      vertex 86.3 14 1.1
      vertex 86.9 14 1.2
      vertex 86.3 14 1.2
    endloop
  endfacet
  facet normal 0 -1 -0
    outer loop
      vertex 86.9 14 1.2
      vertex 86.3 14 1.1
      vertex 86.9 14 1.1
    endloop
  endfacet
  facet normal 0 -1 0
    outer loop
      vertex 84.7 14 1.1
      vertex 85.3 14 1.2
      vertex 84.7 14 1.2
    endloop
  endfacet
  facet normal 0 -1 -0
    outer loop
      vertex 85.3 14 1.2
      vertex 84.7 14 1.1
      vertex 85.3 14 1.1
    endloop
  endfacet
  facet normal 0 -1 0
    outer loop
      vertex 83.1 14 1.1
      vertex 83.7 14 1.2
      vertex 83.1 14 1.2
    endloop
  endfacet
  facet normal 0 -1 -0
    outer loop
      vertex 83.7 14 1.2
      vertex 83.1 14 1.1
      vertex 83.7 14 1.1
    endloop
  endfacet
  facet normal 0 -1 0
    outer loop
      vertex 81.5 14 1.1
      vertex 82.1 14 1.2
      vertex 81.5 14 1.2
    endloop
  endfacet
  facet normal 0 -1 -0
    outer loop
      vertex 82.1 14 1.2
      vertex 81.5 14 1.1
      vertex 82.1 14 1.1
    endloop
  endfacet
  facet normal 0 -1 0
    outer loop
      vertex 79.9 14 1.1
      vertex 80.5 14 1.2
      vertex 79.9 14 1.2
    endloop
  endfacet
  facet normal 0 -1 -0
    outer loop
      vertex 80.5 14 1.2
      vertex 79.9 14 1.1
      vertex 80.5 14 1.1
    endloop
  endfacet
  facet normal 0 -1 0
    outer loop
      vertex 78.3 14 1.1
      vertex 78.9 14 1.2
      vertex 78.3 14 1.2
    endloop
  endfacet
  facet normal 0 -1 -0
    outer loop
      vertex 78.9 14 1.2
      vertex 78.3 14 1.1
      vertex 78.9 14 1.1
    endloop
  endfacet
  facet normal 0 -1 0
    outer loop
      vertex 76.7 14 1.1
      vertex 77.3 14 1.2
      vertex 76.7 14 1.2
    endloop
  endfacet
  facet normal 0 -1 -0
    outer loop
      vertex 77.3 14 1.2
      vertex 76.7 14 1.1
      vertex 77.3 14 1.1
    endloop
  endfacet
  facet normal 0 -1 0
    outer loop
      vertex 76.7 14 1.2
      vertex 76 14 4
      vertex 76 14 1.2
    endloop
  endfacet
  facet normal 0 -1 0
    outer loop
      vertex 77.3 14 1.2
      vertex 76 14 4
      vertex 76.7 14 1.2
    endloop
  endfacet
  facet normal 0 -1 0
    outer loop
      vertex 78.3 14 1.2
      vertex 76 14 4
      vertex 77.3 14 1.2
    endloop
  endfacet
  facet normal 0 -1 0
    outer loop
      vertex 78.9 14 1.2
      vertex 76 14 4
      vertex 78.3 14 1.2
    endloop
  endfacet
  facet normal 0 -1 0
    outer loop
      vertex 79.9 14 1.2
      vertex 76 14 4
      vertex 78.9 14 1.2
    endloop
  endfacet
  facet normal 0 -1 0
    outer loop
      vertex 80.5 14 1.2
      vertex 76 14 4
      vertex 79.9 14 1.2
    endloop
  endfacet
  facet normal 0 -1 0
    outer loop
      vertex 81.5 14 1.2
      vertex 76 14 4
      vertex 80.5 14 1.2
    endloop
  endfacet
  facet normal 0 -1 0
    outer loop
      vertex 82.1 14 1.2
      vertex 76 14 4
      vertex 81.5 14 1.2
    endloop
  endfacet
  facet normal 0 -1 0
    outer loop
      vertex 83.1 14 1.2
      vertex 76 14 4
      vertex 82.1 14 1.2
    endloop
  endfacet
  facet normal 0 -1 0
    outer loop
      vertex 83.7 14 1.2
      vertex 76 14 4
      vertex 83.1 14 1.2
    endloop
  endfacet
  facet normal 0 -1 0
    outer loop
      vertex 84.7 14 1.2
      vertex 76 14 4
      vertex 83.7 14 1.2
    endloop
  endfacet
  facet normal 0 -1 0
    outer loop
      vertex 85.3 14 1.2
      vertex 76 14 4
      vertex 84.7 14 1.2
    endloop
  endfacet
  facet normal 0 -1 0
    outer loop
      vertex 86.3 14 1.2
      vertex 76 14 4
      vertex 85.3 14 1.2
    endloop
  endfacet
  facet normal 0 -1 0
    outer loop
      vertex 86.9 14 1.2
      vertex 76 14 4
      vertex 86.3 14 1.2
    endloop
  endfacet
  facet normal 0 -1 0
    outer loop
      vertex 87.9 14 1.2
      vertex 76 14 4
      vertex 86.9 14 1.2
    endloop
  endfacet
  facet normal 0 -1 0
    outer loop
      vertex 88.5 14 1.2
      vertex 76 14 4
      vertex 87.9 14 1.2
    endloop
  endfacet
  facet normal 0 -1 0
    outer loop
      vertex 89.5 14 1.2
      vertex 76 14 4
      vertex 88.5 14 1.2
    endloop
  endfacet
  facet normal 0 -1 0
    outer loop
      vertex 90.1 14 1.2
      vertex 76 14 4
      vertex 89.5 14 1.2
    endloop
  endfacet
  facet normal 0 -1 0
    outer loop
      vertex 91.1 14 1.2
      vertex 76 14 4
      vertex 90.1 14 1.2
    endloop
  endfacet
  facet normal 0 -1 0
    outer loop
      vertex 91.7 14 1.2
      vertex 76 14 4
      vertex 91.1 14 1.2
    endloop
  endfacet
  facet normal 0 -1 0
    outer loop
      vertex 92.7 14 1.2
      vertex 76 14 4
      vertex 91.7 14 1.2
    endloop
  endfacet
  facet normal 0 -1 0
    outer loop
      vertex 93.3 14 1.2
      vertex 76 14 4
      vertex 92.7 14 1.2
    endloop
  endfacet
  facet normal 0 -1 0
    outer loop
      vertex 94.3 14 1.2
      vertex 76 14 4
      vertex 93.3 14 1.2
    endloop
  endfacet
  facet normal 0 -1 0
    outer loop
      vertex 94.9 14 1.2
      vertex 76 14 4
      vertex 94.3 14 1.2
    endloop
  endfacet
  facet normal 0 -1 0
    outer loop
      vertex 95.9 14 1.2
      vertex 76 14 4
      vertex 94.9 14 1.2
    endloop
  endfacet
  facet normal 0 -1 0
    outer loop
      vertex 96.5 14 1.2
      vertex 76 14 4
      vertex 95.9 14 1.2
    endloop
  endfacet
  facet normal 0 -1 0
    outer loop
      vertex 97.5 14 1.2
      vertex 76 14 4
      vertex 96.5 14 1.2
    endloop
  endfacet
  facet normal 0 -1 0
    outer loop
      vertex 98.1 14 1.2
      vertex 76 14 4
      vertex 97.5 14 1.2
    endloop
  endfacet
  facet normal 0 -1 0
    outer loop
      vertex 99.1 14 1.2
      vertex 76 14 4
      vertex 98.1 14 1.2
    endloop
  endfacet
  facet normal 0 -1 0
    outer loop
      vertex 99.7 14 1.2
      vertex 76 14 4
      vertex 99.1 14 1.2
    endloop
  endfacet
  facet normal 0 -1 0
    outer loop
      vertex 100.7 14 1.2
      vertex 76 14 4
      vertex 99.7 14 1.2
    endloop
  endfacet
  facet normal 0 -1 0
    outer loop
      vertex 101.3 14 1.2
      vertex 76 14 4
      vertex 100.7 14 1.2
    endloop
  endfacet
  facet normal 0 -1 0
    outer loop
      vertex 102.3 14 1.2
      vertex 76 14 4
      vertex 101.3 14 1.2
    endloop
  endfacet
  facet normal 0 -1 0
    outer loop
      vertex 102.9 14 1.2
      vertex 76 14 4
      vertex 102.3 14 1.2
    endloop
  endfacet
  facet normal 0 -1 0
    outer loop
      vertex 103.9 14 1.2
      vertex 76 14 4
      vertex 102.9 14 1.2
    endloop
  endfacet
  facet normal 0 -1 0
    outer loop
      vertex 76 14 4
      vertex 103.9 14 1.2
      vertex 134 14 4
    endloop
  endfacet
  facet normal 0 -1 0
    outer loop
      vertex 104.5 14 1.2
      vertex 134 14 4
      vertex 103.9 14 1.2
    endloop
  endfacet
  facet normal 0 -1 0
    outer loop
      vertex 105.5 14 1.2
      vertex 134 14 4
      vertex 104.5 14 1.2
    endloop
  endfacet
  facet normal 0 -1 0
    outer loop
      vertex 106.1 14 1.2
      vertex 134 14 4
      vertex 105.5 14 1.2
    endloop
  endfacet
  facet normal 0 -1 0
    outer loop
      vertex 107.1 14 1.2
      vertex 134 14 4
      vertex 106.1 14 1.2
    endloop
  endfacet
  facet normal 0 -1 0
    outer loop
      vertex 107.7 14 1.2
      vertex 134 14 4
      vertex 107.1 14 1.2
    endloop
  endfacet
  facet normal 0 -1 0
    outer loop
      vertex 108.7 14 1.2
      vertex 134 14 4
      vertex 107.7 14 1.2
    endloop
  endfacet
  facet normal 0 -1 0
    outer loop
      vertex 109.3 14 1.2
      vertex 134 14 4
      vertex 108.7 14 1.2
    endloop
  endfacet
  facet normal 0 -1 0
    outer loop
      vertex 110.3 14 1.2
      vertex 134 14 4
      vertex 109.3 14 1.2
    endloop
  endfacet
  facet normal 0 -1 0
    outer loop
      vertex 110.9 14 1.2
      vertex 134 14 4
      vertex 110.3 14 1.2
    endloop
  endfacet
  facet normal 0 -1 0
    outer loop
      vertex 111.9 14 1.2
      vertex 134 14 4
      vertex 110.9 14 1.2
    endloop
  endfacet
  facet normal 0 -1 0
    outer loop
      vertex 112.5 14 1.2
      vertex 134 14 4
      vertex 111.9 14 1.2
    endloop
  endfacet
  facet normal 0 -1 0
    outer loop
      vertex 113.5 14 1.2
      vertex 134 14 4
      vertex 112.5 14 1.2
    endloop
  endfacet
  facet normal 0 -1 0
    outer loop
      vertex 114.1 14 1.2
      vertex 134 14 4
      vertex 113.5 14 1.2
    endloop
  endfacet
  facet normal 0 -1 0
    outer loop
      vertex 115.1 14 1.2
      vertex 134 14 4
      vertex 114.1 14 1.2
    endloop
  endfacet
  facet normal 0 -1 0
    outer loop
      vertex 115.7 14 1.2
      vertex 134 14 4
      vertex 115.1 14 1.2
    endloop
  endfacet
  facet normal 0 -1 0
    outer loop
      vertex 116.7 14 1.2
      vertex 134 14 4
      vertex 115.7 14 1.2
    endloop
  endfacet
  facet normal 0 -1 0
    outer loop
      vertex 117.3 14 1.2
      vertex 134 14 4
      vertex 116.7 14 1.2
    endloop
  endfacet
  facet normal 0 -1 0
    outer loop
      vertex 118.3 14 1.2
      vertex 134 14 4
      vertex 117.3 14 1.2
    endloop
  endfacet
  facet normal 0 -1 0
    outer loop
      vertex 118.9 14 1.2
      vertex 134 14 4
      vertex 118.3 14 1.2
    endloop
  endfacet
  facet normal 0 -1 0
    outer loop
      vertex 119.9 14 1.2
      vertex 134 14 4
      vertex 118.9 14 1.2
    endloop
  endfacet
  facet normal 0 -1 0
    outer loop
      vertex 120.5 14 1.2
      vertex 134 14 4
      vertex 119.9 14 1.2
    endloop
  endfacet
  facet normal 0 -1 0
    outer loop
      vertex 121.5 14 1.2
      vertex 134 14 4
      vertex 120.5 14 1.2
    endloop
  endfacet
  facet normal 0 -1 0
    outer loop
      vertex 122.1 14 1.2
      vertex 134 14 4
      vertex 121.5 14 1.2
    endloop
  endfacet
  facet normal 0 -1 0
    outer loop
      vertex 123.1 14 1.2
      vertex 134 14 4
      vertex 122.1 14 1.2
    endloop
  endfacet
  facet normal 0 -1 0
    outer loop
      vertex 123.7 14 1.2
      vertex 134 14 4
      vertex 123.1 14 1.2
    endloop
  endfacet
  facet normal 0 -1 0
    outer loop
      vertex 124.7 14 1.2
      vertex 134 14 4
      vertex 123.7 14 1.2
    endloop
  endfacet
  facet normal 0 -1 0
    outer loop
      vertex 125.3 14 1.2
      vertex 134 14 4
      vertex 124.7 14 1.2
    endloop
  endfacet
  facet normal 0 -1 0
    outer loop
      vertex 126.3 14 1.2
      vertex 134 14 4
      vertex 125.3 14 1.2
    endloop
  endfacet
  facet normal 0 -1 0
    outer loop
      vertex 126.9 14 1.2
      vertex 134 14 4
      vertex 126.3 14 1.2
    endloop
  endfacet
  facet normal 0 -1 0
    outer loop
      vertex 127.9 14 1.2
      vertex 134 14 4
      vertex 126.9 14 1.2
    endloop
  endfacet
  facet normal 0 -1 0
    outer loop
      vertex 128.5 14 1.2
      vertex 134 14 4
      vertex 127.9 14 1.2
    endloop
  endfacet
  facet normal 0 -1 0
    outer loop
      vertex 129.5 14 1.2
      vertex 134 14 4
      vertex 128.5 14 1.2
    endloop
  endfacet
  facet normal 0 -1 0
    outer loop
      vertex 130.1 14 1.2
      vertex 134 14 4
      vertex 129.5 14 1.2
    endloop
  endfacet
  facet normal 0 -1 0
    outer loop
      vertex 131.1 14 1.2
      vertex 134 14 4
      vertex 130.1 14 1.2
    endloop
  endfacet
  facet normal 0 -1 0
    outer loop
      vertex 131.7 14 1.2
      vertex 134 14 4
      vertex 131.1 14 1.2
    endloop
  endfacet
  facet normal 0 -1 0
    outer loop
      vertex 132.7 14 1.2
      vertex 134 14 4
      vertex 131.7 14 1.2
    endloop
  endfacet
  facet normal 0 -1 0
    outer loop
      vertex 133.3 14 1.2
      vertex 134 14 4
      vertex 132.7 14 1.2
    endloop
  endfacet
  facet normal 0 -1 -0
    outer loop
      vertex 134 14 4
      vertex 133.3 14 1.2
      vertex 134 14 1.2
    endloop
  endfacet
  facet normal 0 -1 0
    outer loop
      vertex 76.7 14 0
      vertex 77.3 14 1.1
      vertex 76.7 14 1.1
    endloop
  endfacet
  facet normal 0 -1 -0
    outer loop
      vertex 77.3 14 1.1
      vertex 76.7 14 0
      vertex 77.3 14 0
    endloop
  endfacet
  facet normal 0 -1 0
    outer loop
      vertex 78.3 14 0
      vertex 78.9 14 1.1
      vertex 78.3 14 1.1
    endloop
  endfacet
  facet normal 0 -1 -0
    outer loop
      vertex 78.9 14 1.1
      vertex 78.3 14 0
      vertex 78.9 14 0
    endloop
  endfacet
  facet normal 0 -1 0
    outer loop
      vertex 79.9 14 0
      vertex 80.5 14 1.1
      vertex 79.9 14 1.1
    endloop
  endfacet
  facet normal 0 -1 -0
    outer loop
      vertex 80.5 14 1.1
      vertex 79.9 14 0
      vertex 80.5 14 0
    endloop
  endfacet
  facet normal 0 -1 0
    outer loop
      vertex 81.5 14 0
      vertex 82.1 14 1.1
      vertex 81.5 14 1.1
    endloop
  endfacet
  facet normal 0 -1 -0
    outer loop
      vertex 82.1 14 1.1
      vertex 81.5 14 0
      vertex 82.1 14 0
    endloop
  endfacet
  facet normal 0 -1 0
    outer loop
      vertex 83.1 14 0
      vertex 83.7 14 1.1
      vertex 83.1 14 1.1
    endloop
  endfacet
  facet normal 0 -1 -0
    outer loop
      vertex 83.7 14 1.1
      vertex 83.1 14 0
      vertex 83.7 14 0
    endloop
  endfacet
  facet normal 0 -1 0
    outer loop
      vertex 84.7 14 0
      vertex 85.3 14 1.1
      vertex 84.7 14 1.1
    endloop
  endfacet
  facet normal 0 -1 -0
    outer loop
      vertex 85.3 14 1.1
      vertex 84.7 14 0
      vertex 85.3 14 0
    endloop
  endfacet
  facet normal 0 -1 0
    outer loop
      vertex 86.3 14 0
      vertex 86.9 14 1.1
      vertex 86.3 14 1.1
    endloop
  endfacet
  facet normal 0 -1 -0
    outer loop
      vertex 86.9 14 1.1
      vertex 86.3 14 0
      vertex 86.9 14 0
    endloop
  endfacet
  facet normal 0 -1 0
    outer loop
      vertex 87.9 14 0
      vertex 88.5 14 1.1
      vertex 87.9 14 1.1
    endloop
  endfacet
  facet normal 0 -1 -0
    outer loop
      vertex 88.5 14 1.1
      vertex 87.9 14 0
      vertex 88.5 14 0
    endloop
  endfacet
  facet normal 0 -1 0
    outer loop
      vertex 89.5 14 0
      vertex 90.1 14 1.1
      vertex 89.5 14 1.1
    endloop
  endfacet
  facet normal 0 -1 -0
    outer loop
      vertex 90.1 14 1.1
      vertex 89.5 14 0
      vertex 90.1 14 0
    endloop
  endfacet
  facet normal 0 -1 0
    outer loop
      vertex 91.1 14 0
      vertex 91.7 14 1.1
      vertex 91.1 14 1.1
    endloop
  endfacet
  facet normal 0 -1 -0
    outer loop
      vertex 91.7 14 1.1
      vertex 91.1 14 0
      vertex 91.7 14 0
    endloop
  endfacet
  facet normal 0 -1 0
    outer loop
      vertex 92.7 14 0
      vertex 93.3 14 1.1
      vertex 92.7 14 1.1
    endloop
  endfacet
  facet normal 0 -1 -0
    outer loop
      vertex 93.3 14 1.1
      vertex 92.7 14 0
      vertex 93.3 14 0
    endloop
  endfacet
  facet normal 0 -1 0
    outer loop
      vertex 94.3 14 0
      vertex 94.9 14 1.1
      vertex 94.3 14 1.1
    endloop
  endfacet
  facet normal 0 -1 -0
    outer loop
      vertex 94.9 14 1.1
      vertex 94.3 14 0
      vertex 94.9 14 0
    endloop
  endfacet
  facet normal 0 -1 0
    outer loop
      vertex 95.9 14 0
      vertex 96.5 14 1.1
      vertex 95.9 14 1.1
    endloop
  endfacet
  facet normal 0 -1 -0
    outer loop
      vertex 96.5 14 1.1
      vertex 95.9 14 0
      vertex 96.5 14 0
    endloop
  endfacet
  facet normal 0 -1 0
    outer loop
      vertex 97.5 14 0
      vertex 98.1 14 1.1
      vertex 97.5 14 1.1
    endloop
  endfacet
  facet normal 0 -1 -0
    outer loop
      vertex 98.1 14 1.1
      vertex 97.5 14 0
      vertex 98.1 14 0
    endloop
  endfacet
  facet normal 0 -1 0
    outer loop
      vertex 99.1 14 0
      vertex 99.7 14 1.1
      vertex 99.1 14 1.1
    endloop
  endfacet
  facet normal 0 -1 -0
    outer loop
      vertex 99.7 14 1.1
      vertex 99.1 14 0
      vertex 99.7 14 0
    endloop
  endfacet
  facet normal 0 -1 0
    outer loop
      vertex 100.7 14 0
      vertex 101.3 14 1.1
      vertex 100.7 14 1.1
    endloop
  endfacet
  facet normal 0 -1 -0
    outer loop
      vertex 101.3 14 1.1
      vertex 100.7 14 0
      vertex 101.3 14 0
    endloop
  endfacet
  facet normal 0 -1 0
    outer loop
      vertex 102.3 14 0
      vertex 102.9 14 1.1
      vertex 102.3 14 1.1
    endloop
  endfacet
  facet normal 0 -1 -0
    outer loop
      vertex 102.9 14 1.1
      vertex 102.3 14 0
      vertex 102.9 14 0
    endloop
  endfacet
  facet normal 0 -1 0
    outer loop
      vertex 103.9 14 0
      vertex 104.5 14 1.1
      vertex 103.9 14 1.1
    endloop
  endfacet
  facet normal 0 -1 -0
    outer loop
      vertex 104.5 14 1.1
      vertex 103.9 14 0
      vertex 104.5 14 0
    endloop
  endfacet
  facet normal 0 -1 0
    outer loop
      vertex 105.5 14 0
      vertex 106.1 14 1.1
      vertex 105.5 14 1.1
    endloop
  endfacet
  facet normal 0 -1 -0
    outer loop
      vertex 106.1 14 1.1
      vertex 105.5 14 0
      vertex 106.1 14 0
    endloop
  endfacet
  facet normal 0 -1 0
    outer loop
      vertex 107.1 14 0
      vertex 107.7 14 1.1
      vertex 107.1 14 1.1
    endloop
  endfacet
  facet normal 0 -1 -0
    outer loop
      vertex 107.7 14 1.1
      vertex 107.1 14 0
      vertex 107.7 14 0
    endloop
  endfacet
  facet normal 0 -1 0
    outer loop
      vertex 108.7 14 0
      vertex 109.3 14 1.1
      vertex 108.7 14 1.1
    endloop
  endfacet
  facet normal 0 -1 -0
    outer loop
      vertex 109.3 14 1.1
      vertex 108.7 14 0
      vertex 109.3 14 0
    endloop
  endfacet
  facet normal 0 -1 0
    outer loop
      vertex 110.3 14 0
      vertex 110.9 14 1.1
      vertex 110.3 14 1.1
    endloop
  endfacet
  facet normal 0 -1 -0
    outer loop
      vertex 110.9 14 1.1
      vertex 110.3 14 0
      vertex 110.9 14 0
    endloop
  endfacet
  facet normal 0 -1 0
    outer loop
      vertex 111.9 14 0
      vertex 112.5 14 1.1
      vertex 111.9 14 1.1
    endloop
  endfacet
  facet normal 0 -1 -0
    outer loop
      vertex 112.5 14 1.1
      vertex 111.9 14 0
      vertex 112.5 14 0
    endloop
  endfacet
  facet normal 0 -1 0
    outer loop
      vertex 113.5 14 0
      vertex 114.1 14 1.1
      vertex 113.5 14 1.1
    endloop
  endfacet
  facet normal 0 -1 -0
    outer loop
      vertex 114.1 14 1.1
      vertex 113.5 14 0
      vertex 114.1 14 0
    endloop
  endfacet
  facet normal 0 -1 0
    outer loop
      vertex 115.1 14 0
      vertex 115.7 14 1.1
      vertex 115.1 14 1.1
    endloop
  endfacet
  facet normal 0 -1 -0
    outer loop
      vertex 115.7 14 1.1
      vertex 115.1 14 0
      vertex 115.7 14 0
    endloop
  endfacet
  facet normal 0 -1 0
    outer loop
      vertex 116.7 14 0
      vertex 117.3 14 1.1
      vertex 116.7 14 1.1
    endloop
  endfacet
  facet normal 0 -1 -0
    outer loop
      vertex 117.3 14 1.1
      vertex 116.7 14 0
      vertex 117.3 14 0
    endloop
  endfacet
  facet normal 0 -1 0
    outer loop
      vertex 118.3 14 0
      vertex 118.9 14 1.1
      vertex 118.3 14 1.1
    endloop
  endfacet
  facet normal 0 -1 -0
    outer loop
      vertex 118.9 14 1.1
      vertex 118.3 14 0
      vertex 118.9 14 0
    endloop
  endfacet
  facet normal 0 -1 0
    outer loop
      vertex 119.9 14 0
      vertex 120.5 14 1.1
      vertex 119.9 14 1.1
    endloop
  endfacet
  facet normal 0 -1 -0
    outer loop
      vertex 120.5 14 1.1
      vertex 119.9 14 0
      vertex 120.5 14 0
    endloop
  endfacet
  facet normal 0 -1 0
    outer loop
      vertex 121.5 14 0
      vertex 122.1 14 1.1
      vertex 121.5 14 1.1
    endloop
  endfacet
  facet normal 0 -1 -0
    outer loop
      vertex 122.1 14 1.1
      vertex 121.5 14 0
      vertex 122.1 14 0
    endloop
  endfacet
  facet normal 0 -1 0
    outer loop
      vertex 123.1 14 0
      vertex 123.7 14 1.1
      vertex 123.1 14 1.1
    endloop
  endfacet
  facet normal 0 -1 -0
    outer loop
      vertex 123.7 14 1.1
      vertex 123.1 14 0
      vertex 123.7 14 0
    endloop
  endfacet
  facet normal 0 -1 0
    outer loop
      vertex 124.7 14 0
      vertex 125.3 14 1.1
      vertex 124.7 14 1.1
    endloop
  endfacet
  facet normal 0 -1 -0
    outer loop
      vertex 125.3 14 1.1
      vertex 124.7 14 0
      vertex 125.3 14 0
    endloop
  endfacet
  facet normal 0 -1 0
    outer loop
      vertex 126.3 14 0
      vertex 126.9 14 1.1
      vertex 126.3 14 1.1
    endloop
  endfacet
  facet normal 0 -1 -0
    outer loop
      vertex 126.9 14 1.1
      vertex 126.3 14 0
      vertex 126.9 14 0
    endloop
  endfacet
  facet normal 0 -1 0
    outer loop
      vertex 127.9 14 0
      vertex 128.5 14 1.1
      vertex 127.9 14 1.1
    endloop
  endfacet
  facet normal 0 -1 -0
    outer loop
      vertex 128.5 14 1.1
      vertex 127.9 14 0
      vertex 128.5 14 0
    endloop
  endfacet
  facet normal 0 -1 0
    outer loop
      vertex 129.5 14 0
      vertex 130.1 14 1.1
      vertex 129.5 14 1.1
    endloop
  endfacet
  facet normal 0 -1 -0
    outer loop
      vertex 130.1 14 1.1
      vertex 129.5 14 0
      vertex 130.1 14 0
    endloop
  endfacet
  facet normal 0 -1 0
    outer loop
      vertex 131.1 14 0
      vertex 131.7 14 1.1
      vertex 131.1 14 1.1
    endloop
  endfacet
  facet normal 0 -1 -0
    outer loop
      vertex 131.7 14 1.1
      vertex 131.1 14 0
      vertex 131.7 14 0
    endloop
  endfacet
  facet normal 0 -1 0
    outer loop
      vertex 132.7 14 0
      vertex 133.3 14 1.1
      vertex 132.7 14 1.1
    endloop
  endfacet
  facet normal 0 -1 -0
    outer loop
      vertex 133.3 14 1.1
      vertex 132.7 14 0
      vertex 133.3 14 0
    endloop
  endfacet
  facet normal 0 1 -0
    outer loop
      vertex 77.3 4 1.1
      vertex 76.7 4 1.2
      vertex 77.3 4 1.2
    endloop
  endfacet
  facet normal 0 1 0
    outer loop
      vertex 76.7 4 1.2
      vertex 77.3 4 1.1
      vertex 76.7 4 1.1
    endloop
  endfacet
  facet normal 0 1 -0
    outer loop
      vertex 78.9 4 1.1
      vertex 78.3 4 1.2
      vertex 78.9 4 1.2
    endloop
  endfacet
  facet normal 0 1 0
    outer loop
      vertex 78.3 4 1.2
      vertex 78.9 4 1.1
      vertex 78.3 4 1.1
    endloop
  endfacet
  facet normal 0 1 -0
    outer loop
      vertex 80.5 4 1.1
      vertex 79.9 4 1.2
      vertex 80.5 4 1.2
    endloop
  endfacet
  facet normal 0 1 0
    outer loop
      vertex 79.9 4 1.2
      vertex 80.5 4 1.1
      vertex 79.9 4 1.1
    endloop
  endfacet
  facet normal 0 1 -0
    outer loop
      vertex 82.1 4 1.1
      vertex 81.5 4 1.2
      vertex 82.1 4 1.2
    endloop
  endfacet
  facet normal 0 1 0
    outer loop
      vertex 81.5 4 1.2
      vertex 82.1 4 1.1
      vertex 81.5 4 1.1
    endloop
  endfacet
  facet normal 0 1 -0
    outer loop
      vertex 83.7 4 1.1
      vertex 83.1 4 1.2
      vertex 83.7 4 1.2
    endloop
  endfacet
  facet normal 0 1 0
    outer loop
      vertex 83.1 4 1.2
      vertex 83.7 4 1.1
      vertex 83.1 4 1.1
    endloop
  endfacet
  facet normal 0 1 -0
    outer loop
      vertex 85.3 4 1.1
      vertex 84.7 4 1.2
      vertex 85.3 4 1.2
    endloop
  endfacet
  facet normal 0 1 0
    outer loop
      vertex 84.7 4 1.2
      vertex 85.3 4 1.1
      vertex 84.7 4 1.1
    endloop
  endfacet
  facet normal 0 1 -0
    outer loop
      vertex 86.9 4 1.1
      vertex 86.3 4 1.2
      vertex 86.9 4 1.2
    endloop
  endfacet
  facet normal 0 1 0
    outer loop
      vertex 86.3 4 1.2
      vertex 86.9 4 1.1
      vertex 86.3 4 1.1
    endloop
  endfacet
  facet normal 0 1 -0
    outer loop
      vertex 88.5 4 1.1
      vertex 87.9 4 1.2
      vertex 88.5 4 1.2
    endloop
  endfacet
  facet normal 0 1 0
    outer loop
      vertex 87.9 4 1.2
      vertex 88.5 4 1.1
      vertex 87.9 4 1.1
    endloop
  endfacet
  facet normal 0 1 -0
    outer loop
      vertex 90.1 4 1.1
      vertex 89.5 4 1.2
      vertex 90.1 4 1.2
    endloop
  endfacet
  facet normal 0 1 0
    outer loop
      vertex 89.5 4 1.2
      vertex 90.1 4 1.1
      vertex 89.5 4 1.1
    endloop
  endfacet
  facet normal 0 1 -0
    outer loop
      vertex 91.7 4 1.1
      vertex 91.1 4 1.2
      vertex 91.7 4 1.2
    endloop
  endfacet
  facet normal 0 1 0
    outer loop
      vertex 91.1 4 1.2
      vertex 91.7 4 1.1
      vertex 91.1 4 1.1
    endloop
  endfacet
  facet normal 0 1 -0
    outer loop
      vertex 93.3 4 1.1
      vertex 92.7 4 1.2
      vertex 93.3 4 1.2
    endloop
  endfacet
  facet normal 0 1 0
    outer loop
      vertex 92.7 4 1.2
      vertex 93.3 4 1.1
      vertex 92.7 4 1.1
    endloop
  endfacet
  facet normal 0 1 -0
    outer loop
      vertex 94.9 4 1.1
      vertex 94.3 4 1.2
      vertex 94.9 4 1.2
    endloop
  endfacet
  facet normal 0 1 0
    outer loop
      vertex 94.3 4 1.2
      vertex 94.9 4 1.1
      vertex 94.3 4 1.1
    endloop
  endfacet
  facet normal 0 1 -0
    outer loop
      vertex 96.5 4 1.1
      vertex 95.9 4 1.2
      vertex 96.5 4 1.2
    endloop
  endfacet
  facet normal 0 1 0
    outer loop
      vertex 95.9 4 1.2
      vertex 96.5 4 1.1
      vertex 95.9 4 1.1
    endloop
  endfacet
  facet normal 0 1 -0
    outer loop
      vertex 98.1 4 1.1
      vertex 97.5 4 1.2
      vertex 98.1 4 1.2
    endloop
  endfacet
  facet normal 0 1 0
    outer loop
      vertex 97.5 4 1.2
      vertex 98.1 4 1.1
      vertex 97.5 4 1.1
    endloop
  endfacet
  facet normal 0 1 -0
    outer loop
      vertex 99.7 4 1.1
      vertex 99.1 4 1.2
      vertex 99.7 4 1.2
    endloop
  endfacet
  facet normal 0 1 0
    outer loop
      vertex 99.1 4 1.2
      vertex 99.7 4 1.1
      vertex 99.1 4 1.1
    endloop
  endfacet
  facet normal 0 1 -0
    outer loop
      vertex 101.3 4 1.1
      vertex 100.7 4 1.2
      vertex 101.3 4 1.2
    endloop
  endfacet
  facet normal 0 1 0
    outer loop
      vertex 100.7 4 1.2
      vertex 101.3 4 1.1
      vertex 100.7 4 1.1
    endloop
  endfacet
  facet normal 0 1 -0
    outer loop
      vertex 102.9 4 1.1
      vertex 102.3 4 1.2
      vertex 102.9 4 1.2
    endloop
  endfacet
  facet normal 0 1 0
    outer loop
      vertex 102.3 4 1.2
      vertex 102.9 4 1.1
      vertex 102.3 4 1.1
    endloop
  endfacet
  facet normal 0 1 -0
    outer loop
      vertex 104.5 4 1.1
      vertex 103.9 4 1.2
      vertex 104.5 4 1.2
    endloop
  endfacet
  facet normal 0 1 0
    outer loop
      vertex 103.9 4 1.2
      vertex 104.5 4 1.1
      vertex 103.9 4 1.1
    endloop
  endfacet
  facet normal 0 1 -0
    outer loop
      vertex 106.1 4 1.1
      vertex 105.5 4 1.2
      vertex 106.1 4 1.2
    endloop
  endfacet
  facet normal 0 1 0
    outer loop
      vertex 105.5 4 1.2
      vertex 106.1 4 1.1
      vertex 105.5 4 1.1
    endloop
  endfacet
  facet normal 0 1 -0
    outer loop
      vertex 107.7 4 1.1
      vertex 107.1 4 1.2
      vertex 107.7 4 1.2
    endloop
  endfacet
  facet normal 0 1 0
    outer loop
      vertex 107.1 4 1.2
      vertex 107.7 4 1.1
      vertex 107.1 4 1.1
    endloop
  endfacet
  facet normal 0 1 -0
    outer loop
      vertex 109.3 4 1.1
      vertex 108.7 4 1.2
      vertex 109.3 4 1.2
    endloop
  endfacet
  facet normal 0 1 0
    outer loop
      vertex 108.7 4 1.2
      vertex 109.3 4 1.1
      vertex 108.7 4 1.1
    endloop
  endfacet
  facet normal 0 1 -0
    outer loop
      vertex 110.9 4 1.1
      vertex 110.3 4 1.2
      vertex 110.9 4 1.2
    endloop
  endfacet
  facet normal 0 1 0
    outer loop
      vertex 110.3 4 1.2
      vertex 110.9 4 1.1
      vertex 110.3 4 1.1
    endloop
  endfacet
  facet normal 0 1 -0
    outer loop
      vertex 112.5 4 1.1
      vertex 111.9 4 1.2
      vertex 112.5 4 1.2
    endloop
  endfacet
  facet normal 0 1 0
    outer loop
      vertex 111.9 4 1.2
      vertex 112.5 4 1.1
      vertex 111.9 4 1.1
    endloop
  endfacet
  facet normal 0 1 -0
    outer loop
      vertex 114.1 4 1.1
      vertex 113.5 4 1.2
      vertex 114.1 4 1.2
    endloop
  endfacet
  facet normal 0 1 0
    outer loop
      vertex 113.5 4 1.2
      vertex 114.1 4 1.1
      vertex 113.5 4 1.1
    endloop
  endfacet
  facet normal 0 1 -0
    outer loop
      vertex 115.7 4 1.1
      vertex 115.1 4 1.2
      vertex 115.7 4 1.2
    endloop
  endfacet
  facet normal 0 1 0
    outer loop
      vertex 115.1 4 1.2
      vertex 115.7 4 1.1
      vertex 115.1 4 1.1
    endloop
  endfacet
  facet normal 0 1 -0
    outer loop
      vertex 117.3 4 1.1
      vertex 116.7 4 1.2
      vertex 117.3 4 1.2
    endloop
  endfacet
  facet normal 0 1 0
    outer loop
      vertex 116.7 4 1.2
      vertex 117.3 4 1.1
      vertex 116.7 4 1.1
    endloop
  endfacet
  facet normal 0 1 -0
    outer loop
      vertex 118.9 4 1.1
      vertex 118.3 4 1.2
      vertex 118.9 4 1.2
    endloop
  endfacet
  facet normal 0 1 0
    outer loop
      vertex 118.3 4 1.2
      vertex 118.9 4 1.1
      vertex 118.3 4 1.1
    endloop
  endfacet
  facet normal 0 1 -0
    outer loop
      vertex 120.5 4 1.1
      vertex 119.9 4 1.2
      vertex 120.5 4 1.2
    endloop
  endfacet
  facet normal 0 1 0
    outer loop
      vertex 119.9 4 1.2
      vertex 120.5 4 1.1
      vertex 119.9 4 1.1
    endloop
  endfacet
  facet normal 0 1 -0
    outer loop
      vertex 122.1 4 1.1
      vertex 121.5 4 1.2
      vertex 122.1 4 1.2
    endloop
  endfacet
  facet normal 0 1 0
    outer loop
      vertex 121.5 4 1.2
      vertex 122.1 4 1.1
      vertex 121.5 4 1.1
    endloop
  endfacet
  facet normal 0 1 -0
    outer loop
      vertex 123.7 4 1.1
      vertex 123.1 4 1.2
      vertex 123.7 4 1.2
    endloop
  endfacet
  facet normal 0 1 0
    outer loop
      vertex 123.1 4 1.2
      vertex 123.7 4 1.1
      vertex 123.1 4 1.1
    endloop
  endfacet
  facet normal 0 1 -0
    outer loop
      vertex 125.3 4 1.1
      vertex 124.7 4 1.2
      vertex 125.3 4 1.2
    endloop
  endfacet
  facet normal 0 1 0
    outer loop
      vertex 124.7 4 1.2
      vertex 125.3 4 1.1
      vertex 124.7 4 1.1
    endloop
  endfacet
  facet normal 0 1 -0
    outer loop
      vertex 126.9 4 1.1
      vertex 126.3 4 1.2
      vertex 126.9 4 1.2
    endloop
  endfacet
  facet normal 0 1 0
    outer loop
      vertex 126.3 4 1.2
      vertex 126.9 4 1.1
      vertex 126.3 4 1.1
    endloop
  endfacet
  facet normal 0 1 -0
    outer loop
      vertex 128.5 4 1.1
      vertex 127.9 4 1.2
      vertex 128.5 4 1.2
    endloop
  endfacet
  facet normal 0 1 0
    outer loop
      vertex 127.9 4 1.2
      vertex 128.5 4 1.1
      vertex 127.9 4 1.1
    endloop
  endfacet
  facet normal 0 1 -0
    outer loop
      vertex 130.1 4 1.1
      vertex 129.5 4 1.2
      vertex 130.1 4 1.2
    endloop
  endfacet
  facet normal 0 1 0
    outer loop
      vertex 129.5 4 1.2
      vertex 130.1 4 1.1
      vertex 129.5 4 1.1
    endloop
  endfacet
  facet normal 0 1 -0
    outer loop
      vertex 131.7 4 1.1
      vertex 131.1 4 1.2
      vertex 131.7 4 1.2
    endloop
  endfacet
  facet normal 0 1 0
    outer loop
      vertex 131.1 4 1.2
      vertex 131.7 4 1.1
      vertex 131.1 4 1.1
    endloop
  endfacet
  facet normal 0 1 -0
    outer loop
      vertex 133.3 4 1.1
      vertex 132.7 4 1.2
      vertex 133.3 4 1.2
    endloop
  endfacet
  facet normal 0 1 0
    outer loop
      vertex 132.7 4 1.2
      vertex 133.3 4 1.1
      vertex 132.7 4 1.1
    endloop
  endfacet
  facet normal 0 1 0
    outer loop
      vertex 133.3 4 1.2
      vertex 134 4 4
      vertex 134 4 1.2
    endloop
  endfacet
  facet normal 0 1 0
    outer loop
      vertex 132.7 4 1.2
      vertex 134 4 4
      vertex 133.3 4 1.2
    endloop
  endfacet
  facet normal 0 1 0
    outer loop
      vertex 131.7 4 1.2
      vertex 134 4 4
      vertex 132.7 4 1.2
    endloop
  endfacet
  facet normal 0 1 0
    outer loop
      vertex 131.1 4 1.2
      vertex 134 4 4
      vertex 131.7 4 1.2
    endloop
  endfacet
  facet normal 0 1 0
    outer loop
      vertex 130.1 4 1.2
      vertex 134 4 4
      vertex 131.1 4 1.2
    endloop
  endfacet
  facet normal 0 1 0
    outer loop
      vertex 129.5 4 1.2
      vertex 134 4 4
      vertex 130.1 4 1.2
    endloop
  endfacet
  facet normal 0 1 0
    outer loop
      vertex 128.5 4 1.2
      vertex 134 4 4
      vertex 129.5 4 1.2
    endloop
  endfacet
  facet normal 0 1 0
    outer loop
      vertex 127.9 4 1.2
      vertex 134 4 4
      vertex 128.5 4 1.2
    endloop
  endfacet
  facet normal 0 1 0
    outer loop
      vertex 126.9 4 1.2
      vertex 134 4 4
      vertex 127.9 4 1.2
    endloop
  endfacet
  facet normal 0 1 0
    outer loop
      vertex 126.3 4 1.2
      vertex 134 4 4
      vertex 126.9 4 1.2
    endloop
  endfacet
  facet normal 0 1 0
    outer loop
      vertex 125.3 4 1.2
      vertex 134 4 4
      vertex 126.3 4 1.2
    endloop
  endfacet
  facet normal 0 1 0
    outer loop
      vertex 124.7 4 1.2
      vertex 134 4 4
      vertex 125.3 4 1.2
    endloop
  endfacet
  facet normal 0 1 0
    outer loop
      vertex 123.7 4 1.2
      vertex 134 4 4
      vertex 124.7 4 1.2
    endloop
  endfacet
  facet normal 0 1 0
    outer loop
      vertex 123.1 4 1.2
      vertex 134 4 4
      vertex 123.7 4 1.2
    endloop
  endfacet
  facet normal 0 1 0
    outer loop
      vertex 122.1 4 1.2
      vertex 134 4 4
      vertex 123.1 4 1.2
    endloop
  endfacet
  facet normal 0 1 0
    outer loop
      vertex 121.5 4 1.2
      vertex 134 4 4
      vertex 122.1 4 1.2
    endloop
  endfacet
  facet normal 0 1 0
    outer loop
      vertex 120.5 4 1.2
      vertex 134 4 4
      vertex 121.5 4 1.2
    endloop
  endfacet
  facet normal 0 1 0
    outer loop
      vertex 119.9 4 1.2
      vertex 134 4 4
      vertex 120.5 4 1.2
    endloop
  endfacet
  facet normal 0 1 0
    outer loop
      vertex 118.9 4 1.2
      vertex 134 4 4
      vertex 119.9 4 1.2
    endloop
  endfacet
  facet normal 0 1 0
    outer loop
      vertex 118.3 4 1.2
      vertex 134 4 4
      vertex 118.9 4 1.2
    endloop
  endfacet
  facet normal 0 1 0
    outer loop
      vertex 117.3 4 1.2
      vertex 134 4 4
      vertex 118.3 4 1.2
    endloop
  endfacet
  facet normal 0 1 0
    outer loop
      vertex 116.7 4 1.2
      vertex 134 4 4
      vertex 117.3 4 1.2
    endloop
  endfacet
  facet normal 0 1 0
    outer loop
      vertex 115.7 4 1.2
      vertex 134 4 4
      vertex 116.7 4 1.2
    endloop
  endfacet
  facet normal 0 1 0
    outer loop
      vertex 115.1 4 1.2
      vertex 134 4 4
      vertex 115.7 4 1.2
    endloop
  endfacet
  facet normal 0 1 0
    outer loop
      vertex 114.1 4 1.2
      vertex 134 4 4
      vertex 115.1 4 1.2
    endloop
  endfacet
  facet normal 0 1 0
    outer loop
      vertex 113.5 4 1.2
      vertex 134 4 4
      vertex 114.1 4 1.2
    endloop
  endfacet
  facet normal 0 1 0
    outer loop
      vertex 112.5 4 1.2
      vertex 134 4 4
      vertex 113.5 4 1.2
    endloop
  endfacet
  facet normal 0 1 0
    outer loop
      vertex 111.9 4 1.2
      vertex 134 4 4
      vertex 112.5 4 1.2
    endloop
  endfacet
  facet normal 0 1 0
    outer loop
      vertex 110.9 4 1.2
      vertex 134 4 4
      vertex 111.9 4 1.2
    endloop
  endfacet
  facet normal 0 1 0
    outer loop
      vertex 110.3 4 1.2
      vertex 134 4 4
      vertex 110.9 4 1.2
    endloop
  endfacet
  facet normal 0 1 0
    outer loop
      vertex 109.3 4 1.2
      vertex 134 4 4
      vertex 110.3 4 1.2
    endloop
  endfacet
  facet normal 0 1 0
    outer loop
      vertex 108.7 4 1.2
      vertex 134 4 4
      vertex 109.3 4 1.2
    endloop
  endfacet
  facet normal 0 1 0
    outer loop
      vertex 107.7 4 1.2
      vertex 134 4 4
      vertex 108.7 4 1.2
    endloop
  endfacet
  facet normal 0 1 0
    outer loop
      vertex 107.1 4 1.2
      vertex 134 4 4
      vertex 107.7 4 1.2
    endloop
  endfacet
  facet normal 0 1 0
    outer loop
      vertex 106.1 4 1.2
      vertex 134 4 4
      vertex 107.1 4 1.2
    endloop
  endfacet
  facet normal 0 1 0
    outer loop
      vertex 134 4 4
      vertex 106.1 4 1.2
      vertex 76 4 4
    endloop
  endfacet
  facet normal 0 1 -0
    outer loop
      vertex 105.5 4 1.2
      vertex 76 4 4
      vertex 106.1 4 1.2
    endloop
  endfacet
  facet normal 0 1 -0
    outer loop
      vertex 104.5 4 1.2
      vertex 76 4 4
      vertex 105.5 4 1.2
    endloop
  endfacet
  facet normal 0 1 -0
    outer loop
      vertex 103.9 4 1.2
      vertex 76 4 4
      vertex 104.5 4 1.2
    endloop
  endfacet
  facet normal 0 1 -0
    outer loop
      vertex 102.9 4 1.2
      vertex 76 4 4
      vertex 103.9 4 1.2
    endloop
  endfacet
  facet normal 0 1 -0
    outer loop
      vertex 102.3 4 1.2
      vertex 76 4 4
      vertex 102.9 4 1.2
    endloop
  endfacet
  facet normal 0 1 -0
    outer loop
      vertex 101.3 4 1.2
      vertex 76 4 4
      vertex 102.3 4 1.2
    endloop
  endfacet
  facet normal 0 1 -0
    outer loop
      vertex 100.7 4 1.2
      vertex 76 4 4
      vertex 101.3 4 1.2
    endloop
  endfacet
  facet normal 0 1 -0
    outer loop
      vertex 99.7 4 1.2
      vertex 76 4 4
      vertex 100.7 4 1.2
    endloop
  endfacet
  facet normal 0 1 -0
    outer loop
      vertex 99.1 4 1.2
      vertex 76 4 4
      vertex 99.7 4 1.2
    endloop
  endfacet
  facet normal 0 1 -0
    outer loop
      vertex 98.1 4 1.2
      vertex 76 4 4
      vertex 99.1 4 1.2
    endloop
  endfacet
  facet normal 0 1 -0
    outer loop
      vertex 97.5 4 1.2
      vertex 76 4 4
      vertex 98.1 4 1.2
    endloop
  endfacet
  facet normal 0 1 -0
    outer loop
      vertex 96.5 4 1.2
      vertex 76 4 4
      vertex 97.5 4 1.2
    endloop
  endfacet
  facet normal 0 1 -0
    outer loop
      vertex 95.9 4 1.2
      vertex 76 4 4
      vertex 96.5 4 1.2
    endloop
  endfacet
  facet normal 0 1 -0
    outer loop
      vertex 94.9 4 1.2
      vertex 76 4 4
      vertex 95.9 4 1.2
    endloop
  endfacet
  facet normal 0 1 -0
    outer loop
      vertex 94.3 4 1.2
      vertex 76 4 4
      vertex 94.9 4 1.2
    endloop
  endfacet
  facet normal 0 1 -0
    outer loop
      vertex 93.3 4 1.2
      vertex 76 4 4
      vertex 94.3 4 1.2
    endloop
  endfacet
  facet normal 0 1 -0
    outer loop
      vertex 92.7 4 1.2
      vertex 76 4 4
      vertex 93.3 4 1.2
    endloop
  endfacet
  facet normal 0 1 -0
    outer loop
      vertex 91.7 4 1.2
      vertex 76 4 4
      vertex 92.7 4 1.2
    endloop
  endfacet
  facet normal 0 1 -0
    outer loop
      vertex 91.1 4 1.2
      vertex 76 4 4
      vertex 91.7 4 1.2
    endloop
  endfacet
  facet normal 0 1 -0
    outer loop
      vertex 90.1 4 1.2
      vertex 76 4 4
      vertex 91.1 4 1.2
    endloop
  endfacet
  facet normal 0 1 -0
    outer loop
      vertex 89.5 4 1.2
      vertex 76 4 4
      vertex 90.1 4 1.2
    endloop
  endfacet
  facet normal 0 1 -0
    outer loop
      vertex 88.5 4 1.2
      vertex 76 4 4
      vertex 89.5 4 1.2
    endloop
  endfacet
  facet normal 0 1 -0
    outer loop
      vertex 87.9 4 1.2
      vertex 76 4 4
      vertex 88.5 4 1.2
    endloop
  endfacet
  facet normal 0 1 -0
    outer loop
      vertex 86.9 4 1.2
      vertex 76 4 4
      vertex 87.9 4 1.2
    endloop
  endfacet
  facet normal 0 1 -0
    outer loop
      vertex 86.3 4 1.2
      vertex 76 4 4
      vertex 86.9 4 1.2
    endloop
  endfacet
  facet normal 0 1 -0
    outer loop
      vertex 85.3 4 1.2
      vertex 76 4 4
      vertex 86.3 4 1.2
    endloop
  endfacet
  facet normal 0 1 -0
    outer loop
      vertex 84.7 4 1.2
      vertex 76 4 4
      vertex 85.3 4 1.2
    endloop
  endfacet
  facet normal 0 1 -0
    outer loop
      vertex 83.7 4 1.2
      vertex 76 4 4
      vertex 84.7 4 1.2
    endloop
  endfacet
  facet normal 0 1 -0
    outer loop
      vertex 83.1 4 1.2
      vertex 76 4 4
      vertex 83.7 4 1.2
    endloop
  endfacet
  facet normal 0 1 -0
    outer loop
      vertex 82.1 4 1.2
      vertex 76 4 4
      vertex 83.1 4 1.2
    endloop
  endfacet
  facet normal 0 1 -0
    outer loop
      vertex 81.5 4 1.2
      vertex 76 4 4
      vertex 82.1 4 1.2
    endloop
  endfacet
  facet normal 0 1 -0
    outer loop
      vertex 80.5 4 1.2
      vertex 76 4 4
      vertex 81.5 4 1.2
    endloop
  endfacet
  facet normal 0 1 -0
    outer loop
      vertex 79.9 4 1.2
      vertex 76 4 4
      vertex 80.5 4 1.2
    endloop
  endfacet
  facet normal 0 1 -0
    outer loop
      vertex 78.9 4 1.2
      vertex 76 4 4
      vertex 79.9 4 1.2
    endloop
  endfacet
  facet normal 0 1 -0
    outer loop
      vertex 78.3 4 1.2
      vertex 76 4 4
      vertex 78.9 4 1.2
    endloop
  endfacet
  facet normal 0 1 -0
    outer loop
      vertex 77.3 4 1.2
      vertex 76 4 4
      vertex 78.3 4 1.2
    endloop
  endfacet
  facet normal 0 1 -0
    outer loop
      vertex 76.7 4 1.2
      vertex 76 4 4
      vertex 77.3 4 1.2
    endloop
  endfacet
  facet normal 0 1 0
    outer loop
      vertex 76 4 4
      vertex 76.7 4 1.2
      vertex 76 4 1.2
    endloop
  endfacet
  facet normal 0 1 -0
    outer loop
      vertex 77.3 4 0
      vertex 76.7 4 1.1
      vertex 77.3 4 1.1
    endloop
  endfacet
  facet normal 0 1 0
    outer loop
      vertex 76.7 4 1.1
      vertex 77.3 4 0
      vertex 76.7 4 0
    endloop
  endfacet
  facet normal 0 1 -0
    outer loop
      vertex 78.9 4 0
      vertex 78.3 4 1.1
      vertex 78.9 4 1.1
    endloop
  endfacet
  facet normal 0 1 0
    outer loop
      vertex 78.3 4 1.1
      vertex 78.9 4 0
      vertex 78.3 4 0
    endloop
  endfacet
  facet normal 0 1 -0
    outer loop
      vertex 80.5 4 0
      vertex 79.9 4 1.1
      vertex 80.5 4 1.1
    endloop
  endfacet
  facet normal 0 1 0
    outer loop
      vertex 79.9 4 1.1
      vertex 80.5 4 0
      vertex 79.9 4 0
    endloop
  endfacet
  facet normal 0 1 -0
    outer loop
      vertex 82.1 4 0
      vertex 81.5 4 1.1
      vertex 82.1 4 1.1
    endloop
  endfacet
  facet normal 0 1 0
    outer loop
      vertex 81.5 4 1.1
      vertex 82.1 4 0
      vertex 81.5 4 0
    endloop
  endfacet
  facet normal 0 1 -0
    outer loop
      vertex 83.7 4 0
      vertex 83.1 4 1.1
      vertex 83.7 4 1.1
    endloop
  endfacet
  facet normal 0 1 0
    outer loop
      vertex 83.1 4 1.1
      vertex 83.7 4 0
      vertex 83.1 4 0
    endloop
  endfacet
  facet normal 0 1 -0
    outer loop
      vertex 85.3 4 0
      vertex 84.7 4 1.1
      vertex 85.3 4 1.1
    endloop
  endfacet
  facet normal 0 1 0
    outer loop
      vertex 84.7 4 1.1
      vertex 85.3 4 0
      vertex 84.7 4 0
    endloop
  endfacet
  facet normal 0 1 -0
    outer loop
      vertex 86.9 4 0
      vertex 86.3 4 1.1
      vertex 86.9 4 1.1
    endloop
  endfacet
  facet normal 0 1 0
    outer loop
      vertex 86.3 4 1.1
      vertex 86.9 4 0
      vertex 86.3 4 0
    endloop
  endfacet
  facet normal 0 1 -0
    outer loop
      vertex 88.5 4 0
      vertex 87.9 4 1.1
      vertex 88.5 4 1.1
    endloop
  endfacet
  facet normal 0 1 0
    outer loop
      vertex 87.9 4 1.1
      vertex 88.5 4 0
      vertex 87.9 4 0
    endloop
  endfacet
  facet normal 0 1 -0
    outer loop
      vertex 90.1 4 0
      vertex 89.5 4 1.1
      vertex 90.1 4 1.1
    endloop
  endfacet
  facet normal 0 1 0
    outer loop
      vertex 89.5 4 1.1
      vertex 90.1 4 0
      vertex 89.5 4 0
    endloop
  endfacet
  facet normal 0 1 -0
    outer loop
      vertex 91.7 4 0
      vertex 91.1 4 1.1
      vertex 91.7 4 1.1
    endloop
  endfacet
  facet normal 0 1 0
    outer loop
      vertex 91.1 4 1.1
      vertex 91.7 4 0
      vertex 91.1 4 0
    endloop
  endfacet
  facet normal 0 1 -0
    outer loop
      vertex 93.3 4 0
      vertex 92.7 4 1.1
      vertex 93.3 4 1.1
    endloop
  endfacet
  facet normal 0 1 0
    outer loop
      vertex 92.7 4 1.1
      vertex 93.3 4 0
      vertex 92.7 4 0
    endloop
  endfacet
  facet normal 0 1 -0
    outer loop
      vertex 94.9 4 0
      vertex 94.3 4 1.1
      vertex 94.9 4 1.1
    endloop
  endfacet
  facet normal 0 1 0
    outer loop
      vertex 94.3 4 1.1
      vertex 94.9 4 0
      vertex 94.3 4 0
    endloop
  endfacet
  facet normal 0 1 -0
    outer loop
      vertex 96.5 4 0
      vertex 95.9 4 1.1
      vertex 96.5 4 1.1
    endloop
  endfacet
  facet normal 0 1 0
    outer loop
      vertex 95.9 4 1.1
      vertex 96.5 4 0
      vertex 95.9 4 0
    endloop
  endfacet
  facet normal 0 1 -0
    outer loop
      vertex 98.1 4 0
      vertex 97.5 4 1.1
      vertex 98.1 4 1.1
    endloop
  endfacet
  facet normal 0 1 0
    outer loop
      vertex 97.5 4 1.1
      vertex 98.1 4 0
      vertex 97.5 4 0
    endloop
  endfacet
  facet normal 0 1 -0
    outer loop
      vertex 99.7 4 0
      vertex 99.1 4 1.1
      vertex 99.7 4 1.1
    endloop
  endfacet
  facet normal 0 1 0
    outer loop
      vertex 99.1 4 1.1
      vertex 99.7 4 0
      vertex 99.1 4 0
    endloop
  endfacet
  facet normal 0 1 -0
    outer loop
      vertex 101.3 4 0
      vertex 100.7 4 1.1
      vertex 101.3 4 1.1
    endloop
  endfacet
  facet normal 0 1 0
    outer loop
      vertex 100.7 4 1.1
      vertex 101.3 4 0
      vertex 100.7 4 0
    endloop
  endfacet
  facet normal 0 1 -0
    outer loop
      vertex 102.9 4 0
      vertex 102.3 4 1.1
      vertex 102.9 4 1.1
    endloop
  endfacet
  facet normal 0 1 0
    outer loop
      vertex 102.3 4 1.1
      vertex 102.9 4 0
      vertex 102.3 4 0
    endloop
  endfacet
  facet normal 0 1 -0
    outer loop
      vertex 104.5 4 0
      vertex 103.9 4 1.1
      vertex 104.5 4 1.1
    endloop
  endfacet
  facet normal 0 1 0
    outer loop
      vertex 103.9 4 1.1
      vertex 104.5 4 0
      vertex 103.9 4 0
    endloop
  endfacet
  facet normal 0 1 -0
    outer loop
      vertex 106.1 4 0
      vertex 105.5 4 1.1
      vertex 106.1 4 1.1
    endloop
  endfacet
  facet normal 0 1 0
    outer loop
      vertex 105.5 4 1.1
      vertex 106.1 4 0
      vertex 105.5 4 0
    endloop
  endfacet
  facet normal 0 1 -0
    outer loop
      vertex 107.7 4 0
      vertex 107.1 4 1.1
      vertex 107.7 4 1.1
    endloop
  endfacet
  facet normal 0 1 0
    outer loop
      vertex 107.1 4 1.1
      vertex 107.7 4 0
      vertex 107.1 4 0
    endloop
  endfacet
  facet normal 0 1 -0
    outer loop
      vertex 109.3 4 0
      vertex 108.7 4 1.1
      vertex 109.3 4 1.1
    endloop
  endfacet
  facet normal 0 1 0
    outer loop
      vertex 108.7 4 1.1
      vertex 109.3 4 0
      vertex 108.7 4 0
    endloop
  endfacet
  facet normal 0 1 -0
    outer loop
      vertex 110.9 4 0
      vertex 110.3 4 1.1
      vertex 110.9 4 1.1
    endloop
  endfacet
  facet normal 0 1 0
    outer loop
      vertex 110.3 4 1.1
      vertex 110.9 4 0
      vertex 110.3 4 0
    endloop
  endfacet
  facet normal 0 1 -0
    outer loop
      vertex 112.5 4 0
      vertex 111.9 4 1.1
      vertex 112.5 4 1.1
    endloop
  endfacet
  facet normal 0 1 0
    outer loop
      vertex 111.9 4 1.1
      vertex 112.5 4 0
      vertex 111.9 4 0
    endloop
  endfacet
  facet normal 0 1 -0
    outer loop
      vertex 114.1 4 0
      vertex 113.5 4 1.1
      vertex 114.1 4 1.1
    endloop
  endfacet
  facet normal 0 1 0
    outer loop
      vertex 113.5 4 1.1
      vertex 114.1 4 0
      vertex 113.5 4 0
    endloop
  endfacet
  facet normal 0 1 -0
    outer loop
      vertex 115.7 4 0
      vertex 115.1 4 1.1
      vertex 115.7 4 1.1
    endloop
  endfacet
  facet normal 0 1 0
    outer loop
      vertex 115.1 4 1.1
      vertex 115.7 4 0
      vertex 115.1 4 0
    endloop
  endfacet
  facet normal 0 1 -0
    outer loop
      vertex 117.3 4 0
      vertex 116.7 4 1.1
      vertex 117.3 4 1.1
    endloop
  endfacet
  facet normal 0 1 0
    outer loop
      vertex 116.7 4 1.1
      vertex 117.3 4 0
      vertex 116.7 4 0
    endloop
  endfacet
  facet normal 0 1 -0
    outer loop
      vertex 118.9 4 0
      vertex 118.3 4 1.1
      vertex 118.9 4 1.1
    endloop
  endfacet
  facet normal 0 1 0
    outer loop
      vertex 118.3 4 1.1
      vertex 118.9 4 0
      vertex 118.3 4 0
    endloop
  endfacet
  facet normal 0 1 -0
    outer loop
      vertex 120.5 4 0
      vertex 119.9 4 1.1
      vertex 120.5 4 1.1
    endloop
  endfacet
  facet normal 0 1 0
    outer loop
      vertex 119.9 4 1.1
      vertex 120.5 4 0
      vertex 119.9 4 0
    endloop
  endfacet
  facet normal 0 1 -0
    outer loop
      vertex 122.1 4 0
      vertex 121.5 4 1.1
      vertex 122.1 4 1.1
    endloop
  endfacet
  facet normal 0 1 0
    outer loop
      vertex 121.5 4 1.1
      vertex 122.1 4 0
      vertex 121.5 4 0
    endloop
  endfacet
  facet normal 0 1 -0
    outer loop
      vertex 123.7 4 0
      vertex 123.1 4 1.1
      vertex 123.7 4 1.1
    endloop
  endfacet
  facet normal 0 1 0
    outer loop
      vertex 123.1 4 1.1
      vertex 123.7 4 0
      vertex 123.1 4 0
    endloop
  endfacet
  facet normal 0 1 -0
    outer loop
      vertex 125.3 4 0
      vertex 124.7 4 1.1
      vertex 125.3 4 1.1
    endloop
  endfacet
  facet normal 0 1 0
    outer loop
      vertex 124.7 4 1.1
      vertex 125.3 4 0
      vertex 124.7 4 0
    endloop
  endfacet
  facet normal 0 1 -0
    outer loop
      vertex 126.9 4 0
      vertex 126.3 4 1.1
      vertex 126.9 4 1.1
    endloop
  endfacet
  facet normal 0 1 0
    outer loop
      vertex 126.3 4 1.1
      vertex 126.9 4 0
      vertex 126.3 4 0
    endloop
  endfacet
  facet normal 0 1 -0
    outer loop
      vertex 128.5 4 0
      vertex 127.9 4 1.1
      vertex 128.5 4 1.1
    endloop
  endfacet
  facet normal 0 1 0
    outer loop
      vertex 127.9 4 1.1
      vertex 128.5 4 0
      vertex 127.9 4 0
    endloop
  endfacet
  facet normal 0 1 -0
    outer loop
      vertex 130.1 4 0
      vertex 129.5 4 1.1
      vertex 130.1 4 1.1
    endloop
  endfacet
  facet normal 0 1 0
    outer loop
      vertex 129.5 4 1.1
      vertex 130.1 4 0
      vertex 129.5 4 0
    endloop
  endfacet
  facet normal 0 1 -0
    outer loop
      vertex 131.7 4 0
      vertex 131.1 4 1.1
      vertex 131.7 4 1.1
    endloop
  endfacet
  facet normal 0 1 0
    outer loop
      vertex 131.1 4 1.1
      vertex 131.7 4 0
      vertex 131.1 4 0
    endloop
  endfacet
  facet normal 0 1 -0
    outer loop
      vertex 133.3 4 0
      vertex 132.7 4 1.1
      vertex 133.3 4 1.1
    endloop
  endfacet
  facet normal 0 1 0
    outer loop
      vertex 132.7 4 1.1
      vertex 133.3 4 0
      vertex 132.7 4 0
    endloop
  endfacet
  facet normal -1 0 0
    outer loop
      vertex 78.9 4 0
      vertex 78.9 14 1.1
      vertex 78.9 14 0
    endloop
  endfacet
  facet normal -1 0 0
    outer loop
      vertex 78.9 4 1.1
      vertex 78.9 14 1.1
      vertex 78.9 4 0
    endloop
  endfacet
  facet normal -1 0 0
    outer loop
      vertex 78.9 14 1.1
      vertex 78.9 4 1.1
      vertex 78.9 14 1.2
    endloop
  endfacet
  facet normal -1 -0 0
    outer loop
      vertex 78.9 14 1.2
      vertex 78.9 4 1.1
      vertex 78.9 4 1.2
    endloop
  endfacet
  facet normal 1 0 0
    outer loop
      vertex 78.3 4 1.1
      vertex 78.3 14 1.1
      vertex 78.3 14 1.2
    endloop
  endfacet
  facet normal 1 0 0
    outer loop
      vertex 78.3 4 1.1
      vertex 78.3 14 1.2
      vertex 78.3 4 1.2
    endloop
  endfacet
  facet normal 1 0 0
    outer loop
      vertex 78.3 14 1.1
      vertex 78.3 4 1.1
      vertex 78.3 14 0
    endloop
  endfacet
  facet normal 1 0 0
    outer loop
      vertex 78.3 14 0
      vertex 78.3 4 1.1
      vertex 78.3 4 0
    endloop
  endfacet
  facet normal -1 0 0
    outer loop
      vertex 80.5 4 0
      vertex 80.5 14 1.1
      vertex 80.5 14 0
    endloop
  endfacet
  facet normal -1 0 0
    outer loop
      vertex 80.5 4 1.1
      vertex 80.5 14 1.1
      vertex 80.5 4 0
    endloop
  endfacet
  facet normal -1 0 0
    outer loop
      vertex 80.5 14 1.1
      vertex 80.5 4 1.1
      vertex 80.5 14 1.2
    endloop
  endfacet
  facet normal -1 -0 0
    outer loop
      vertex 80.5 14 1.2
      vertex 80.5 4 1.1
      vertex 80.5 4 1.2
    endloop
  endfacet
  facet normal 1 0 0
    outer loop
      vertex 79.9 4 1.1
      vertex 79.9 14 1.1
      vertex 79.9 14 1.2
    endloop
  endfacet
  facet normal 1 0 0
    outer loop
      vertex 79.9 4 1.1
      vertex 79.9 14 1.2
      vertex 79.9 4 1.2
    endloop
  endfacet
  facet normal 1 0 0
    outer loop
      vertex 79.9 14 1.1
      vertex 79.9 4 1.1
      vertex 79.9 14 0
    endloop
  endfacet
  facet normal 1 0 0
    outer loop
      vertex 79.9 14 0
      vertex 79.9 4 1.1
      vertex 79.9 4 0
    endloop
  endfacet
  facet normal -1 0 0
    outer loop
      vertex 82.1 4 0
      vertex 82.1 14 1.1
      vertex 82.1 14 0
    endloop
  endfacet
  facet normal -1 0 0
    outer loop
      vertex 82.1 4 1.1
      vertex 82.1 14 1.1
      vertex 82.1 4 0
    endloop
  endfacet
  facet normal -1 0 0
    outer loop
      vertex 82.1 14 1.1
      vertex 82.1 4 1.1
      vertex 82.1 14 1.2
    endloop
  endfacet
  facet normal -1 -0 0
    outer loop
      vertex 82.1 14 1.2
      vertex 82.1 4 1.1
      vertex 82.1 4 1.2
    endloop
  endfacet
  facet normal 1 0 0
    outer loop
      vertex 81.5 4 1.1
      vertex 81.5 14 1.1
      vertex 81.5 14 1.2
    endloop
  endfacet
  facet normal 1 0 0
    outer loop
      vertex 81.5 4 1.1
      vertex 81.5 14 1.2
      vertex 81.5 4 1.2
    endloop
  endfacet
  facet normal 1 0 0
    outer loop
      vertex 81.5 14 1.1
      vertex 81.5 4 1.1
      vertex 81.5 14 0
    endloop
  endfacet
  facet normal 1 0 0
    outer loop
      vertex 81.5 14 0
      vertex 81.5 4 1.1
      vertex 81.5 4 0
    endloop
  endfacet
  facet normal -1 0 0
    outer loop
      vertex 83.7 4 0
      vertex 83.7 14 1.1
      vertex 83.7 14 0
    endloop
  endfacet
  facet normal -1 0 0
    outer loop
      vertex 83.7 4 1.1
      vertex 83.7 14 1.1
      vertex 83.7 4 0
    endloop
  endfacet
  facet normal -1 0 0
    outer loop
      vertex 83.7 14 1.1
      vertex 83.7 4 1.1
      vertex 83.7 14 1.2
    endloop
  endfacet
  facet normal -1 -0 0
    outer loop
      vertex 83.7 14 1.2
      vertex 83.7 4 1.1
      vertex 83.7 4 1.2
    endloop
  endfacet
  facet normal 1 0 0
    outer loop
      vertex 83.1 4 1.1
      vertex 83.1 14 1.1
      vertex 83.1 14 1.2
    endloop
  endfacet
  facet normal 1 0 0
    outer loop
      vertex 83.1 4 1.1
      vertex 83.1 14 1.2
      vertex 83.1 4 1.2
    endloop
  endfacet
  facet normal 1 0 0
    outer loop
      vertex 83.1 14 1.1
      vertex 83.1 4 1.1
      vertex 83.1 14 0
    endloop
  endfacet
  facet normal 1 0 0
    outer loop
      vertex 83.1 14 0
      vertex 83.1 4 1.1
      vertex 83.1 4 0
    endloop
  endfacet
  facet normal -1 0 0
    outer loop
      vertex 85.3 4 0
      vertex 85.3 14 1.1
      vertex 85.3 14 0
    endloop
  endfacet
  facet normal -1 0 0
    outer loop
      vertex 85.3 4 1.1
      vertex 85.3 14 1.1
      vertex 85.3 4 0
    endloop
  endfacet
  facet normal -1 0 0
    outer loop
      vertex 85.3 14 1.1
      vertex 85.3 4 1.1
      vertex 85.3 14 1.2
    endloop
  endfacet
  facet normal -1 -0 0
    outer loop
      vertex 85.3 14 1.2
      vertex 85.3 4 1.1
      vertex 85.3 4 1.2
    endloop
  endfacet
  facet normal 1 0 0
    outer loop
      vertex 84.7 4 1.1
      vertex 84.7 14 1.1
      vertex 84.7 14 1.2
    endloop
  endfacet
  facet normal 1 0 0
    outer loop
      vertex 84.7 4 1.1
      vertex 84.7 14 1.2
      vertex 84.7 4 1.2
    endloop
  endfacet
  facet normal 1 0 0
    outer loop
      vertex 84.7 14 1.1
      vertex 84.7 4 1.1
      vertex 84.7 14 0
    endloop
  endfacet
  facet normal 1 0 0
    outer loop
      vertex 84.7 14 0
      vertex 84.7 4 1.1
      vertex 84.7 4 0
    endloop
  endfacet
  facet normal -1 0 0
    outer loop
      vertex 86.9 4 0
      vertex 86.9 14 1.1
      vertex 86.9 14 0
    endloop
  endfacet
  facet normal -1 0 0
    outer loop
      vertex 86.9 4 1.1
      vertex 86.9 14 1.1
      vertex 86.9 4 0
    endloop
  endfacet
  facet normal -1 0 0
    outer loop
      vertex 86.9 14 1.1
      vertex 86.9 4 1.1
      vertex 86.9 14 1.2
    endloop
  endfacet
  facet normal -1 -0 0
    outer loop
      vertex 86.9 14 1.2
      vertex 86.9 4 1.1
      vertex 86.9 4 1.2
    endloop
  endfacet
  facet normal 1 0 0
    outer loop
      vertex 86.3 4 1.1
      vertex 86.3 14 1.1
      vertex 86.3 14 1.2
    endloop
  endfacet
  facet normal 1 0 0
    outer loop
      vertex 86.3 4 1.1
      vertex 86.3 14 1.2
      vertex 86.3 4 1.2
    endloop
  endfacet
  facet normal 1 0 0
    outer loop
      vertex 86.3 14 1.1
      vertex 86.3 4 1.1
      vertex 86.3 14 0
    endloop
  endfacet
  facet normal 1 0 0
    outer loop
      vertex 86.3 14 0
      vertex 86.3 4 1.1
      vertex 86.3 4 0
    endloop
  endfacet
  facet normal -1 0 0
    outer loop
      vertex 88.5 4 0
      vertex 88.5 14 1.1
      vertex 88.5 14 0
    endloop
  endfacet
  facet normal -1 0 0
    outer loop
      vertex 88.5 4 1.1
      vertex 88.5 14 1.1
      vertex 88.5 4 0
    endloop
  endfacet
  facet normal -1 0 0
    outer loop
      vertex 88.5 14 1.1
      vertex 88.5 4 1.1
      vertex 88.5 14 1.2
    endloop
  endfacet
  facet normal -1 -0 0
    outer loop
      vertex 88.5 14 1.2
      vertex 88.5 4 1.1
      vertex 88.5 4 1.2
    endloop
  endfacet
  facet normal 1 0 0
    outer loop
      vertex 87.9 4 1.1
      vertex 87.9 14 1.1
      vertex 87.9 14 1.2
    endloop
  endfacet
  facet normal 1 0 0
    outer loop
      vertex 87.9 4 1.1
      vertex 87.9 14 1.2
      vertex 87.9 4 1.2
    endloop
  endfacet
  facet normal 1 0 0
    outer loop
      vertex 87.9 14 1.1
      vertex 87.9 4 1.1
      vertex 87.9 14 0
    endloop
  endfacet
  facet normal 1 0 0
    outer loop
      vertex 87.9 14 0
      vertex 87.9 4 1.1
      vertex 87.9 4 0
    endloop
  endfacet
  facet normal -1 0 0
    outer loop
      vertex 90.1 4 0
      vertex 90.1 14 1.1
      vertex 90.1 14 0
    endloop
  endfacet
  facet normal -1 0 0
    outer loop
      vertex 90.1 4 1.1
      vertex 90.1 14 1.1
      vertex 90.1 4 0
    endloop
  endfacet
  facet normal -1 0 0
    outer loop
      vertex 90.1 14 1.1
      vertex 90.1 4 1.1
      vertex 90.1 14 1.2
    endloop
  endfacet
  facet normal -1 -0 0
    outer loop
      vertex 90.1 14 1.2
      vertex 90.1 4 1.1
      vertex 90.1 4 1.2
    endloop
  endfacet
  facet normal 1 0 0
    outer loop
      vertex 89.5 4 1.1
      vertex 89.5 14 1.1
      vertex 89.5 14 1.2
    endloop
  endfacet
  facet normal 1 0 0
    outer loop
      vertex 89.5 4 1.1
      vertex 89.5 14 1.2
      vertex 89.5 4 1.2
    endloop
  endfacet
  facet normal 1 0 0
    outer loop
      vertex 89.5 14 1.1
      vertex 89.5 4 1.1
      vertex 89.5 14 0
    endloop
  endfacet
  facet normal 1 0 0
    outer loop
      vertex 89.5 14 0
      vertex 89.5 4 1.1
      vertex 89.5 4 0
    endloop
  endfacet
  facet normal -1 0 0
    outer loop
      vertex 91.7 4 0
      vertex 91.7 14 1.1
      vertex 91.7 14 0
    endloop
  endfacet
  facet normal -1 0 0
    outer loop
      vertex 91.7 4 1.1
      vertex 91.7 14 1.1
      vertex 91.7 4 0
    endloop
  endfacet
  facet normal -1 0 0
    outer loop
      vertex 91.7 14 1.1
      vertex 91.7 4 1.1
      vertex 91.7 14 1.2
    endloop
  endfacet
  facet normal -1 -0 0
    outer loop
      vertex 91.7 14 1.2
      vertex 91.7 4 1.1
      vertex 91.7 4 1.2
    endloop
  endfacet
  facet normal 1 0 0
    outer loop
      vertex 91.1 4 1.1
      vertex 91.1 14 1.1
      vertex 91.1 14 1.2
    endloop
  endfacet
  facet normal 1 0 0
    outer loop
      vertex 91.1 4 1.1
      vertex 91.1 14 1.2
      vertex 91.1 4 1.2
    endloop
  endfacet
  facet normal 1 0 0
    outer loop
      vertex 91.1 14 1.1
      vertex 91.1 4 1.1
      vertex 91.1 14 0
    endloop
  endfacet
  facet normal 1 0 0
    outer loop
      vertex 91.1 14 0
      vertex 91.1 4 1.1
      vertex 91.1 4 0
    endloop
  endfacet
  facet normal -1 0 0
    outer loop
      vertex 93.3 4 0
      vertex 93.3 14 1.1
      vertex 93.3 14 0
    endloop
  endfacet
  facet normal -1 0 0
    outer loop
      vertex 93.3 4 1.1
      vertex 93.3 14 1.1
      vertex 93.3 4 0
    endloop
  endfacet
  facet normal -1 0 0
    outer loop
      vertex 93.3 14 1.1
      vertex 93.3 4 1.1
      vertex 93.3 14 1.2
    endloop
  endfacet
  facet normal -1 -0 0
    outer loop
      vertex 93.3 14 1.2
      vertex 93.3 4 1.1
      vertex 93.3 4 1.2
    endloop
  endfacet
  facet normal 1 0 0
    outer loop
      vertex 92.7 4 1.1
      vertex 92.7 14 1.1
      vertex 92.7 14 1.2
    endloop
  endfacet
  facet normal 1 0 0
    outer loop
      vertex 92.7 4 1.1
      vertex 92.7 14 1.2
      vertex 92.7 4 1.2
    endloop
  endfacet
  facet normal 1 0 0
    outer loop
      vertex 92.7 14 1.1
      vertex 92.7 4 1.1
      vertex 92.7 14 0
    endloop
  endfacet
  facet normal 1 0 0
    outer loop
      vertex 92.7 14 0
      vertex 92.7 4 1.1
      vertex 92.7 4 0
    endloop
  endfacet
  facet normal -1 0 0
    outer loop
      vertex 94.9 4 0
      vertex 94.9 14 1.1
      vertex 94.9 14 0
    endloop
  endfacet
  facet normal -1 0 0
    outer loop
      vertex 94.9 4 1.1
      vertex 94.9 14 1.1
      vertex 94.9 4 0
    endloop
  endfacet
  facet normal -1 0 0
    outer loop
      vertex 94.9 14 1.1
      vertex 94.9 4 1.1
      vertex 94.9 14 1.2
    endloop
  endfacet
  facet normal -1 -0 0
    outer loop
      vertex 94.9 14 1.2
      vertex 94.9 4 1.1
      vertex 94.9 4 1.2
    endloop
  endfacet
  facet normal 1 0 0
    outer loop
      vertex 94.3 4 1.1
      vertex 94.3 14 1.1
      vertex 94.3 14 1.2
    endloop
  endfacet
  facet normal 1 0 0
    outer loop
      vertex 94.3 4 1.1
      vertex 94.3 14 1.2
      vertex 94.3 4 1.2
    endloop
  endfacet
  facet normal 1 0 0
    outer loop
      vertex 94.3 14 1.1
      vertex 94.3 4 1.1
      vertex 94.3 14 0
    endloop
  endfacet
  facet normal 1 0 0
    outer loop
      vertex 94.3 14 0
      vertex 94.3 4 1.1
      vertex 94.3 4 0
    endloop
  endfacet
  facet normal -1 0 0
    outer loop
      vertex 96.5 4 0
      vertex 96.5 14 1.1
      vertex 96.5 14 0
    endloop
  endfacet
  facet normal -1 0 0
    outer loop
      vertex 96.5 4 1.1
      vertex 96.5 14 1.1
      vertex 96.5 4 0
    endloop
  endfacet
  facet normal -1 0 0
    outer loop
      vertex 96.5 14 1.1
      vertex 96.5 4 1.1
      vertex 96.5 14 1.2
    endloop
  endfacet
  facet normal -1 -0 0
    outer loop
      vertex 96.5 14 1.2
      vertex 96.5 4 1.1
      vertex 96.5 4 1.2
    endloop
  endfacet
  facet normal 1 0 0
    outer loop
      vertex 95.9 4 1.1
      vertex 95.9 14 1.1
      vertex 95.9 14 1.2
    endloop
  endfacet
  facet normal 1 0 0
    outer loop
      vertex 95.9 4 1.1
      vertex 95.9 14 1.2
      vertex 95.9 4 1.2
    endloop
  endfacet
  facet normal 1 0 0
    outer loop
      vertex 95.9 14 1.1
      vertex 95.9 4 1.1
      vertex 95.9 14 0
    endloop
  endfacet
  facet normal 1 0 0
    outer loop
      vertex 95.9 14 0
      vertex 95.9 4 1.1
      vertex 95.9 4 0
    endloop
  endfacet
  facet normal -1 0 0
    outer loop
      vertex 98.1 4 0
      vertex 98.1 14 1.1
      vertex 98.1 14 0
    endloop
  endfacet
  facet normal -1 0 0
    outer loop
      vertex 98.1 4 1.1
      vertex 98.1 14 1.1
      vertex 98.1 4 0
    endloop
  endfacet
  facet normal -1 0 0
    outer loop
      vertex 98.1 14 1.1
      vertex 98.1 4 1.1
      vertex 98.1 14 1.2
    endloop
  endfacet
  facet normal -1 -0 0
    outer loop
      vertex 98.1 14 1.2
      vertex 98.1 4 1.1
      vertex 98.1 4 1.2
    endloop
  endfacet
  facet normal 1 0 0
    outer loop
      vertex 97.5 4 1.1
      vertex 97.5 14 1.1
      vertex 97.5 14 1.2
    endloop
  endfacet
  facet normal 1 0 0
    outer loop
      vertex 97.5 4 1.1
      vertex 97.5 14 1.2
      vertex 97.5 4 1.2
    endloop
  endfacet
  facet normal 1 0 0
    outer loop
      vertex 97.5 14 1.1
      vertex 97.5 4 1.1
      vertex 97.5 14 0
    endloop
  endfacet
  facet normal 1 0 0
    outer loop
      vertex 97.5 14 0
      vertex 97.5 4 1.1
      vertex 97.5 4 0
    endloop
  endfacet
  facet normal -1 0 0
    outer loop
      vertex 99.7 4 0
      vertex 99.7 14 1.1
      vertex 99.7 14 0
    endloop
  endfacet
  facet normal -1 0 0
    outer loop
      vertex 99.7 4 1.1
      vertex 99.7 14 1.1
      vertex 99.7 4 0
    endloop
  endfacet
  facet normal -1 0 0
    outer loop
      vertex 99.7 14 1.1
      vertex 99.7 4 1.1
      vertex 99.7 14 1.2
    endloop
  endfacet
  facet normal -1 -0 0
    outer loop
      vertex 99.7 14 1.2
      vertex 99.7 4 1.1
      vertex 99.7 4 1.2
    endloop
  endfacet
  facet normal 1 0 0
    outer loop
      vertex 99.1 4 1.1
      vertex 99.1 14 1.1
      vertex 99.1 14 1.2
    endloop
  endfacet
  facet normal 1 0 0
    outer loop
      vertex 99.1 4 1.1
      vertex 99.1 14 1.2
      vertex 99.1 4 1.2
    endloop
  endfacet
  facet normal 1 0 0
    outer loop
      vertex 99.1 14 1.1
      vertex 99.1 4 1.1
      vertex 99.1 14 0
    endloop
  endfacet
  facet normal 1 0 0
    outer loop
      vertex 99.1 14 0
      vertex 99.1 4 1.1
      vertex 99.1 4 0
    endloop
  endfacet
  facet normal -1 0 0
    outer loop
      vertex 101.3 4 0
      vertex 101.3 14 1.1
      vertex 101.3 14 0
    endloop
  endfacet
  facet normal -1 0 0
    outer loop
      vertex 101.3 4 1.1
      vertex 101.3 14 1.1
      vertex 101.3 4 0
    endloop
  endfacet
  facet normal -1 0 0
    outer loop
      vertex 101.3 14 1.1
      vertex 101.3 4 1.1
      vertex 101.3 14 1.2
    endloop
  endfacet
  facet normal -1 -0 0
    outer loop
      vertex 101.3 14 1.2
      vertex 101.3 4 1.1
      vertex 101.3 4 1.2
    endloop
  endfacet
  facet normal 1 0 0
    outer loop
      vertex 100.7 4 1.1
      vertex 100.7 14 1.1
      vertex 100.7 14 1.2
    endloop
  endfacet
  facet normal 1 0 0
    outer loop
      vertex 100.7 4 1.1
      vertex 100.7 14 1.2
      vertex 100.7 4 1.2
    endloop
  endfacet
  facet normal 1 0 0
    outer loop
      vertex 100.7 14 1.1
      vertex 100.7 4 1.1
      vertex 100.7 14 0
    endloop
  endfacet
  facet normal 1 0 0
    outer loop
      vertex 100.7 14 0
      vertex 100.7 4 1.1
      vertex 100.7 4 0
    endloop
  endfacet
  facet normal -1 0 0
    outer loop
      vertex 102.9 4 0
      vertex 102.9 14 1.1
      vertex 102.9 14 0
    endloop
  endfacet
  facet normal -1 0 0
    outer loop
      vertex 102.9 4 1.1
      vertex 102.9 14 1.1
      vertex 102.9 4 0
    endloop
  endfacet
  facet normal -1 0 0
    outer loop
      vertex 102.9 14 1.1
      vertex 102.9 4 1.1
      vertex 102.9 14 1.2
    endloop
  endfacet
  facet normal -1 -0 0
    outer loop
      vertex 102.9 14 1.2
      vertex 102.9 4 1.1
      vertex 102.9 4 1.2
    endloop
  endfacet
  facet normal 1 0 0
    outer loop
      vertex 102.3 4 1.1
      vertex 102.3 14 1.1
      vertex 102.3 14 1.2
    endloop
  endfacet
  facet normal 1 0 0
    outer loop
      vertex 102.3 4 1.1
      vertex 102.3 14 1.2
      vertex 102.3 4 1.2
    endloop
  endfacet
  facet normal 1 0 0
    outer loop
      vertex 102.3 14 1.1
      vertex 102.3 4 1.1
      vertex 102.3 14 0
    endloop
  endfacet
  facet normal 1 0 0
    outer loop
      vertex 102.3 14 0
      vertex 102.3 4 1.1
      vertex 102.3 4 0
    endloop
  endfacet
  facet normal -1 0 0
    outer loop
      vertex 104.5 4 0
      vertex 104.5 14 1.1
      vertex 104.5 14 0
    endloop
  endfacet
  facet normal -1 0 0
    outer loop
      vertex 104.5 4 1.1
      vertex 104.5 14 1.1
      vertex 104.5 4 0
    endloop
  endfacet
  facet normal -1 0 0
    outer loop
      vertex 104.5 14 1.1
      vertex 104.5 4 1.1
      vertex 104.5 14 1.2
    endloop
  endfacet
  facet normal -1 -0 0
    outer loop
      vertex 104.5 14 1.2
      vertex 104.5 4 1.1
      vertex 104.5 4 1.2
    endloop
  endfacet
  facet normal 1 0 0
    outer loop
      vertex 103.9 4 1.1
      vertex 103.9 14 1.1
      vertex 103.9 14 1.2
    endloop
  endfacet
  facet normal 1 0 0
    outer loop
      vertex 103.9 4 1.1
      vertex 103.9 14 1.2
      vertex 103.9 4 1.2
    endloop
  endfacet
  facet normal 1 0 0
    outer loop
      vertex 103.9 14 1.1
      vertex 103.9 4 1.1
      vertex 103.9 14 0
    endloop
  endfacet
  facet normal 1 0 0
    outer loop
      vertex 103.9 14 0
      vertex 103.9 4 1.1
      vertex 103.9 4 0
    endloop
  endfacet
  facet normal -1 0 0
    outer loop
      vertex 106.1 4 0
      vertex 106.1 14 1.1
      vertex 106.1 14 0
    endloop
  endfacet
  facet normal -1 0 0
    outer loop
      vertex 106.1 4 1.1
      vertex 106.1 14 1.1
      vertex 106.1 4 0
    endloop
  endfacet
  facet normal -1 0 0
    outer loop
      vertex 106.1 14 1.1
      vertex 106.1 4 1.1
      vertex 106.1 14 1.2
    endloop
  endfacet
  facet normal -1 -0 0
    outer loop
      vertex 106.1 14 1.2
      vertex 106.1 4 1.1
      vertex 106.1 4 1.2
    endloop
  endfacet
  facet normal 1 0 0
    outer loop
      vertex 105.5 4 1.1
      vertex 105.5 14 1.1
      vertex 105.5 14 1.2
    endloop
  endfacet
  facet normal 1 0 0
    outer loop
      vertex 105.5 4 1.1
      vertex 105.5 14 1.2
      vertex 105.5 4 1.2
    endloop
  endfacet
  facet normal 1 0 0
    outer loop
      vertex 105.5 14 1.1
      vertex 105.5 4 1.1
      vertex 105.5 14 0
    endloop
  endfacet
  facet normal 1 0 0
    outer loop
      vertex 105.5 14 0
      vertex 105.5 4 1.1
      vertex 105.5 4 0
    endloop
  endfacet
  facet normal -1 0 0
    outer loop
      vertex 107.7 4 0
      vertex 107.7 14 1.1
      vertex 107.7 14 0
    endloop
  endfacet
  facet normal -1 0 0
    outer loop
      vertex 107.7 4 1.1
      vertex 107.7 14 1.1
      vertex 107.7 4 0
    endloop
  endfacet
  facet normal -1 0 0
    outer loop
      vertex 107.7 14 1.1
      vertex 107.7 4 1.1
      vertex 107.7 14 1.2
    endloop
  endfacet
  facet normal -1 -0 0
    outer loop
      vertex 107.7 14 1.2
      vertex 107.7 4 1.1
      vertex 107.7 4 1.2
    endloop
  endfacet
  facet normal 1 0 0
    outer loop
      vertex 107.1 4 1.1
      vertex 107.1 14 1.1
      vertex 107.1 14 1.2
    endloop
  endfacet
  facet normal 1 0 0
    outer loop
      vertex 107.1 4 1.1
      vertex 107.1 14 1.2
      vertex 107.1 4 1.2
    endloop
  endfacet
  facet normal 1 0 0
    outer loop
      vertex 107.1 14 1.1
      vertex 107.1 4 1.1
      vertex 107.1 14 0
    endloop
  endfacet
  facet normal 1 0 0
    outer loop
      vertex 107.1 14 0
      vertex 107.1 4 1.1
      vertex 107.1 4 0
    endloop
  endfacet
  facet normal -1 0 0
    outer loop
      vertex 109.3 4 0
      vertex 109.3 14 1.1
      vertex 109.3 14 0
    endloop
  endfacet
  facet normal -1 0 0
    outer loop
      vertex 109.3 4 1.1
      vertex 109.3 14 1.1
      vertex 109.3 4 0
    endloop
  endfacet
  facet normal -1 0 0
    outer loop
      vertex 109.3 14 1.1
      vertex 109.3 4 1.1
      vertex 109.3 14 1.2
    endloop
  endfacet
  facet normal -1 -0 0
    outer loop
      vertex 109.3 14 1.2
      vertex 109.3 4 1.1
      vertex 109.3 4 1.2
    endloop
  endfacet
  facet normal 1 0 0
    outer loop
      vertex 108.7 4 1.1
      vertex 108.7 14 1.1
      vertex 108.7 14 1.2
    endloop
  endfacet
  facet normal 1 0 0
    outer loop
      vertex 108.7 4 1.1
      vertex 108.7 14 1.2
      vertex 108.7 4 1.2
    endloop
  endfacet
  facet normal 1 0 0
    outer loop
      vertex 108.7 14 1.1
      vertex 108.7 4 1.1
      vertex 108.7 14 0
    endloop
  endfacet
  facet normal 1 0 0
    outer loop
      vertex 108.7 14 0
      vertex 108.7 4 1.1
      vertex 108.7 4 0
    endloop
  endfacet
  facet normal -1 0 0
    outer loop
      vertex 110.9 4 0
      vertex 110.9 14 1.1
      vertex 110.9 14 0
    endloop
  endfacet
  facet normal -1 0 0
    outer loop
      vertex 110.9 4 1.1
      vertex 110.9 14 1.1
      vertex 110.9 4 0
    endloop
  endfacet
  facet normal -1 0 0
    outer loop
      vertex 110.9 14 1.1
      vertex 110.9 4 1.1
      vertex 110.9 14 1.2
    endloop
  endfacet
  facet normal -1 -0 0
    outer loop
      vertex 110.9 14 1.2
      vertex 110.9 4 1.1
      vertex 110.9 4 1.2
    endloop
  endfacet
  facet normal 1 0 0
    outer loop
      vertex 110.3 4 1.1
      vertex 110.3 14 1.1
      vertex 110.3 14 1.2
    endloop
  endfacet
  facet normal 1 0 0
    outer loop
      vertex 110.3 4 1.1
      vertex 110.3 14 1.2
      vertex 110.3 4 1.2
    endloop
  endfacet
  facet normal 1 0 0
    outer loop
      vertex 110.3 14 1.1
      vertex 110.3 4 1.1
      vertex 110.3 14 0
    endloop
  endfacet
  facet normal 1 0 0
    outer loop
      vertex 110.3 14 0
      vertex 110.3 4 1.1
      vertex 110.3 4 0
    endloop
  endfacet
  facet normal -1 0 0
    outer loop
      vertex 112.5 4 0
      vertex 112.5 14 1.1
      vertex 112.5 14 0
    endloop
  endfacet
  facet normal -1 0 0
    outer loop
      vertex 112.5 4 1.1
      vertex 112.5 14 1.1
      vertex 112.5 4 0
    endloop
  endfacet
  facet normal -1 0 0
    outer loop
      vertex 112.5 14 1.1
      vertex 112.5 4 1.1
      vertex 112.5 14 1.2
    endloop
  endfacet
  facet normal -1 -0 0
    outer loop
      vertex 112.5 14 1.2
      vertex 112.5 4 1.1
      vertex 112.5 4 1.2
    endloop
  endfacet
  facet normal 1 0 0
    outer loop
      vertex 111.9 4 1.1
      vertex 111.9 14 1.1
      vertex 111.9 14 1.2
    endloop
  endfacet
  facet normal 1 0 0
    outer loop
      vertex 111.9 4 1.1
      vertex 111.9 14 1.2
      vertex 111.9 4 1.2
    endloop
  endfacet
  facet normal 1 0 0
    outer loop
      vertex 111.9 14 1.1
      vertex 111.9 4 1.1
      vertex 111.9 14 0
    endloop
  endfacet
  facet normal 1 0 0
    outer loop
      vertex 111.9 14 0
      vertex 111.9 4 1.1
      vertex 111.9 4 0
    endloop
  endfacet
  facet normal -1 0 0
    outer loop
      vertex 114.1 4 0
      vertex 114.1 14 1.1
      vertex 114.1 14 0
    endloop
  endfacet
  facet normal -1 0 0
    outer loop
      vertex 114.1 4 1.1
      vertex 114.1 14 1.1
      vertex 114.1 4 0
    endloop
  endfacet
  facet normal -1 0 0
    outer loop
      vertex 114.1 14 1.1
      vertex 114.1 4 1.1
      vertex 114.1 14 1.2
    endloop
  endfacet
  facet normal -1 -0 0
    outer loop
      vertex 114.1 14 1.2
      vertex 114.1 4 1.1
      vertex 114.1 4 1.2
    endloop
  endfacet
  facet normal 1 0 0
    outer loop
      vertex 113.5 4 1.1
      vertex 113.5 14 1.1
      vertex 113.5 14 1.2
    endloop
  endfacet
  facet normal 1 0 0
    outer loop
      vertex 113.5 4 1.1
      vertex 113.5 14 1.2
      vertex 113.5 4 1.2
    endloop
  endfacet
  facet normal 1 0 0
    outer loop
      vertex 113.5 14 1.1
      vertex 113.5 4 1.1
      vertex 113.5 14 0
    endloop
  endfacet
  facet normal 1 0 0
    outer loop
      vertex 113.5 14 0
      vertex 113.5 4 1.1
      vertex 113.5 4 0
    endloop
  endfacet
  facet normal -1 0 0
    outer loop
      vertex 115.7 4 0
      vertex 115.7 14 1.1
      vertex 115.7 14 0
    endloop
  endfacet
  facet normal -1 0 0
    outer loop
      vertex 115.7 4 1.1
      vertex 115.7 14 1.1
      vertex 115.7 4 0
    endloop
  endfacet
  facet normal -1 0 0
    outer loop
      vertex 115.7 14 1.1
      vertex 115.7 4 1.1
      vertex 115.7 14 1.2
    endloop
  endfacet
  facet normal -1 -0 0
    outer loop
      vertex 115.7 14 1.2
      vertex 115.7 4 1.1
      vertex 115.7 4 1.2
    endloop
  endfacet
  facet normal 1 0 0
    outer loop
      vertex 115.1 4 1.1
      vertex 115.1 14 1.1
      vertex 115.1 14 1.2
    endloop
  endfacet
  facet normal 1 0 0
    outer loop
      vertex 115.1 4 1.1
      vertex 115.1 14 1.2
      vertex 115.1 4 1.2
    endloop
  endfacet
  facet normal 1 0 0
    outer loop
      vertex 115.1 14 1.1
      vertex 115.1 4 1.1
      vertex 115.1 14 0
    endloop
  endfacet
  facet normal 1 0 0
    outer loop
      vertex 115.1 14 0
      vertex 115.1 4 1.1
      vertex 115.1 4 0
    endloop
  endfacet
  facet normal -1 0 0
    outer loop
      vertex 117.3 4 0
      vertex 117.3 14 1.1
      vertex 117.3 14 0
    endloop
  endfacet
  facet normal -1 0 0
    outer loop
      vertex 117.3 4 1.1
      vertex 117.3 14 1.1
      vertex 117.3 4 0
    endloop
  endfacet
  facet normal -1 0 0
    outer loop
      vertex 117.3 14 1.1
      vertex 117.3 4 1.1
      vertex 117.3 14 1.2
    endloop
  endfacet
  facet normal -1 -0 0
    outer loop
      vertex 117.3 14 1.2
      vertex 117.3 4 1.1
      vertex 117.3 4 1.2
    endloop
  endfacet
  facet normal 1 0 0
    outer loop
      vertex 116.7 4 1.1
      vertex 116.7 14 1.1
      vertex 116.7 14 1.2
    endloop
  endfacet
  facet normal 1 0 0
    outer loop
      vertex 116.7 4 1.1
      vertex 116.7 14 1.2
      vertex 116.7 4 1.2
    endloop
  endfacet
  facet normal 1 0 0
    outer loop
      vertex 116.7 14 1.1
      vertex 116.7 4 1.1
      vertex 116.7 14 0
    endloop
  endfacet
  facet normal 1 0 0
    outer loop
      vertex 116.7 14 0
      vertex 116.7 4 1.1
      vertex 116.7 4 0
    endloop
  endfacet
  facet normal -1 0 0
    outer loop
      vertex 118.9 4 0
      vertex 118.9 14 1.1
      vertex 118.9 14 0
    endloop
  endfacet
  facet normal -1 0 0
    outer loop
      vertex 118.9 4 1.1
      vertex 118.9 14 1.1
      vertex 118.9 4 0
    endloop
  endfacet
  facet normal -1 0 0
    outer loop
      vertex 118.9 14 1.1
      vertex 118.9 4 1.1
      vertex 118.9 14 1.2
    endloop
  endfacet
  facet normal -1 -0 0
    outer loop
      vertex 118.9 14 1.2
      vertex 118.9 4 1.1
      vertex 118.9 4 1.2
    endloop
  endfacet
  facet normal 1 0 0
    outer loop
      vertex 118.3 4 1.1
      vertex 118.3 14 1.1
      vertex 118.3 14 1.2
    endloop
  endfacet
  facet normal 1 0 0
    outer loop
      vertex 118.3 4 1.1
      vertex 118.3 14 1.2
      vertex 118.3 4 1.2
    endloop
  endfacet
  facet normal 1 0 0
    outer loop
      vertex 118.3 14 1.1
      vertex 118.3 4 1.1
      vertex 118.3 14 0
    endloop
  endfacet
  facet normal 1 0 0
    outer loop
      vertex 118.3 14 0
      vertex 118.3 4 1.1
      vertex 118.3 4 0
    endloop
  endfacet
  facet normal -1 0 0
    outer loop
      vertex 120.5 4 0
      vertex 120.5 14 1.1
      vertex 120.5 14 0
    endloop
  endfacet
  facet normal -1 0 0
    outer loop
      vertex 120.5 4 1.1
      vertex 120.5 14 1.1
      vertex 120.5 4 0
    endloop
  endfacet
  facet normal -1 0 0
    outer loop
      vertex 120.5 14 1.1
      vertex 120.5 4 1.1
      vertex 120.5 14 1.2
    endloop
  endfacet
  facet normal -1 -0 0
    outer loop
      vertex 120.5 14 1.2
      vertex 120.5 4 1.1
      vertex 120.5 4 1.2
    endloop
  endfacet
  facet normal 1 0 0
    outer loop
      vertex 119.9 4 1.1
      vertex 119.9 14 1.1
      vertex 119.9 14 1.2
    endloop
  endfacet
  facet normal 1 0 0
    outer loop
      vertex 119.9 4 1.1
      vertex 119.9 14 1.2
      vertex 119.9 4 1.2
    endloop
  endfacet
  facet normal 1 0 0
    outer loop
      vertex 119.9 14 1.1
      vertex 119.9 4 1.1
      vertex 119.9 14 0
    endloop
  endfacet
  facet normal 1 0 0
    outer loop
      vertex 119.9 14 0
      vertex 119.9 4 1.1
      vertex 119.9 4 0
    endloop
  endfacet
  facet normal -1 0 0
    outer loop
      vertex 122.1 4 0
      vertex 122.1 14 1.1
      vertex 122.1 14 0
    endloop
  endfacet
  facet normal -1 0 0
    outer loop
      vertex 122.1 4 1.1
      vertex 122.1 14 1.1
      vertex 122.1 4 0
    endloop
  endfacet
  facet normal -1 0 0
    outer loop
      vertex 122.1 14 1.1
      vertex 122.1 4 1.1
      vertex 122.1 14 1.2
    endloop
  endfacet
  facet normal -1 -0 0
    outer loop
      vertex 122.1 14 1.2
      vertex 122.1 4 1.1
      vertex 122.1 4 1.2
    endloop
  endfacet
  facet normal 1 0 0
    outer loop
      vertex 121.5 4 1.1
      vertex 121.5 14 1.1
      vertex 121.5 14 1.2
    endloop
  endfacet
  facet normal 1 0 0
    outer loop
      vertex 121.5 4 1.1
      vertex 121.5 14 1.2
      vertex 121.5 4 1.2
    endloop
  endfacet
  facet normal 1 0 0
    outer loop
      vertex 121.5 14 1.1
      vertex 121.5 4 1.1
      vertex 121.5 14 0
    endloop
  endfacet
  facet normal 1 0 0
    outer loop
      vertex 121.5 14 0
      vertex 121.5 4 1.1
      vertex 121.5 4 0
    endloop
  endfacet
  facet normal -1 0 0
    outer loop
      vertex 123.7 4 0
      vertex 123.7 14 1.1
      vertex 123.7 14 0
    endloop
  endfacet
  facet normal -1 0 0
    outer loop
      vertex 123.7 4 1.1
      vertex 123.7 14 1.1
      vertex 123.7 4 0
    endloop
  endfacet
  facet normal -1 0 0
    outer loop
      vertex 123.7 14 1.1
      vertex 123.7 4 1.1
      vertex 123.7 14 1.2
    endloop
  endfacet
  facet normal -1 -0 0
    outer loop
      vertex 123.7 14 1.2
      vertex 123.7 4 1.1
      vertex 123.7 4 1.2
    endloop
  endfacet
  facet normal 1 0 0
    outer loop
      vertex 123.1 4 1.1
      vertex 123.1 14 1.1
      vertex 123.1 14 1.2
    endloop
  endfacet
  facet normal 1 0 0
    outer loop
      vertex 123.1 4 1.1
      vertex 123.1 14 1.2
      vertex 123.1 4 1.2
    endloop
  endfacet
  facet normal 1 0 0
    outer loop
      vertex 123.1 14 1.1
      vertex 123.1 4 1.1
      vertex 123.1 14 0
    endloop
  endfacet
  facet normal 1 0 0
    outer loop
      vertex 123.1 14 0
      vertex 123.1 4 1.1
      vertex 123.1 4 0
    endloop
  endfacet
  facet normal -1 0 0
    outer loop
      vertex 125.3 4 0
      vertex 125.3 14 1.1
      vertex 125.3 14 0
    endloop
  endfacet
  facet normal -1 0 0
    outer loop
      vertex 125.3 4 1.1
      vertex 125.3 14 1.1
      vertex 125.3 4 0
    endloop
  endfacet
  facet normal -1 0 0
    outer loop
      vertex 125.3 14 1.1
      vertex 125.3 4 1.1
      vertex 125.3 14 1.2
    endloop
  endfacet
  facet normal -1 -0 0
    outer loop
      vertex 125.3 14 1.2
      vertex 125.3 4 1.1
      vertex 125.3 4 1.2
    endloop
  endfacet
  facet normal 1 0 0
    outer loop
      vertex 124.7 4 1.1
      vertex 124.7 14 1.1
      vertex 124.7 14 1.2
    endloop
  endfacet
  facet normal 1 0 0
    outer loop
      vertex 124.7 4 1.1
      vertex 124.7 14 1.2
      vertex 124.7 4 1.2
    endloop
  endfacet
  facet normal 1 0 0
    outer loop
      vertex 124.7 14 1.1
      vertex 124.7 4 1.1
      vertex 124.7 14 0
    endloop
  endfacet
  facet normal 1 0 0
    outer loop
      vertex 124.7 14 0
      vertex 124.7 4 1.1
      vertex 124.7 4 0
    endloop
  endfacet
  facet normal -1 0 0
    outer loop
      vertex 126.9 4 0
      vertex 126.9 14 1.1
      vertex 126.9 14 0
    endloop
  endfacet
  facet normal -1 0 0
    outer loop
      vertex 126.9 4 1.1
      vertex 126.9 14 1.1
      vertex 126.9 4 0
    endloop
  endfacet
  facet normal -1 0 0
    outer loop
      vertex 126.9 14 1.1
      vertex 126.9 4 1.1
      vertex 126.9 14 1.2
    endloop
  endfacet
  facet normal -1 -0 0
    outer loop
      vertex 126.9 14 1.2
      vertex 126.9 4 1.1
      vertex 126.9 4 1.2
    endloop
  endfacet
  facet normal 1 0 0
    outer loop
      vertex 126.3 4 1.1
      vertex 126.3 14 1.1
      vertex 126.3 14 1.2
    endloop
  endfacet
  facet normal 1 0 0
    outer loop
      vertex 126.3 4 1.1
      vertex 126.3 14 1.2
      vertex 126.3 4 1.2
    endloop
  endfacet
  facet normal 1 0 0
    outer loop
      vertex 126.3 14 1.1
      vertex 126.3 4 1.1
      vertex 126.3 14 0
    endloop
  endfacet
  facet normal 1 0 0
    outer loop
      vertex 126.3 14 0
      vertex 126.3 4 1.1
      vertex 126.3 4 0
    endloop
  endfacet
  facet normal -1 0 0
    outer loop
      vertex 128.5 4 0
      vertex 128.5 14 1.1
      vertex 128.5 14 0
    endloop
  endfacet
  facet normal -1 0 0
    outer loop
      vertex 128.5 4 1.1
      vertex 128.5 14 1.1
      vertex 128.5 4 0
    endloop
  endfacet
  facet normal -1 0 0
    outer loop
      vertex 128.5 14 1.1
      vertex 128.5 4 1.1
      vertex 128.5 14 1.2
    endloop
  endfacet
  facet normal -1 -0 0
    outer loop
      vertex 128.5 14 1.2
      vertex 128.5 4 1.1
      vertex 128.5 4 1.2
    endloop
  endfacet
  facet normal 1 0 0
    outer loop
      vertex 127.9 4 1.1
      vertex 127.9 14 1.1
      vertex 127.9 14 1.2
    endloop
  endfacet
  facet normal 1 0 0
    outer loop
      vertex 127.9 4 1.1
      vertex 127.9 14 1.2
      vertex 127.9 4 1.2
    endloop
  endfacet
  facet normal 1 0 0
    outer loop
      vertex 127.9 14 1.1
      vertex 127.9 4 1.1
      vertex 127.9 14 0
    endloop
  endfacet
  facet normal 1 0 0
    outer loop
      vertex 127.9 14 0
      vertex 127.9 4 1.1
      vertex 127.9 4 0
    endloop
  endfacet
  facet normal -1 0 0
    outer loop
      vertex 130.1 4 0
      vertex 130.1 14 1.1
      vertex 130.1 14 0
    endloop
  endfacet
  facet normal -1 0 0
    outer loop
      vertex 130.1 4 1.1
      vertex 130.1 14 1.1
      vertex 130.1 4 0
    endloop
  endfacet
  facet normal -1 0 0
    outer loop
      vertex 130.1 14 1.1
      vertex 130.1 4 1.1
      vertex 130.1 14 1.2
    endloop
  endfacet
  facet normal -1 -0 0
    outer loop
      vertex 130.1 14 1.2
      vertex 130.1 4 1.1
      vertex 130.1 4 1.2
    endloop
  endfacet
  facet normal 1 0 0
    outer loop
      vertex 129.5 4 1.1
      vertex 129.5 14 1.1
      vertex 129.5 14 1.2
    endloop
  endfacet
  facet normal 1 0 0
    outer loop
      vertex 129.5 4 1.1
      vertex 129.5 14 1.2
      vertex 129.5 4 1.2
    endloop
  endfacet
  facet normal 1 0 0
    outer loop
      vertex 129.5 14 1.1
      vertex 129.5 4 1.1
      vertex 129.5 14 0
    endloop
  endfacet
  facet normal 1 0 0
    outer loop
      vertex 129.5 14 0
      vertex 129.5 4 1.1
      vertex 129.5 4 0
    endloop
  endfacet
  facet normal -1 0 0
    outer loop
      vertex 131.7 4 0
      vertex 131.7 14 1.1
      vertex 131.7 14 0
    endloop
  endfacet
  facet normal -1 0 0
    outer loop
      vertex 131.7 4 1.1
      vertex 131.7 14 1.1
      vertex 131.7 4 0
    endloop
  endfacet
  facet normal -1 0 0
    outer loop
      vertex 131.7 14 1.1
      vertex 131.7 4 1.1
      vertex 131.7 14 1.2
    endloop
  endfacet
  facet normal -1 -0 0
    outer loop
      vertex 131.7 14 1.2
      vertex 131.7 4 1.1
      vertex 131.7 4 1.2
    endloop
  endfacet
  facet normal 1 0 0
    outer loop
      vertex 131.1 4 1.1
      vertex 131.1 14 1.1
      vertex 131.1 14 1.2
    endloop
  endfacet
  facet normal 1 0 0
    outer loop
      vertex 131.1 4 1.1
      vertex 131.1 14 1.2
      vertex 131.1 4 1.2
    endloop
  endfacet
  facet normal 1 0 0
    outer loop
      vertex 131.1 14 1.1
      vertex 131.1 4 1.1
      vertex 131.1 14 0
    endloop
  endfacet
  facet normal 1 0 0
    outer loop
      vertex 131.1 14 0
      vertex 131.1 4 1.1
      vertex 131.1 4 0
    endloop
  endfacet
  facet normal -1 0 0
    outer loop
      vertex 133.3 4 0
      vertex 133.3 14 1.1
      vertex 133.3 14 0
    endloop
  endfacet
  facet normal -1 0 0
    outer loop
      vertex 133.3 4 1.1
      vertex 133.3 14 1.1
      vertex 133.3 4 0
    endloop
  endfacet
  facet normal -1 0 0
    outer loop
      vertex 133.3 14 1.1
      vertex 133.3 4 1.1
      vertex 133.3 14 1.2
    endloop
  endfacet
  facet normal -1 -0 0
    outer loop
      vertex 133.3 14 1.2
      vertex 133.3 4 1.1
      vertex 133.3 4 1.2
    endloop
  endfacet
  facet normal 1 0 0
    outer loop
      vertex 132.7 4 1.1
      vertex 132.7 14 1.1
      vertex 132.7 14 1.2
    endloop
  endfacet
  facet normal 1 0 0
    outer loop
      vertex 132.7 4 1.1
      vertex 132.7 14 1.2
      vertex 132.7 4 1.2
    endloop
  endfacet
  facet normal 1 0 0
    outer loop
      vertex 132.7 14 1.1
      vertex 132.7 4 1.1
      vertex 132.7 14 0
    endloop
  endfacet
  facet normal 1 0 0
    outer loop
      vertex 132.7 14 0
      vertex 132.7 4 1.1
      vertex 132.7 4 0
    endloop
  endfacet
  facet normal 1 -0 0
    outer loop
      vertex 138 0 1.2
      vertex 138 18 0
      vertex 138 18 1.2
    endloop
  endfacet
  facet normal 1 0 0
    outer loop
      vertex 138 18 0
      vertex 138 0 1.2
      vertex 138 0 0
    endloop
  endfacet
  facet normal 0 0 1
    outer loop
      vertex 138 18 1.2
      vertex 136 16 1.2
      vertex 138 0 1.2
    endloop
  endfacet
  facet normal 0 0 1
    outer loop
      vertex 138 18 1.2
      vertex 74 16 1.2
      vertex 136 16 1.2
    endloop
  endfacet
  facet normal 0 0 1
    outer loop
      vertex 74 16 1.2
      vertex 72 18 1.2
      vertex 74 2 1.2
    endloop
  endfacet
  facet normal -0 0 1
    outer loop
      vertex 72 18 1.2
      vertex 74 16 1.2
      vertex 138 18 1.2
    endloop
  endfacet
  facet normal -0 0 1
    outer loop
      vertex 136 2 1.2
      vertex 138 0 1.2
      vertex 136 16 1.2
    endloop
  endfacet
  facet normal -0 0 1
    outer loop
      vertex 74 2 1.2
      vertex 138 0 1.2
      vertex 136 2 1.2
    endloop
  endfacet
  facet normal 0 0 1
    outer loop
      vertex 74 2 1.2
      vertex 72 0 1.2
      vertex 138 0 1.2
    endloop
  endfacet
  facet normal 0 0 1
    outer loop
      vertex 72 0 1.2
      vertex 74 2 1.2
      vertex 72 18 1.2
    endloop
  endfacet
  facet normal -0 0 1
    outer loop
      vertex 76 14 1.2
      vertex 76.7 4 1.2
      vertex 76.7 14 1.2
    endloop
  endfacet
  facet normal 0 0 1
    outer loop
      vertex 76.7 4 1.2
      vertex 76 14 1.2
      vertex 76 4 1.2
    endloop
  endfacet
  facet normal -0 0 1
    outer loop
      vertex 77.3 14 1.2
      vertex 78.3 4 1.2
      vertex 78.3 14 1.2
    endloop
  endfacet
  facet normal 0 0 1
    outer loop
      vertex 78.3 4 1.2
      vertex 77.3 14 1.2
      vertex 77.3 4 1.2
    endloop
  endfacet
  facet normal -0 0 1
    outer loop
      vertex 78.9 14 1.2
      vertex 79.9 4 1.2
      vertex 79.9 14 1.2
    endloop
  endfacet
  facet normal 0 0 1
    outer loop
      vertex 79.9 4 1.2
      vertex 78.9 14 1.2
      vertex 78.9 4 1.2
    endloop
  endfacet
  facet normal -0 0 1
    outer loop
      vertex 80.5 14 1.2
      vertex 81.5 4 1.2
      vertex 81.5 14 1.2
    endloop
  endfacet
  facet normal 0 0 1
    outer loop
      vertex 81.5 4 1.2
      vertex 80.5 14 1.2
      vertex 80.5 4 1.2
    endloop
  endfacet
  facet normal -0 0 1
    outer loop
      vertex 82.1 14 1.2
      vertex 83.1 4 1.2
      vertex 83.1 14 1.2
    endloop
  endfacet
  facet normal 0 0 1
    outer loop
      vertex 83.1 4 1.2
      vertex 82.1 14 1.2
      vertex 82.1 4 1.2
    endloop
  endfacet
  facet normal -0 0 1
    outer loop
      vertex 83.7 14 1.2
      vertex 84.7 4 1.2
      vertex 84.7 14 1.2
    endloop
  endfacet
  facet normal 0 0 1
    outer loop
      vertex 84.7 4 1.2
      vertex 83.7 14 1.2
      vertex 83.7 4 1.2
    endloop
  endfacet
  facet normal -0 0 1
    outer loop
      vertex 85.3 14 1.2
      vertex 86.3 4 1.2
      vertex 86.3 14 1.2
    endloop
  endfacet
  facet normal 0 0 1
    outer loop
      vertex 86.3 4 1.2
      vertex 85.3 14 1.2
      vertex 85.3 4 1.2
    endloop
  endfacet
  facet normal -0 0 1
    outer loop
      vertex 86.9 14 1.2
      vertex 87.9 4 1.2
      vertex 87.9 14 1.2
    endloop
  endfacet
  facet normal 0 0 1
    outer loop
      vertex 87.9 4 1.2
      vertex 86.9 14 1.2
      vertex 86.9 4 1.2
    endloop
  endfacet
  facet normal -0 0 1
    outer loop
      vertex 88.5 14 1.2
      vertex 89.5 4 1.2
      vertex 89.5 14 1.2
    endloop
  endfacet
  facet normal 0 0 1
    outer loop
      vertex 89.5 4 1.2
      vertex 88.5 14 1.2
      vertex 88.5 4 1.2
    endloop
  endfacet
  facet normal -0 0 1
    outer loop
      vertex 90.1 14 1.2
      vertex 91.1 4 1.2
      vertex 91.1 14 1.2
    endloop
  endfacet
  facet normal 0 0 1
    outer loop
      vertex 91.1 4 1.2
      vertex 90.1 14 1.2
      vertex 90.1 4 1.2
    endloop
  endfacet
  facet normal -0 0 1
    outer loop
      vertex 91.7 14 1.2
      vertex 92.7 4 1.2
      vertex 92.7 14 1.2
    endloop
  endfacet
  facet normal 0 0 1
    outer loop
      vertex 92.7 4 1.2
      vertex 91.7 14 1.2
      vertex 91.7 4 1.2
    endloop
  endfacet
  facet normal -0 0 1
    outer loop
      vertex 93.3 14 1.2
      vertex 94.3 4 1.2
      vertex 94.3 14 1.2
    endloop
  endfacet
  facet normal 0 0 1
    outer loop
      vertex 94.3 4 1.2
      vertex 93.3 14 1.2
      vertex 93.3 4 1.2
    endloop
  endfacet
  facet normal -0 0 1
    outer loop
      vertex 94.9 14 1.2
      vertex 95.9 4 1.2
      vertex 95.9 14 1.2
    endloop
  endfacet
  facet normal 0 0 1
    outer loop
      vertex 95.9 4 1.2
      vertex 94.9 14 1.2
      vertex 94.9 4 1.2
    endloop
  endfacet
  facet normal -0 0 1
    outer loop
      vertex 96.5 14 1.2
      vertex 97.5 4 1.2
      vertex 97.5 14 1.2
    endloop
  endfacet
  facet normal 0 0 1
    outer loop
      vertex 97.5 4 1.2
      vertex 96.5 14 1.2
      vertex 96.5 4 1.2
    endloop
  endfacet
  facet normal -0 0 1
    outer loop
      vertex 98.1 14 1.2
      vertex 99.1 4 1.2
      vertex 99.1 14 1.2
    endloop
  endfacet
  facet normal 0 0 1
    outer loop
      vertex 99.1 4 1.2
      vertex 98.1 14 1.2
      vertex 98.1 4 1.2
    endloop
  endfacet
  facet normal -0 0 1
    outer loop
      vertex 99.7 14 1.2
      vertex 100.7 4 1.2
      vertex 100.7 14 1.2
    endloop
  endfacet
  facet normal 0 0 1
    outer loop
      vertex 100.7 4 1.2
      vertex 99.7 14 1.2
      vertex 99.7 4 1.2
    endloop
  endfacet
  facet normal -0 0 1
    outer loop
      vertex 101.3 14 1.2
      vertex 102.3 4 1.2
      vertex 102.3 14 1.2
    endloop
  endfacet
  facet normal 0 0 1
    outer loop
      vertex 102.3 4 1.2
      vertex 101.3 14 1.2
      vertex 101.3 4 1.2
    endloop
  endfacet
  facet normal -0 0 1
    outer loop
      vertex 102.9 14 1.2
      vertex 103.9 4 1.2
      vertex 103.9 14 1.2
    endloop
  endfacet
  facet normal 0 0 1
    outer loop
      vertex 103.9 4 1.2
      vertex 102.9 14 1.2
      vertex 102.9 4 1.2
    endloop
  endfacet
  facet normal -0 0 1
    outer loop
      vertex 104.5 14 1.2
      vertex 105.5 4 1.2
      vertex 105.5 14 1.2
    endloop
  endfacet
  facet normal 0 0 1
    outer loop
      vertex 105.5 4 1.2
      vertex 104.5 14 1.2
      vertex 104.5 4 1.2
    endloop
  endfacet
  facet normal -0 0 1
    outer loop
      vertex 106.1 14 1.2
      vertex 107.1 4 1.2
      vertex 107.1 14 1.2
    endloop
  endfacet
  facet normal 0 0 1
    outer loop
      vertex 107.1 4 1.2
      vertex 106.1 14 1.2
      vertex 106.1 4 1.2
    endloop
  endfacet
  facet normal -0 0 1
    outer loop
      vertex 107.7 14 1.2
      vertex 108.7 4 1.2
      vertex 108.7 14 1.2
    endloop
  endfacet
  facet normal 0 0 1
    outer loop
      vertex 108.7 4 1.2
      vertex 107.7 14 1.2
      vertex 107.7 4 1.2
    endloop
  endfacet
  facet normal -0 0 1
    outer loop
      vertex 109.3 14 1.2
      vertex 110.3 4 1.2
      vertex 110.3 14 1.2
    endloop
  endfacet
  facet normal 0 0 1
    outer loop
      vertex 110.3 4 1.2
      vertex 109.3 14 1.2
      vertex 109.3 4 1.2
    endloop
  endfacet
  facet normal -0 0 1
    outer loop
      vertex 110.9 14 1.2
      vertex 111.9 4 1.2
      vertex 111.9 14 1.2
    endloop
  endfacet
  facet normal 0 0 1
    outer loop
      vertex 111.9 4 1.2
      vertex 110.9 14 1.2
      vertex 110.9 4 1.2
    endloop
  endfacet
  facet normal -0 0 1
    outer loop
      vertex 112.5 14 1.2
      vertex 113.5 4 1.2
      vertex 113.5 14 1.2
    endloop
  endfacet
  facet normal 0 0 1
    outer loop
      vertex 113.5 4 1.2
      vertex 112.5 14 1.2
      vertex 112.5 4 1.2
    endloop
  endfacet
  facet normal -0 0 1
    outer loop
      vertex 114.1 14 1.2
      vertex 115.1 4 1.2
      vertex 115.1 14 1.2
    endloop
  endfacet
  facet normal 0 0 1
    outer loop
      vertex 115.1 4 1.2
      vertex 114.1 14 1.2
      vertex 114.1 4 1.2
    endloop
  endfacet
  facet normal -0 0 1
    outer loop
      vertex 115.7 14 1.2
      vertex 116.7 4 1.2
      vertex 116.7 14 1.2
    endloop
  endfacet
  facet normal 0 0 1
    outer loop
      vertex 116.7 4 1.2
      vertex 115.7 14 1.2
      vertex 115.7 4 1.2
    endloop
  endfacet
  facet normal -0 0 1
    outer loop
      vertex 117.3 14 1.2
      vertex 118.3 4 1.2
      vertex 118.3 14 1.2
    endloop
  endfacet
  facet normal 0 0 1
    outer loop
      vertex 118.3 4 1.2
      vertex 117.3 14 1.2
      vertex 117.3 4 1.2
    endloop
  endfacet
  facet normal -0 0 1
    outer loop
      vertex 118.9 14 1.2
      vertex 119.9 4 1.2
      vertex 119.9 14 1.2
    endloop
  endfacet
  facet normal 0 0 1
    outer loop
      vertex 119.9 4 1.2
      vertex 118.9 14 1.2
      vertex 118.9 4 1.2
    endloop
  endfacet
  facet normal -0 0 1
    outer loop
      vertex 120.5 14 1.2
      vertex 121.5 4 1.2
      vertex 121.5 14 1.2
    endloop
  endfacet
  facet normal 0 0 1
    outer loop
      vertex 121.5 4 1.2
      vertex 120.5 14 1.2
      vertex 120.5 4 1.2
    endloop
  endfacet
  facet normal -0 0 1
    outer loop
      vertex 122.1 14 1.2
      vertex 123.1 4 1.2
      vertex 123.1 14 1.2
    endloop
  endfacet
  facet normal 0 0 1
    outer loop
      vertex 123.1 4 1.2
      vertex 122.1 14 1.2
      vertex 122.1 4 1.2
    endloop
  endfacet
  facet normal -0 0 1
    outer loop
      vertex 123.7 14 1.2
      vertex 124.7 4 1.2
      vertex 124.7 14 1.2
    endloop
  endfacet
  facet normal 0 0 1
    outer loop
      vertex 124.7 4 1.2
      vertex 123.7 14 1.2
      vertex 123.7 4 1.2
    endloop
  endfacet
  facet normal -0 0 1
    outer loop
      vertex 125.3 14 1.2
      vertex 126.3 4 1.2
      vertex 126.3 14 1.2
    endloop
  endfacet
  facet normal 0 0 1
    outer loop
      vertex 126.3 4 1.2
      vertex 125.3 14 1.2
      vertex 125.3 4 1.2
    endloop
  endfacet
  facet normal -0 0 1
    outer loop
      vertex 126.9 14 1.2
      vertex 127.9 4 1.2
      vertex 127.9 14 1.2
    endloop
  endfacet
  facet normal 0 0 1
    outer loop
      vertex 127.9 4 1.2
      vertex 126.9 14 1.2
      vertex 126.9 4 1.2
    endloop
  endfacet
  facet normal -0 0 1
    outer loop
      vertex 128.5 14 1.2
      vertex 129.5 4 1.2
      vertex 129.5 14 1.2
    endloop
  endfacet
  facet normal 0 0 1
    outer loop
      vertex 129.5 4 1.2
      vertex 128.5 14 1.2
      vertex 128.5 4 1.2
    endloop
  endfacet
  facet normal -0 0 1
    outer loop
      vertex 130.1 14 1.2
      vertex 131.1 4 1.2
      vertex 131.1 14 1.2
    endloop
  endfacet
  facet normal 0 0 1
    outer loop
      vertex 131.1 4 1.2
      vertex 130.1 14 1.2
      vertex 130.1 4 1.2
    endloop
  endfacet
  facet normal -0 0 1
    outer loop
      vertex 131.7 14 1.2
      vertex 132.7 4 1.2
      vertex 132.7 14 1.2
    endloop
  endfacet
  facet normal 0 0 1
    outer loop
      vertex 132.7 4 1.2
      vertex 131.7 14 1.2
      vertex 131.7 4 1.2
    endloop
  endfacet
  facet normal -0 0 1
    outer loop
      vertex 133.3 14 1.2
      vertex 134 4 1.2
      vertex 134 14 1.2
    endloop
  endfacet
  facet normal 0 0 1
    outer loop
      vertex 134 4 1.2
      vertex 133.3 14 1.2
      vertex 133.3 4 1.2
    endloop
  endfacet
  facet normal 0 0 -1
    outer loop
      vertex 138 0 0
      vertex 133.3 4 0
      vertex 138 18 0
    endloop
  endfacet
  facet normal 0 0 -1
    outer loop
      vertex 138 0 0
      vertex 132.7 4 0
      vertex 133.3 4 0
    endloop
  endfacet
  facet normal 0 0 -1
    outer loop
      vertex 132.7 4 0
      vertex 131.7 4 0
      vertex 132.7 14 0
    endloop
  endfacet
  facet normal 0 0 -1
    outer loop
      vertex 138 0 0
      vertex 131.7 4 0
      vertex 132.7 4 0
    endloop
  endfacet
  facet normal 0 0 -1
    outer loop
      vertex 138 0 0
      vertex 131.1 4 0
      vertex 131.7 4 0
    endloop
  endfacet
  facet normal 0 0 -1
    outer loop
      vertex 131.1 4 0
      vertex 130.1 4 0
      vertex 131.1 14 0
    endloop
  endfacet
  facet normal 0 0 -1
    outer loop
      vertex 138 0 0
      vertex 130.1 4 0
      vertex 131.1 4 0
    endloop
  endfacet
  facet normal 0 0 -1
    outer loop
      vertex 138 0 0
      vertex 129.5 4 0
      vertex 130.1 4 0
    endloop
  endfacet
  facet normal 0 0 -1
    outer loop
      vertex 129.5 4 0
      vertex 128.5 4 0
      vertex 129.5 14 0
    endloop
  endfacet
  facet normal 0 0 -1
    outer loop
      vertex 138 0 0
      vertex 128.5 4 0
      vertex 129.5 4 0
    endloop
  endfacet
  facet normal 0 0 -1
    outer loop
      vertex 138 0 0
      vertex 127.9 4 0
      vertex 128.5 4 0
    endloop
  endfacet
  facet normal 0 0 -1
    outer loop
      vertex 127.9 4 0
      vertex 126.9 4 0
      vertex 127.9 14 0
    endloop
  endfacet
  facet normal 0 0 -1
    outer loop
      vertex 138 0 0
      vertex 126.9 4 0
      vertex 127.9 4 0
    endloop
  endfacet
  facet normal 0 0 -1
    outer loop
      vertex 138 0 0
      vertex 126.3 4 0
      vertex 126.9 4 0
    endloop
  endfacet
  facet normal 0 0 -1
    outer loop
      vertex 126.3 4 0
      vertex 125.3 4 0
      vertex 126.3 14 0
    endloop
  endfacet
  facet normal 0 0 -1
    outer loop
      vertex 138 0 0
      vertex 125.3 4 0
      vertex 126.3 4 0
    endloop
  endfacet
  facet normal 0 0 -1
    outer loop
      vertex 138 0 0
      vertex 124.7 4 0
      vertex 125.3 4 0
    endloop
  endfacet
  facet normal 0 0 -1
    outer loop
      vertex 124.7 4 0
      vertex 123.7 4 0
      vertex 124.7 14 0
    endloop
  endfacet
  facet normal 0 0 -1
    outer loop
      vertex 138 0 0
      vertex 123.7 4 0
      vertex 124.7 4 0
    endloop
  endfacet
  facet normal 0 0 -1
    outer loop
      vertex 138 0 0
      vertex 123.1 4 0
      vertex 123.7 4 0
    endloop
  endfacet
  facet normal 0 0 -1
    outer loop
      vertex 123.1 4 0
      vertex 122.1 4 0
      vertex 123.1 14 0
    endloop
  endfacet
  facet normal 0 0 -1
    outer loop
      vertex 138 0 0
      vertex 122.1 4 0
      vertex 123.1 4 0
    endloop
  endfacet
  facet normal 0 0 -1
    outer loop
      vertex 138 0 0
      vertex 121.5 4 0
      vertex 122.1 4 0
    endloop
  endfacet
  facet normal 0 0 -1
    outer loop
      vertex 121.5 4 0
      vertex 120.5 4 0
      vertex 121.5 14 0
    endloop
  endfacet
  facet normal 0 0 -1
    outer loop
      vertex 138 0 0
      vertex 120.5 4 0
      vertex 121.5 4 0
    endloop
  endfacet
  facet normal 0 0 -1
    outer loop
      vertex 138 0 0
      vertex 119.9 4 0
      vertex 120.5 4 0
    endloop
  endfacet
  facet normal 0 0 -1
    outer loop
      vertex 119.9 4 0
      vertex 118.9 4 0
      vertex 119.9 14 0
    endloop
  endfacet
  facet normal 0 0 -1
    outer loop
      vertex 138 0 0
      vertex 118.9 4 0
      vertex 119.9 4 0
    endloop
  endfacet
  facet normal 0 0 -1
    outer loop
      vertex 138 0 0
      vertex 118.3 4 0
      vertex 118.9 4 0
    endloop
  endfacet
  facet normal 0 0 -1
    outer loop
      vertex 118.3 4 0
      vertex 117.3 4 0
      vertex 118.3 14 0
    endloop
  endfacet
  facet normal 0 0 -1
    outer loop
      vertex 138 0 0
      vertex 117.3 4 0
      vertex 118.3 4 0
    endloop
  endfacet
  facet normal 0 0 -1
    outer loop
      vertex 138 0 0
      vertex 116.7 4 0
      vertex 117.3 4 0
    endloop
  endfacet
  facet normal 0 0 -1
    outer loop
      vertex 116.7 4 0
      vertex 115.7 4 0
      vertex 116.7 14 0
    endloop
  endfacet
  facet normal 0 0 -1
    outer loop
      vertex 138 0 0
      vertex 115.7 4 0
      vertex 116.7 4 0
    endloop
  endfacet
  facet normal 0 0 -1
    outer loop
      vertex 138 0 0
      vertex 115.1 4 0
      vertex 115.7 4 0
    endloop
  endfacet
  facet normal 0 0 -1
    outer loop
      vertex 115.1 4 0
      vertex 114.1 4 0
      vertex 115.1 14 0
    endloop
  endfacet
  facet normal 0 0 -1
    outer loop
      vertex 138 0 0
      vertex 114.1 4 0
      vertex 115.1 4 0
    endloop
  endfacet
  facet normal 0 0 -1
    outer loop
      vertex 138 0 0
      vertex 113.5 4 0
      vertex 114.1 4 0
    endloop
  endfacet
  facet normal 0 0 -1
    outer loop
      vertex 113.5 4 0
      vertex 112.5 4 0
      vertex 113.5 14 0
    endloop
  endfacet
  facet normal 0 0 -1
    outer loop
      vertex 138 0 0
      vertex 112.5 4 0
      vertex 113.5 4 0
    endloop
  endfacet
  facet normal 0 0 -1
    outer loop
      vertex 138 0 0
      vertex 111.9 4 0
      vertex 112.5 4 0
    endloop
  endfacet
  facet normal 0 0 -1
    outer loop
      vertex 111.9 4 0
      vertex 110.9 4 0
      vertex 111.9 14 0
    endloop
  endfacet
  facet normal 0 0 -1
    outer loop
      vertex 138 0 0
      vertex 110.9 4 0
      vertex 111.9 4 0
    endloop
  endfacet
  facet normal 0 0 -1
    outer loop
      vertex 138 0 0
      vertex 110.3 4 0
      vertex 110.9 4 0
    endloop
  endfacet
  facet normal 0 0 -1
    outer loop
      vertex 110.3 4 0
      vertex 109.3 4 0
      vertex 110.3 14 0
    endloop
  endfacet
  facet normal 0 0 -1
    outer loop
      vertex 138 0 0
      vertex 109.3 4 0
      vertex 110.3 4 0
    endloop
  endfacet
  facet normal 0 0 -1
    outer loop
      vertex 138 0 0
      vertex 108.7 4 0
      vertex 109.3 4 0
    endloop
  endfacet
  facet normal 0 0 -1
    outer loop
      vertex 108.7 4 0
      vertex 107.7 4 0
      vertex 108.7 14 0
    endloop
  endfacet
  facet normal 0 0 -1
    outer loop
      vertex 138 0 0
      vertex 107.7 4 0
      vertex 108.7 4 0
    endloop
  endfacet
  facet normal 0 0 -1
    outer loop
      vertex 138 0 0
      vertex 107.1 4 0
      vertex 107.7 4 0
    endloop
  endfacet
  facet normal 0 0 -1
    outer loop
      vertex 107.1 4 0
      vertex 106.1 4 0
      vertex 107.1 14 0
    endloop
  endfacet
  facet normal 0 0 -1
    outer loop
      vertex 138 0 0
      vertex 106.1 4 0
      vertex 107.1 4 0
    endloop
  endfacet
  facet normal 0 0 -1
    outer loop
      vertex 138 0 0
      vertex 105.5 4 0
      vertex 106.1 4 0
    endloop
  endfacet
  facet normal 0 0 -1
    outer loop
      vertex 105.5 4 0
      vertex 104.5 4 0
      vertex 105.5 14 0
    endloop
  endfacet
  facet normal 0 0 -1
    outer loop
      vertex 138 0 0
      vertex 104.5 4 0
      vertex 105.5 4 0
    endloop
  endfacet
  facet normal 0 0 -1
    outer loop
      vertex 138 0 0
      vertex 103.9 4 0
      vertex 104.5 4 0
    endloop
  endfacet
  facet normal 0 0 -1
    outer loop
      vertex 103.9 4 0
      vertex 102.9 4 0
      vertex 103.9 14 0
    endloop
  endfacet
  facet normal 0 0 -1
    outer loop
      vertex 72 0 0
      vertex 103.9 4 0
      vertex 138 0 0
    endloop
  endfacet
  facet normal -0 0 -1
    outer loop
      vertex 103.9 4 0
      vertex 72 0 0
      vertex 102.9 4 0
    endloop
  endfacet
  facet normal 0 0 -1
    outer loop
      vertex 102.3 4 0
      vertex 101.3 4 0
      vertex 102.3 14 0
    endloop
  endfacet
  facet normal -0 0 -1
    outer loop
      vertex 102.9 4 0
      vertex 72 0 0
      vertex 102.3 4 0
    endloop
  endfacet
  facet normal -0 0 -1
    outer loop
      vertex 102.3 4 0
      vertex 72 0 0
      vertex 101.3 4 0
    endloop
  endfacet
  facet normal 0 0 -1
    outer loop
      vertex 100.7 4 0
      vertex 99.7 4 0
      vertex 100.7 14 0
    endloop
  endfacet
  facet normal -0 0 -1
    outer loop
      vertex 101.3 4 0
      vertex 72 0 0
      vertex 100.7 4 0
    endloop
  endfacet
  facet normal -0 0 -1
    outer loop
      vertex 100.7 4 0
      vertex 72 0 0
      vertex 99.7 4 0
    endloop
  endfacet
  facet normal 0 0 -1
    outer loop
      vertex 99.1 4 0
      vertex 98.1 4 0
      vertex 99.1 14 0
    endloop
  endfacet
  facet normal -0 0 -1
    outer loop
      vertex 99.7 4 0
      vertex 72 0 0
      vertex 99.1 4 0
    endloop
  endfacet
  facet normal -0 0 -1
    outer loop
      vertex 99.1 4 0
      vertex 72 0 0
      vertex 98.1 4 0
    endloop
  endfacet
  facet normal 0 0 -1
    outer loop
      vertex 97.5 4 0
      vertex 96.5 4 0
      vertex 97.5 14 0
    endloop
  endfacet
  facet normal -0 0 -1
    outer loop
      vertex 98.1 4 0
      vertex 72 0 0
      vertex 97.5 4 0
    endloop
  endfacet
  facet normal -0 0 -1
    outer loop
      vertex 97.5 4 0
      vertex 72 0 0
      vertex 96.5 4 0
    endloop
  endfacet
  facet normal 0 0 -1
    outer loop
      vertex 95.9 4 0
      vertex 94.9 4 0
      vertex 95.9 14 0
    endloop
  endfacet
  facet normal -0 0 -1
    outer loop
      vertex 96.5 4 0
      vertex 72 0 0
      vertex 95.9 4 0
    endloop
  endfacet
  facet normal -0 0 -1
    outer loop
      vertex 95.9 4 0
      vertex 72 0 0
      vertex 94.9 4 0
    endloop
  endfacet
  facet normal 0 0 -1
    outer loop
      vertex 94.3 4 0
      vertex 93.3 4 0
      vertex 94.3 14 0
    endloop
  endfacet
  facet normal -0 0 -1
    outer loop
      vertex 94.9 4 0
      vertex 72 0 0
      vertex 94.3 4 0
    endloop
  endfacet
  facet normal -0 0 -1
    outer loop
      vertex 94.3 4 0
      vertex 72 0 0
      vertex 93.3 4 0
    endloop
  endfacet
  facet normal 0 0 -1
    outer loop
      vertex 92.7 4 0
      vertex 91.7 4 0
      vertex 92.7 14 0
    endloop
  endfacet
  facet normal -0 0 -1
    outer loop
      vertex 93.3 4 0
      vertex 72 0 0
      vertex 92.7 4 0
    endloop
  endfacet
  facet normal -0 0 -1
    outer loop
      vertex 92.7 4 0
      vertex 72 0 0
      vertex 91.7 4 0
    endloop
  endfacet
  facet normal 0 0 -1
    outer loop
      vertex 91.1 4 0
      vertex 90.1 4 0
      vertex 91.1 14 0
    endloop
  endfacet
  facet normal -0 0 -1
    outer loop
      vertex 91.7 4 0
      vertex 72 0 0
      vertex 91.1 4 0
    endloop
  endfacet
  facet normal -0 0 -1
    outer loop
      vertex 91.1 4 0
      vertex 72 0 0
      vertex 90.1 4 0
    endloop
  endfacet
  facet normal 0 0 -1
    outer loop
      vertex 89.5 4 0
      vertex 88.5 4 0
      vertex 89.5 14 0
    endloop
  endfacet
  facet normal -0 0 -1
    outer loop
      vertex 90.1 4 0
      vertex 72 0 0
      vertex 89.5 4 0
    endloop
  endfacet
  facet normal -0 0 -1
    outer loop
      vertex 89.5 4 0
      vertex 72 0 0
      vertex 88.5 4 0
    endloop
  endfacet
  facet normal 0 0 -1
    outer loop
      vertex 87.9 4 0
      vertex 86.9 4 0
      vertex 87.9 14 0
    endloop
  endfacet
  facet normal -0 0 -1
    outer loop
      vertex 88.5 4 0
      vertex 72 0 0
      vertex 87.9 4 0
    endloop
  endfacet
  facet normal -0 0 -1
    outer loop
      vertex 87.9 4 0
      vertex 72 0 0
      vertex 86.9 4 0
    endloop
  endfacet
  facet normal 0 0 -1
    outer loop
      vertex 86.3 4 0
      vertex 85.3 4 0
      vertex 86.3 14 0
    endloop
  endfacet
  facet normal -0 0 -1
    outer loop
      vertex 86.9 4 0
      vertex 72 0 0
      vertex 86.3 4 0
    endloop
  endfacet
  facet normal -0 0 -1
    outer loop
      vertex 86.3 4 0
      vertex 72 0 0
      vertex 85.3 4 0
    endloop
  endfacet
  facet normal 0 0 -1
    outer loop
      vertex 84.7 4 0
      vertex 83.7 4 0
      vertex 84.7 14 0
    endloop
  endfacet
  facet normal -0 0 -1
    outer loop
      vertex 85.3 4 0
      vertex 72 0 0
      vertex 84.7 4 0
    endloop
  endfacet
  facet normal -0 0 -1
    outer loop
      vertex 84.7 4 0
      vertex 72 0 0
      vertex 83.7 4 0
    endloop
  endfacet
  facet normal 0 0 -1
    outer loop
      vertex 83.1 4 0
      vertex 82.1 4 0
      vertex 83.1 14 0
    endloop
  endfacet
  facet normal -0 0 -1
    outer loop
      vertex 83.7 4 0
      vertex 72 0 0
      vertex 83.1 4 0
    endloop
  endfacet
  facet normal -0 0 -1
    outer loop
      vertex 83.1 4 0
      vertex 72 0 0
      vertex 82.1 4 0
    endloop
  endfacet
  facet normal 0 0 -1
    outer loop
      vertex 81.5 4 0
      vertex 80.5 4 0
      vertex 81.5 14 0
    endloop
  endfacet
  facet normal -0 0 -1
    outer loop
      vertex 82.1 4 0
      vertex 72 0 0
      vertex 81.5 4 0
    endloop
  endfacet
  facet normal -0 0 -1
    outer loop
      vertex 81.5 4 0
      vertex 72 0 0
      vertex 80.5 4 0
    endloop
  endfacet
  facet normal 0 0 -1
    outer loop
      vertex 79.9 4 0
      vertex 78.9 4 0
      vertex 79.9 14 0
    endloop
  endfacet
  facet normal -0 0 -1
    outer loop
      vertex 80.5 4 0
      vertex 72 0 0
      vertex 79.9 4 0
    endloop
  endfacet
  facet normal -0 0 -1
    outer loop
      vertex 79.9 4 0
      vertex 72 0 0
      vertex 78.9 4 0
    endloop
  endfacet
  facet normal 0 0 -1
    outer loop
      vertex 78.3 4 0
      vertex 77.3 4 0
      vertex 78.3 14 0
    endloop
  endfacet
  facet normal -0 0 -1
    outer loop
      vertex 78.9 4 0
      vertex 72 0 0
      vertex 78.3 4 0
    endloop
  endfacet
  facet normal -0 0 -1
    outer loop
      vertex 78.3 4 0
      vertex 72 0 0
      vertex 77.3 4 0
    endloop
  endfacet
  facet normal -0 0 -1
    outer loop
      vertex 76.7 4 0
      vertex 72 0 0
      vertex 76.7 14 0
    endloop
  endfacet
  facet normal -0 0 -1
    outer loop
      vertex 77.3 4 0
      vertex 72 0 0
      vertex 76.7 4 0
    endloop
  endfacet
  facet normal 0 0 -1
    outer loop
      vertex 133.3 14 0
      vertex 138 18 0
      vertex 133.3 4 0
    endloop
  endfacet
  facet normal 0 0 -1
    outer loop
      vertex 132.7 14 0
      vertex 138 18 0
      vertex 133.3 14 0
    endloop
  endfacet
  facet normal 0 0 -1
    outer loop
      vertex 131.7 14 0
      vertex 132.7 14 0
      vertex 131.7 4 0
    endloop
  endfacet
  facet normal 0 0 -1
    outer loop
      vertex 131.7 14 0
      vertex 138 18 0
      vertex 132.7 14 0
    endloop
  endfacet
  facet normal 0 0 -1
    outer loop
      vertex 131.1 14 0
      vertex 138 18 0
      vertex 131.7 14 0
    endloop
  endfacet
  facet normal 0 0 -1
    outer loop
      vertex 130.1 14 0
      vertex 131.1 14 0
      vertex 130.1 4 0
    endloop
  endfacet
  facet normal 0 0 -1
    outer loop
      vertex 130.1 14 0
      vertex 138 18 0
      vertex 131.1 14 0
    endloop
  endfacet
  facet normal 0 0 -1
    outer loop
      vertex 129.5 14 0
      vertex 138 18 0
      vertex 130.1 14 0
    endloop
  endfacet
  facet normal 0 0 -1
    outer loop
      vertex 128.5 14 0
      vertex 129.5 14 0
      vertex 128.5 4 0
    endloop
  endfacet
  facet normal 0 0 -1
    outer loop
      vertex 128.5 14 0
      vertex 138 18 0
      vertex 129.5 14 0
    endloop
  endfacet
  facet normal 0 0 -1
    outer loop
      vertex 127.9 14 0
      vertex 138 18 0
      vertex 128.5 14 0
    endloop
  endfacet
  facet normal 0 0 -1
    outer loop
      vertex 126.9 14 0
      vertex 127.9 14 0
      vertex 126.9 4 0
    endloop
  endfacet
  facet normal 0 0 -1
    outer loop
      vertex 126.9 14 0
      vertex 138 18 0
      vertex 127.9 14 0
    endloop
  endfacet
  facet normal 0 0 -1
    outer loop
      vertex 126.3 14 0
      vertex 138 18 0
      vertex 126.9 14 0
    endloop
  endfacet
  facet normal 0 0 -1
    outer loop
      vertex 125.3 14 0
      vertex 126.3 14 0
      vertex 125.3 4 0
    endloop
  endfacet
  facet normal 0 0 -1
    outer loop
      vertex 125.3 14 0
      vertex 138 18 0
      vertex 126.3 14 0
    endloop
  endfacet
  facet normal 0 0 -1
    outer loop
      vertex 124.7 14 0
      vertex 138 18 0
      vertex 125.3 14 0
    endloop
  endfacet
  facet normal 0 0 -1
    outer loop
      vertex 123.7 14 0
      vertex 124.7 14 0
      vertex 123.7 4 0
    endloop
  endfacet
  facet normal 0 0 -1
    outer loop
      vertex 123.7 14 0
      vertex 138 18 0
      vertex 124.7 14 0
    endloop
  endfacet
  facet normal 0 0 -1
    outer loop
      vertex 123.1 14 0
      vertex 138 18 0
      vertex 123.7 14 0
    endloop
  endfacet
  facet normal 0 0 -1
    outer loop
      vertex 122.1 14 0
      vertex 123.1 14 0
      vertex 122.1 4 0
    endloop
  endfacet
  facet normal 0 0 -1
    outer loop
      vertex 122.1 14 0
      vertex 138 18 0
      vertex 123.1 14 0
    endloop
  endfacet
  facet normal 0 0 -1
    outer loop
      vertex 121.5 14 0
      vertex 138 18 0
      vertex 122.1 14 0
    endloop
  endfacet
  facet normal 0 0 -1
    outer loop
      vertex 120.5 14 0
      vertex 121.5 14 0
      vertex 120.5 4 0
    endloop
  endfacet
  facet normal 0 0 -1
    outer loop
      vertex 120.5 14 0
      vertex 138 18 0
      vertex 121.5 14 0
    endloop
  endfacet
  facet normal 0 0 -1
    outer loop
      vertex 119.9 14 0
      vertex 138 18 0
      vertex 120.5 14 0
    endloop
  endfacet
  facet normal 0 0 -1
    outer loop
      vertex 118.9 14 0
      vertex 119.9 14 0
      vertex 118.9 4 0
    endloop
  endfacet
  facet normal 0 0 -1
    outer loop
      vertex 118.9 14 0
      vertex 138 18 0
      vertex 119.9 14 0
    endloop
  endfacet
  facet normal 0 0 -1
    outer loop
      vertex 118.3 14 0
      vertex 138 18 0
      vertex 118.9 14 0
    endloop
  endfacet
  facet normal 0 0 -1
    outer loop
      vertex 117.3 14 0
      vertex 118.3 14 0
      vertex 117.3 4 0
    endloop
  endfacet
  facet normal 0 0 -1
    outer loop
      vertex 117.3 14 0
      vertex 138 18 0
      vertex 118.3 14 0
    endloop
  endfacet
  facet normal 0 0 -1
    outer loop
      vertex 116.7 14 0
      vertex 138 18 0
      vertex 117.3 14 0
    endloop
  endfacet
  facet normal 0 0 -1
    outer loop
      vertex 115.7 14 0
      vertex 116.7 14 0
      vertex 115.7 4 0
    endloop
  endfacet
  facet normal 0 0 -1
    outer loop
      vertex 115.7 14 0
      vertex 138 18 0
      vertex 116.7 14 0
    endloop
  endfacet
  facet normal 0 0 -1
    outer loop
      vertex 115.1 14 0
      vertex 138 18 0
      vertex 115.7 14 0
    endloop
  endfacet
  facet normal 0 0 -1
    outer loop
      vertex 114.1 14 0
      vertex 115.1 14 0
      vertex 114.1 4 0
    endloop
  endfacet
  facet normal 0 0 -1
    outer loop
      vertex 114.1 14 0
      vertex 138 18 0
      vertex 115.1 14 0
    endloop
  endfacet
  facet normal 0 0 -1
    outer loop
      vertex 113.5 14 0
      vertex 138 18 0
      vertex 114.1 14 0
    endloop
  endfacet
  facet normal 0 0 -1
    outer loop
      vertex 112.5 14 0
      vertex 113.5 14 0
      vertex 112.5 4 0
    endloop
  endfacet
  facet normal 0 0 -1
    outer loop
      vertex 112.5 14 0
      vertex 138 18 0
      vertex 113.5 14 0
    endloop
  endfacet
  facet normal 0 0 -1
    outer loop
      vertex 111.9 14 0
      vertex 138 18 0
      vertex 112.5 14 0
    endloop
  endfacet
  facet normal 0 0 -1
    outer loop
      vertex 110.9 14 0
      vertex 111.9 14 0
      vertex 110.9 4 0
    endloop
  endfacet
  facet normal 0 0 -1
    outer loop
      vertex 110.9 14 0
      vertex 138 18 0
      vertex 111.9 14 0
    endloop
  endfacet
  facet normal 0 0 -1
    outer loop
      vertex 110.3 14 0
      vertex 138 18 0
      vertex 110.9 14 0
    endloop
  endfacet
  facet normal 0 0 -1
    outer loop
      vertex 109.3 14 0
      vertex 110.3 14 0
      vertex 109.3 4 0
    endloop
  endfacet
  facet normal 0 0 -1
    outer loop
      vertex 109.3 14 0
      vertex 138 18 0
      vertex 110.3 14 0
    endloop
  endfacet
  facet normal 0 0 -1
    outer loop
      vertex 108.7 14 0
      vertex 138 18 0
      vertex 109.3 14 0
    endloop
  endfacet
  facet normal 0 0 -1
    outer loop
      vertex 107.7 14 0
      vertex 108.7 14 0
      vertex 107.7 4 0
    endloop
  endfacet
  facet normal 0 0 -1
    outer loop
      vertex 107.7 14 0
      vertex 138 18 0
      vertex 108.7 14 0
    endloop
  endfacet
  facet normal 0 0 -1
    outer loop
      vertex 107.1 14 0
      vertex 138 18 0
      vertex 107.7 14 0
    endloop
  endfacet
  facet normal 0 0 -1
    outer loop
      vertex 106.1 14 0
      vertex 107.1 14 0
      vertex 106.1 4 0
    endloop
  endfacet
  facet normal 0 0 -1
    outer loop
      vertex 106.1 14 0
      vertex 138 18 0
      vertex 107.1 14 0
    endloop
  endfacet
  facet normal 0 0 -1
    outer loop
      vertex 105.5 14 0
      vertex 138 18 0
      vertex 106.1 14 0
    endloop
  endfacet
  facet normal 0 0 -1
    outer loop
      vertex 104.5 14 0
      vertex 105.5 14 0
      vertex 104.5 4 0
    endloop
  endfacet
  facet normal 0 0 -1
    outer loop
      vertex 104.5 14 0
      vertex 138 18 0
      vertex 105.5 14 0
    endloop
  endfacet
  facet normal 0 0 -1
    outer loop
      vertex 103.9 14 0
      vertex 138 18 0
      vertex 104.5 14 0
    endloop
  endfacet
  facet normal 0 0 -1
    outer loop
      vertex 102.9 14 0
      vertex 103.9 14 0
      vertex 102.9 4 0
    endloop
  endfacet
  facet normal 0 0 -1
    outer loop
      vertex 72 18 0
      vertex 103.9 14 0
      vertex 102.9 14 0
    endloop
  endfacet
  facet normal 0 0 -1
    outer loop
      vertex 72 18 0
      vertex 102.9 14 0
      vertex 102.3 14 0
    endloop
  endfacet
  facet normal 0 0 -1
    outer loop
      vertex 101.3 14 0
      vertex 102.3 14 0
      vertex 101.3 4 0
    endloop
  endfacet
  facet normal 0 0 -1
    outer loop
      vertex 72 18 0
      vertex 102.3 14 0
      vertex 101.3 14 0
    endloop
  endfacet
  facet normal 0 0 -1
    outer loop
      vertex 72 18 0
      vertex 101.3 14 0
      vertex 100.7 14 0
    endloop
  endfacet
  facet normal 0 0 -1
    outer loop
      vertex 99.7 14 0
      vertex 100.7 14 0
      vertex 99.7 4 0
    endloop
  endfacet
  facet normal 0 0 -1
    outer loop
      vertex 72 18 0
      vertex 100.7 14 0
      vertex 99.7 14 0
    endloop
  endfacet
  facet normal 0 0 -1
    outer loop
      vertex 72 18 0
      vertex 99.7 14 0
      vertex 99.1 14 0
    endloop
  endfacet
  facet normal 0 0 -1
    outer loop
      vertex 98.1 14 0
      vertex 99.1 14 0
      vertex 98.1 4 0
    endloop
  endfacet
  facet normal 0 0 -1
    outer loop
      vertex 72 18 0
      vertex 99.1 14 0
      vertex 98.1 14 0
    endloop
  endfacet
  facet normal 0 0 -1
    outer loop
      vertex 72 18 0
      vertex 98.1 14 0
      vertex 97.5 14 0
    endloop
  endfacet
  facet normal 0 0 -1
    outer loop
      vertex 96.5 14 0
      vertex 97.5 14 0
      vertex 96.5 4 0
    endloop
  endfacet
  facet normal 0 0 -1
    outer loop
      vertex 72 18 0
      vertex 97.5 14 0
      vertex 96.5 14 0
    endloop
  endfacet
  facet normal 0 0 -1
    outer loop
      vertex 72 18 0
      vertex 96.5 14 0
      vertex 95.9 14 0
    endloop
  endfacet
  facet normal 0 0 -1
    outer loop
      vertex 94.9 14 0
      vertex 95.9 14 0
      vertex 94.9 4 0
    endloop
  endfacet
  facet normal 0 0 -1
    outer loop
      vertex 72 18 0
      vertex 95.9 14 0
      vertex 94.9 14 0
    endloop
  endfacet
  facet normal 0 0 -1
    outer loop
      vertex 72 18 0
      vertex 94.9 14 0
      vertex 94.3 14 0
    endloop
  endfacet
  facet normal 0 0 -1
    outer loop
      vertex 93.3 14 0
      vertex 94.3 14 0
      vertex 93.3 4 0
    endloop
  endfacet
  facet normal 0 0 -1
    outer loop
      vertex 72 18 0
      vertex 94.3 14 0
      vertex 93.3 14 0
    endloop
  endfacet
  facet normal 0 0 -1
    outer loop
      vertex 72 18 0
      vertex 93.3 14 0
      vertex 92.7 14 0
    endloop
  endfacet
  facet normal 0 0 -1
    outer loop
      vertex 91.7 14 0
      vertex 92.7 14 0
      vertex 91.7 4 0
    endloop
  endfacet
  facet normal 0 0 -1
    outer loop
      vertex 72 18 0
      vertex 92.7 14 0
      vertex 91.7 14 0
    endloop
  endfacet
  facet normal 0 0 -1
    outer loop
      vertex 72 18 0
      vertex 91.7 14 0
      vertex 91.1 14 0
    endloop
  endfacet
  facet normal 0 0 -1
    outer loop
      vertex 90.1 14 0
      vertex 91.1 14 0
      vertex 90.1 4 0
    endloop
  endfacet
  facet normal 0 0 -1
    outer loop
      vertex 72 18 0
      vertex 91.1 14 0
      vertex 90.1 14 0
    endloop
  endfacet
  facet normal 0 0 -1
    outer loop
      vertex 72 18 0
      vertex 90.1 14 0
      vertex 89.5 14 0
    endloop
  endfacet
  facet normal 0 0 -1
    outer loop
      vertex 88.5 14 0
      vertex 89.5 14 0
      vertex 88.5 4 0
    endloop
  endfacet
  facet normal 0 0 -1
    outer loop
      vertex 72 18 0
      vertex 89.5 14 0
      vertex 88.5 14 0
    endloop
  endfacet
  facet normal 0 0 -1
    outer loop
      vertex 72 18 0
      vertex 88.5 14 0
      vertex 87.9 14 0
    endloop
  endfacet
  facet normal 0 0 -1
    outer loop
      vertex 86.9 14 0
      vertex 87.9 14 0
      vertex 86.9 4 0
    endloop
  endfacet
  facet normal 0 0 -1
    outer loop
      vertex 72 18 0
      vertex 87.9 14 0
      vertex 86.9 14 0
    endloop
  endfacet
  facet normal 0 0 -1
    outer loop
      vertex 72 18 0
      vertex 86.9 14 0
      vertex 86.3 14 0
    endloop
  endfacet
  facet normal 0 0 -1
    outer loop
      vertex 85.3 14 0
      vertex 86.3 14 0
      vertex 85.3 4 0
    endloop
  endfacet
  facet normal 0 0 -1
    outer loop
      vertex 72 18 0
      vertex 86.3 14 0
      vertex 85.3 14 0
    endloop
  endfacet
  facet normal 0 0 -1
    outer loop
      vertex 72 18 0
      vertex 85.3 14 0
      vertex 84.7 14 0
    endloop
  endfacet
  facet normal 0 0 -1
    outer loop
      vertex 83.7 14 0
      vertex 84.7 14 0
      vertex 83.7 4 0
    endloop
  endfacet
  facet normal 0 0 -1
    outer loop
      vertex 72 18 0
      vertex 84.7 14 0
      vertex 83.7 14 0
    endloop
  endfacet
  facet normal 0 0 -1
    outer loop
      vertex 72 18 0
      vertex 83.7 14 0
      vertex 83.1 14 0
    endloop
  endfacet
  facet normal 0 0 -1
    outer loop
      vertex 82.1 14 0
      vertex 83.1 14 0
      vertex 82.1 4 0
    endloop
  endfacet
  facet normal 0 0 -1
    outer loop
      vertex 72 18 0
      vertex 83.1 14 0
      vertex 82.1 14 0
    endloop
  endfacet
  facet normal 0 0 -1
    outer loop
      vertex 72 18 0
      vertex 82.1 14 0
      vertex 81.5 14 0
    endloop
  endfacet
  facet normal 0 0 -1
    outer loop
      vertex 80.5 14 0
      vertex 81.5 14 0
      vertex 80.5 4 0
    endloop
  endfacet
  facet normal 0 0 -1
    outer loop
      vertex 72 18 0
      vertex 81.5 14 0
      vertex 80.5 14 0
    endloop
  endfacet
  facet normal 0 0 -1
    outer loop
      vertex 72 18 0
      vertex 80.5 14 0
      vertex 79.9 14 0
    endloop
  endfacet
  facet normal 0 0 -1
    outer loop
      vertex 78.9 14 0
      vertex 79.9 14 0
      vertex 78.9 4 0
    endloop
  endfacet
  facet normal 0 0 -1
    outer loop
      vertex 72 18 0
      vertex 79.9 14 0
      vertex 78.9 14 0
    endloop
  endfacet
  facet normal 0 0 -1
    outer loop
      vertex 72 18 0
      vertex 78.9 14 0
      vertex 78.3 14 0
    endloop
  endfacet
  facet normal 0 0 -1
    outer loop
      vertex 77.3 14 0
      vertex 78.3 14 0
      vertex 77.3 4 0
    endloop
  endfacet
  facet normal 0 0 -1
    outer loop
      vertex 72 18 0
      vertex 78.3 14 0
      vertex 77.3 14 0
    endloop
  endfacet
  facet normal 0 0 -1
    outer loop
      vertex 72 18 0
      vertex 77.3 14 0
      vertex 76.7 14 0
    endloop
  endfacet
  facet normal 0 0 -1
    outer loop
      vertex 103.9 14 0
      vertex 72 18 0
      vertex 138 18 0
    endloop
  endfacet
  facet normal 0 0 -1
    outer loop
      vertex 72 18 0
      vertex 76.7 14 0
      vertex 72 0 0
    endloop
  endfacet
  facet normal -1 0 0
    outer loop
      vertex 72 0 0
      vertex 72 18 1.2
      vertex 72 18 0
    endloop
  endfacet
  facet normal -1 -0 0
    outer loop
      vertex 72 18 1.2
      vertex 72 0 0
      vertex 72 0 1.2
    endloop
  endfacet
  facet normal 0 1 -0
    outer loop
      vertex 138 18 0
      vertex 72 18 1.2
      vertex 138 18 1.2
    endloop
  endfacet
  facet normal 0 1 0
    outer loop
      vertex 72 18 1.2
      vertex 138 18 0
      vertex 72 18 0
    endloop
  endfacet
  facet normal 0 -1 0
    outer loop
      vertex 72 0 0
      vertex 138 0 1.2
      vertex 72 0 1.2
    endloop
  endfacet
  facet normal 0 -1 -0
    outer loop
      vertex 138 0 1.2
      vertex 72 0 0
      vertex 138 0 0
    endloop
  endfacet
  facet normal 0 0 1
    outer loop
      vertex 136 16 4
      vertex 134 14 4
      vertex 136 2 4
    endloop
  endfacet
  facet normal 0 0 1
    outer loop
      vertex 136 16 4
      vertex 76 14 4
      vertex 134 14 4
    endloop
  endfacet
  facet normal 0 0 1
    outer loop
      vertex 76 14 4
      vertex 74 16 4
      vertex 76 4 4
    endloop
  endfacet
  facet normal -0 0 1
    outer loop
      vertex 74 16 4
      vertex 76 14 4
      vertex 136 16 4
    endloop
  endfacet
  facet normal -0 0 1
    outer loop
      vertex 134 4 4
      vertex 136 2 4
      vertex 134 14 4
    endloop
  endfacet
  facet normal -0 0 1
    outer loop
      vertex 76 4 4
      vertex 136 2 4
      vertex 134 4 4
    endloop
  endfacet
  facet normal 0 0 1
    outer loop
      vertex 76 4 4
      vertex 74 2 4
      vertex 136 2 4
    endloop
  endfacet
  facet normal 0 0 1
    outer loop
      vertex 74 2 4
      vertex 76 4 4
      vertex 74 16 4
    endloop
  endfacet
  facet normal 0 1 -0
    outer loop
      vertex 136 16 1.2
      vertex 74 16 4
      vertex 136 16 4
    endloop
  endfacet
  facet normal 0 1 0
    outer loop
      vertex 74 16 4
      vertex 136 16 1.2
      vertex 74 16 1.2
    endloop
  endfacet
  facet normal -1 0 0
    outer loop
      vertex 74 2 1.2
      vertex 74 16 4
      vertex 74 16 1.2
    endloop
  endfacet
  facet normal -1 -0 0
    outer loop
      vertex 74 16 4
      vertex 74 2 1.2
      vertex 74 2 4
    endloop
  endfacet
  facet normal 0 -1 0
    outer loop
      vertex 74 2 1.2
      vertex 136 2 4
      vertex 74 2 4
    endloop
  endfacet
  facet normal 0 -1 -0
    outer loop
      vertex 136 2 4
      vertex 74 2 1.2
      vertex 136 2 1.2
    endloop
  endfacet
  facet normal 1 -0 0
    outer loop
      vertex 136 2 4
      vertex 136 16 1.2
      vertex 136 16 4
    endloop
  endfacet
  facet normal 1 0 0
    outer loop
      vertex 136 16 1.2
      vertex 136 2 4
      vertex 136 2 1.2
    endloop
  endfacet
  facet normal 1 -0 0
    outer loop
      vertex 76 4 4
      vertex 76 14 1.2
      vertex 76 14 4
    endloop
  endfacet
  facet normal 1 0 0
    outer loop
      vertex 76 14 1.2
      vertex 76 4 4
      vertex 76 4 1.2
    endloop
  endfacet
  facet normal -1 0 0
    outer loop
      vertex 134 4 1.2
      vertex 134 14 4
      vertex 134 14 1.2
    endloop
  endfacet
  facet normal -1 -0 0
    outer loop
      vertex 134 14 4
      vertex 134 4 1.2
      vertex 134 4 4
    endloop
  endfacet
  facet normal -1 0 0
    outer loop
      vertex 5.3 28 0
      vertex 5.3 38 1.1
      vertex 5.3 38 0
    endloop
  endfacet
  facet normal -1 0 0
    outer loop
      vertex 5.3 28 1.1
      vertex 5.3 38 1.1
      vertex 5.3 28 0
    endloop
  endfacet
  facet normal -1 0 0
    outer loop
      vertex 5.3 38 1.1
      vertex 5.3 28 1.1
      vertex 5.3 38 1.2
    endloop
  endfacet
  facet normal -1 -0 0
    outer loop
      vertex 5.3 38 1.2
      vertex 5.3 28 1.1
      vertex 5.3 28 1.2
    endloop
  endfacet
  facet normal 1 0 0
    outer loop
      vertex 4.7 28 1.1
      vertex 4.7 38 1.1
      vertex 4.7 38 1.2
    endloop
  endfacet
  facet normal 1 0 0
    outer loop
      vertex 4.7 28 1.1
      vertex 4.7 38 1.2
      vertex 4.7 28 1.2
    endloop
  endfacet
  facet normal 1 0 0
    outer loop
      vertex 4.7 38 1.1
      vertex 4.7 28 1.1
      vertex 4.7 38 0
    endloop
  endfacet
  facet normal 1 0 0
    outer loop
      vertex 4.7 38 0
      vertex 4.7 28 1.1
      vertex 4.7 28 0
    endloop
  endfacet
  facet normal 0 -1 0
    outer loop
      vertex 60.7 38 1.1
      vertex 61.3 38 1.2
      vertex 60.7 38 1.2
    endloop
  endfacet
  facet normal 0 -1 -0
    outer loop
      vertex 61.3 38 1.2
      vertex 60.7 38 1.1
      vertex 61.3 38 1.1
    endloop
  endfacet
  facet normal 0 -1 0
    outer loop
      vertex 59.1 38 1.1
      vertex 59.7 38 1.2
      vertex 59.1 38 1.2
    endloop
  endfacet
  facet normal 0 -1 -0
    outer loop
      vertex 59.7 38 1.2
      vertex 59.1 38 1.1
      vertex 59.7 38 1.1
    endloop
  endfacet
  facet normal 0 -1 0
    outer loop
      vertex 57.5 38 1.1
      vertex 58.1 38 1.2
      vertex 57.5 38 1.2
    endloop
  endfacet
  facet normal 0 -1 -0
    outer loop
      vertex 58.1 38 1.2
      vertex 57.5 38 1.1
      vertex 58.1 38 1.1
    endloop
  endfacet
  facet normal 0 -1 0
    outer loop
      vertex 55.9 38 1.1
      vertex 56.5 38 1.2
      vertex 55.9 38 1.2
    endloop
  endfacet
  facet normal 0 -1 -0
    outer loop
      vertex 56.5 38 1.2
      vertex 55.9 38 1.1
      vertex 56.5 38 1.1
    endloop
  endfacet
  facet normal 0 -1 0
    outer loop
      vertex 54.3 38 1.1
      vertex 54.9 38 1.2
      vertex 54.3 38 1.2
    endloop
  endfacet
  facet normal 0 -1 -0
    outer loop
      vertex 54.9 38 1.2
      vertex 54.3 38 1.1
      vertex 54.9 38 1.1
    endloop
  endfacet
  facet normal 0 -1 0
    outer loop
      vertex 52.7 38 1.1
      vertex 53.3 38 1.2
      vertex 52.7 38 1.2
    endloop
  endfacet
  facet normal 0 -1 -0
    outer loop
      vertex 53.3 38 1.2
      vertex 52.7 38 1.1
      vertex 53.3 38 1.1
    endloop
  endfacet
  facet normal 0 -1 0
    outer loop
      vertex 51.1 38 1.1
      vertex 51.7 38 1.2
      vertex 51.1 38 1.2
    endloop
  endfacet
  facet normal 0 -1 -0
    outer loop
      vertex 51.7 38 1.2
      vertex 51.1 38 1.1
      vertex 51.7 38 1.1
    endloop
  endfacet
  facet normal 0 -1 0
    outer loop
      vertex 49.5 38 1.1
      vertex 50.1 38 1.2
      vertex 49.5 38 1.2
    endloop
  endfacet
  facet normal 0 -1 -0
    outer loop
      vertex 50.1 38 1.2
      vertex 49.5 38 1.1
      vertex 50.1 38 1.1
    endloop
  endfacet
  facet normal 0 -1 0
    outer loop
      vertex 47.9 38 1.1
      vertex 48.5 38 1.2
      vertex 47.9 38 1.2
    endloop
  endfacet
  facet normal 0 -1 -0
    outer loop
      vertex 48.5 38 1.2
      vertex 47.9 38 1.1
      vertex 48.5 38 1.1
    endloop
  endfacet
  facet normal 0 -1 0
    outer loop
      vertex 46.3 38 1.1
      vertex 46.9 38 1.2
      vertex 46.3 38 1.2
    endloop
  endfacet
  facet normal 0 -1 -0
    outer loop
      vertex 46.9 38 1.2
      vertex 46.3 38 1.1
      vertex 46.9 38 1.1
    endloop
  endfacet
  facet normal 0 -1 0
    outer loop
      vertex 44.7 38 1.1
      vertex 45.3 38 1.2
      vertex 44.7 38 1.2
    endloop
  endfacet
  facet normal 0 -1 -0
    outer loop
      vertex 45.3 38 1.2
      vertex 44.7 38 1.1
      vertex 45.3 38 1.1
    endloop
  endfacet
  facet normal 0 -1 0
    outer loop
      vertex 43.1 38 1.1
      vertex 43.7 38 1.2
      vertex 43.1 38 1.2
    endloop
  endfacet
  facet normal 0 -1 -0
    outer loop
      vertex 43.7 38 1.2
      vertex 43.1 38 1.1
      vertex 43.7 38 1.1
    endloop
  endfacet
  facet normal 0 -1 0
    outer loop
      vertex 41.5 38 1.1
      vertex 42.1 38 1.2
      vertex 41.5 38 1.2
    endloop
  endfacet
  facet normal 0 -1 -0
    outer loop
      vertex 42.1 38 1.2
      vertex 41.5 38 1.1
      vertex 42.1 38 1.1
    endloop
  endfacet
  facet normal 0 -1 0
    outer loop
      vertex 39.9 38 1.1
      vertex 40.5 38 1.2
      vertex 39.9 38 1.2
    endloop
  endfacet
  facet normal 0 -1 -0
    outer loop
      vertex 40.5 38 1.2
      vertex 39.9 38 1.1
      vertex 40.5 38 1.1
    endloop
  endfacet
  facet normal 0 -1 0
    outer loop
      vertex 38.3 38 1.1
      vertex 38.9 38 1.2
      vertex 38.3 38 1.2
    endloop
  endfacet
  facet normal 0 -1 -0
    outer loop
      vertex 38.9 38 1.2
      vertex 38.3 38 1.1
      vertex 38.9 38 1.1
    endloop
  endfacet
  facet normal 0 -1 0
    outer loop
      vertex 36.7 38 1.1
      vertex 37.3 38 1.2
      vertex 36.7 38 1.2
    endloop
  endfacet
  facet normal 0 -1 -0
    outer loop
      vertex 37.3 38 1.2
      vertex 36.7 38 1.1
      vertex 37.3 38 1.1
    endloop
  endfacet
  facet normal 0 -1 0
    outer loop
      vertex 35.1 38 1.1
      vertex 35.7 38 1.2
      vertex 35.1 38 1.2
    endloop
  endfacet
  facet normal 0 -1 -0
    outer loop
      vertex 35.7 38 1.2
      vertex 35.1 38 1.1
      vertex 35.7 38 1.1
    endloop
  endfacet
  facet normal 0 -1 0
    outer loop
      vertex 33.5 38 1.1
      vertex 34.1 38 1.2
      vertex 33.5 38 1.2
    endloop
  endfacet
  facet normal 0 -1 -0
    outer loop
      vertex 34.1 38 1.2
      vertex 33.5 38 1.1
      vertex 34.1 38 1.1
    endloop
  endfacet
  facet normal 0 -1 0
    outer loop
      vertex 31.9 38 1.1
      vertex 32.5 38 1.2
      vertex 31.9 38 1.2
    endloop
  endfacet
  facet normal 0 -1 -0
    outer loop
      vertex 32.5 38 1.2
      vertex 31.9 38 1.1
      vertex 32.5 38 1.1
    endloop
  endfacet
  facet normal 0 -1 0
    outer loop
      vertex 30.3 38 1.1
      vertex 30.9 38 1.2
      vertex 30.3 38 1.2
    endloop
  endfacet
  facet normal 0 -1 -0
    outer loop
      vertex 30.9 38 1.2
      vertex 30.3 38 1.1
      vertex 30.9 38 1.1
    endloop
  endfacet
  facet normal 0 -1 0
    outer loop
      vertex 28.7 38 1.1
      vertex 29.3 38 1.2
      vertex 28.7 38 1.2
    endloop
  endfacet
  facet normal 0 -1 -0
    outer loop
      vertex 29.3 38 1.2
      vertex 28.7 38 1.1
      vertex 29.3 38 1.1
    endloop
  endfacet
  facet normal 0 -1 0
    outer loop
      vertex 27.1 38 1.1
      vertex 27.7 38 1.2
      vertex 27.1 38 1.2
    endloop
  endfacet
  facet normal 0 -1 -0
    outer loop
      vertex 27.7 38 1.2
      vertex 27.1 38 1.1
      vertex 27.7 38 1.1
    endloop
  endfacet
  facet normal 0 -1 0
    outer loop
      vertex 25.5 38 1.1
      vertex 26.1 38 1.2
      vertex 25.5 38 1.2
    endloop
  endfacet
  facet normal 0 -1 -0
    outer loop
      vertex 26.1 38 1.2
      vertex 25.5 38 1.1
      vertex 26.1 38 1.1
    endloop
  endfacet
  facet normal 0 -1 0
    outer loop
      vertex 23.9 38 1.1
      vertex 24.5 38 1.2
      vertex 23.9 38 1.2
    endloop
  endfacet
  facet normal 0 -1 -0
    outer loop
      vertex 24.5 38 1.2
      vertex 23.9 38 1.1
      vertex 24.5 38 1.1
    endloop
  endfacet
  facet normal 0 -1 0
    outer loop
      vertex 22.3 38 1.1
      vertex 22.9 38 1.2
      vertex 22.3 38 1.2
    endloop
  endfacet
  facet normal 0 -1 -0
    outer loop
      vertex 22.9 38 1.2
      vertex 22.3 38 1.1
      vertex 22.9 38 1.1
    endloop
  endfacet
  facet normal 0 -1 0
    outer loop
      vertex 20.7 38 1.1
      vertex 21.3 38 1.2
      vertex 20.7 38 1.2
    endloop
  endfacet
  facet normal 0 -1 -0
    outer loop
      vertex 21.3 38 1.2
      vertex 20.7 38 1.1
      vertex 21.3 38 1.1
    endloop
  endfacet
  facet normal 0 -1 0
    outer loop
      vertex 19.1 38 1.1
      vertex 19.7 38 1.2
      vertex 19.1 38 1.2
    endloop
  endfacet
  facet normal 0 -1 -0
    outer loop
      vertex 19.7 38 1.2
      vertex 19.1 38 1.1
      vertex 19.7 38 1.1
    endloop
  endfacet
  facet normal 0 -1 0
    outer loop
      vertex 17.5 38 1.1
      vertex 18.1 38 1.2
      vertex 17.5 38 1.2
    endloop
  endfacet
  facet normal 0 -1 -0
    outer loop
      vertex 18.1 38 1.2
      vertex 17.5 38 1.1
      vertex 18.1 38 1.1
    endloop
  endfacet
  facet normal 0 -1 0
    outer loop
      vertex 15.9 38 1.1
      vertex 16.5 38 1.2
      vertex 15.9 38 1.2
    endloop
  endfacet
  facet normal 0 -1 -0
    outer loop
      vertex 16.5 38 1.2
      vertex 15.9 38 1.1
      vertex 16.5 38 1.1
    endloop
  endfacet
  facet normal 0 -1 0
    outer loop
      vertex 14.3 38 1.1
      vertex 14.9 38 1.2
      vertex 14.3 38 1.2
    endloop
  endfacet
  facet normal 0 -1 -0
    outer loop
      vertex 14.9 38 1.2
      vertex 14.3 38 1.1
      vertex 14.9 38 1.1
    endloop
  endfacet
  facet normal 0 -1 0
    outer loop
      vertex 12.7 38 1.1
      vertex 13.3 38 1.2
      vertex 12.7 38 1.2
    endloop
  endfacet
  facet normal 0 -1 -0
    outer loop
      vertex 13.3 38 1.2
      vertex 12.7 38 1.1
      vertex 13.3 38 1.1
    endloop
  endfacet
  facet normal 0 -1 0
    outer loop
      vertex 11.1 38 1.1
      vertex 11.7 38 1.2
      vertex 11.1 38 1.2
    endloop
  endfacet
  facet normal 0 -1 -0
    outer loop
      vertex 11.7 38 1.2
      vertex 11.1 38 1.1
      vertex 11.7 38 1.1
    endloop
  endfacet
  facet normal 0 -1 0
    outer loop
      vertex 9.5 38 1.1
      vertex 10.1 38 1.2
      vertex 9.5 38 1.2
    endloop
  endfacet
  facet normal 0 -1 -0
    outer loop
      vertex 10.1 38 1.2
      vertex 9.5 38 1.1
      vertex 10.1 38 1.1
    endloop
  endfacet
  facet normal 0 -1 0
    outer loop
      vertex 7.9 38 1.1
      vertex 8.5 38 1.2
      vertex 7.9 38 1.2
    endloop
  endfacet
  facet normal 0 -1 -0
    outer loop
      vertex 8.5 38 1.2
      vertex 7.9 38 1.1
      vertex 8.5 38 1.1
    endloop
  endfacet
  facet normal 0 -1 0
    outer loop
      vertex 6.3 38 1.1
      vertex 6.9 38 1.2
      vertex 6.3 38 1.2
    endloop
  endfacet
  facet normal 0 -1 -0
    outer loop
      vertex 6.9 38 1.2
      vertex 6.3 38 1.1
      vertex 6.9 38 1.1
    endloop
  endfacet
  facet normal 0 -1 0
    outer loop
      vertex 4.7 38 1.1
      vertex 5.3 38 1.2
      vertex 4.7 38 1.2
    endloop
  endfacet
  facet normal 0 -1 -0
    outer loop
      vertex 5.3 38 1.2
      vertex 4.7 38 1.1
      vertex 5.3 38 1.1
    endloop
  endfacet
  facet normal 0 -1 0
    outer loop
      vertex 4.7 38 1.2
      vertex 4 38 4
      vertex 4 38 1.2
    endloop
  endfacet
  facet normal 0 -1 0
    outer loop
      vertex 5.3 38 1.2
      vertex 4 38 4
      vertex 4.7 38 1.2
    endloop
  endfacet
  facet normal 0 -1 0
    outer loop
      vertex 6.3 38 1.2
      vertex 4 38 4
      vertex 5.3 38 1.2
    endloop
  endfacet
  facet normal 0 -1 0
    outer loop
      vertex 6.9 38 1.2
      vertex 4 38 4
      vertex 6.3 38 1.2
    endloop
  endfacet
  facet normal 0 -1 0
    outer loop
      vertex 7.9 38 1.2
      vertex 4 38 4
      vertex 6.9 38 1.2
    endloop
  endfacet
  facet normal 0 -1 0
    outer loop
      vertex 8.5 38 1.2
      vertex 4 38 4
      vertex 7.9 38 1.2
    endloop
  endfacet
  facet normal 0 -1 0
    outer loop
      vertex 9.5 38 1.2
      vertex 4 38 4
      vertex 8.5 38 1.2
    endloop
  endfacet
  facet normal 0 -1 0
    outer loop
      vertex 10.1 38 1.2
      vertex 4 38 4
      vertex 9.5 38 1.2
    endloop
  endfacet
  facet normal 0 -1 0
    outer loop
      vertex 11.1 38 1.2
      vertex 4 38 4
      vertex 10.1 38 1.2
    endloop
  endfacet
  facet normal 0 -1 0
    outer loop
      vertex 11.7 38 1.2
      vertex 4 38 4
      vertex 11.1 38 1.2
    endloop
  endfacet
  facet normal 0 -1 0
    outer loop
      vertex 12.7 38 1.2
      vertex 4 38 4
      vertex 11.7 38 1.2
    endloop
  endfacet
  facet normal 0 -1 0
    outer loop
      vertex 13.3 38 1.2
      vertex 4 38 4
      vertex 12.7 38 1.2
    endloop
  endfacet
  facet normal 0 -1 0
    outer loop
      vertex 14.3 38 1.2
      vertex 4 38 4
      vertex 13.3 38 1.2
    endloop
  endfacet
  facet normal 0 -1 0
    outer loop
      vertex 14.9 38 1.2
      vertex 4 38 4
      vertex 14.3 38 1.2
    endloop
  endfacet
  facet normal 0 -1 0
    outer loop
      vertex 15.9 38 1.2
      vertex 4 38 4
      vertex 14.9 38 1.2
    endloop
  endfacet
  facet normal 0 -1 0
    outer loop
      vertex 16.5 38 1.2
      vertex 4 38 4
      vertex 15.9 38 1.2
    endloop
  endfacet
  facet normal 0 -1 0
    outer loop
      vertex 17.5 38 1.2
      vertex 4 38 4
      vertex 16.5 38 1.2
    endloop
  endfacet
  facet normal 0 -1 0
    outer loop
      vertex 18.1 38 1.2
      vertex 4 38 4
      vertex 17.5 38 1.2
    endloop
  endfacet
  facet normal 0 -1 0
    outer loop
      vertex 19.1 38 1.2
      vertex 4 38 4
      vertex 18.1 38 1.2
    endloop
  endfacet
  facet normal 0 -1 0
    outer loop
      vertex 19.7 38 1.2
      vertex 4 38 4
      vertex 19.1 38 1.2
    endloop
  endfacet
  facet normal 0 -1 0
    outer loop
      vertex 20.7 38 1.2
      vertex 4 38 4
      vertex 19.7 38 1.2
    endloop
  endfacet
  facet normal 0 -1 0
    outer loop
      vertex 21.3 38 1.2
      vertex 4 38 4
      vertex 20.7 38 1.2
    endloop
  endfacet
  facet normal 0 -1 0
    outer loop
      vertex 22.3 38 1.2
      vertex 4 38 4
      vertex 21.3 38 1.2
    endloop
  endfacet
  facet normal 0 -1 0
    outer loop
      vertex 22.9 38 1.2
      vertex 4 38 4
      vertex 22.3 38 1.2
    endloop
  endfacet
  facet normal 0 -1 0
    outer loop
      vertex 23.9 38 1.2
      vertex 4 38 4
      vertex 22.9 38 1.2
    endloop
  endfacet
  facet normal 0 -1 0
    outer loop
      vertex 24.5 38 1.2
      vertex 4 38 4
      vertex 23.9 38 1.2
    endloop
  endfacet
  facet normal 0 -1 0
    outer loop
      vertex 25.5 38 1.2
      vertex 4 38 4
      vertex 24.5 38 1.2
    endloop
  endfacet
  facet normal 0 -1 0
    outer loop
      vertex 26.1 38 1.2
      vertex 4 38 4
      vertex 25.5 38 1.2
    endloop
  endfacet
  facet normal 0 -1 0
    outer loop
      vertex 27.1 38 1.2
      vertex 4 38 4
      vertex 26.1 38 1.2
    endloop
  endfacet
  facet normal 0 -1 0
    outer loop
      vertex 27.7 38 1.2
      vertex 4 38 4
      vertex 27.1 38 1.2
    endloop
  endfacet
  facet normal 0 -1 0
    outer loop
      vertex 28.7 38 1.2
      vertex 4 38 4
      vertex 27.7 38 1.2
    endloop
  endfacet
  facet normal 0 -1 0
    outer loop
      vertex 29.3 38 1.2
      vertex 4 38 4
      vertex 28.7 38 1.2
    endloop
  endfacet
  facet normal 0 -1 0
    outer loop
      vertex 30.3 38 1.2
      vertex 4 38 4
      vertex 29.3 38 1.2
    endloop
  endfacet
  facet normal 0 -1 0
    outer loop
      vertex 30.9 38 1.2
      vertex 4 38 4
      vertex 30.3 38 1.2
    endloop
  endfacet
  facet normal 0 -1 0
    outer loop
      vertex 31.9 38 1.2
      vertex 4 38 4
      vertex 30.9 38 1.2
    endloop
  endfacet
  facet normal 0 -1 0
    outer loop
      vertex 4 38 4
      vertex 31.9 38 1.2
      vertex 62 38 4
    endloop
  endfacet
  facet normal 0 -1 0
    outer loop
      vertex 32.5 38 1.2
      vertex 62 38 4
      vertex 31.9 38 1.2
    endloop
  endfacet
  facet normal 0 -1 0
    outer loop
      vertex 33.5 38 1.2
      vertex 62 38 4
      vertex 32.5 38 1.2
    endloop
  endfacet
  facet normal 0 -1 0
    outer loop
      vertex 34.1 38 1.2
      vertex 62 38 4
      vertex 33.5 38 1.2
    endloop
  endfacet
  facet normal 0 -1 0
    outer loop
      vertex 35.1 38 1.2
      vertex 62 38 4
      vertex 34.1 38 1.2
    endloop
  endfacet
  facet normal 0 -1 0
    outer loop
      vertex 35.7 38 1.2
      vertex 62 38 4
      vertex 35.1 38 1.2
    endloop
  endfacet
  facet normal 0 -1 0
    outer loop
      vertex 36.7 38 1.2
      vertex 62 38 4
      vertex 35.7 38 1.2
    endloop
  endfacet
  facet normal 0 -1 0
    outer loop
      vertex 37.3 38 1.2
      vertex 62 38 4
      vertex 36.7 38 1.2
    endloop
  endfacet
  facet normal 0 -1 0
    outer loop
      vertex 38.3 38 1.2
      vertex 62 38 4
      vertex 37.3 38 1.2
    endloop
  endfacet
  facet normal 0 -1 0
    outer loop
      vertex 38.9 38 1.2
      vertex 62 38 4
      vertex 38.3 38 1.2
    endloop
  endfacet
  facet normal 0 -1 0
    outer loop
      vertex 39.9 38 1.2
      vertex 62 38 4
      vertex 38.9 38 1.2
    endloop
  endfacet
  facet normal 0 -1 0
    outer loop
      vertex 40.5 38 1.2
      vertex 62 38 4
      vertex 39.9 38 1.2
    endloop
  endfacet
  facet normal 0 -1 0
    outer loop
      vertex 41.5 38 1.2
      vertex 62 38 4
      vertex 40.5 38 1.2
    endloop
  endfacet
  facet normal 0 -1 0
    outer loop
      vertex 42.1 38 1.2
      vertex 62 38 4
      vertex 41.5 38 1.2
    endloop
  endfacet
  facet normal 0 -1 0
    outer loop
      vertex 43.1 38 1.2
      vertex 62 38 4
      vertex 42.1 38 1.2
    endloop
  endfacet
  facet normal 0 -1 0
    outer loop
      vertex 43.7 38 1.2
      vertex 62 38 4
      vertex 43.1 38 1.2
    endloop
  endfacet
  facet normal 0 -1 0
    outer loop
      vertex 44.7 38 1.2
      vertex 62 38 4
      vertex 43.7 38 1.2
    endloop
  endfacet
  facet normal 0 -1 0
    outer loop
      vertex 45.3 38 1.2
      vertex 62 38 4
      vertex 44.7 38 1.2
    endloop
  endfacet
  facet normal 0 -1 0
    outer loop
      vertex 46.3 38 1.2
      vertex 62 38 4
      vertex 45.3 38 1.2
    endloop
  endfacet
  facet normal 0 -1 0
    outer loop
      vertex 46.9 38 1.2
      vertex 62 38 4
      vertex 46.3 38 1.2
    endloop
  endfacet
  facet normal 0 -1 0
    outer loop
      vertex 47.9 38 1.2
      vertex 62 38 4
      vertex 46.9 38 1.2
    endloop
  endfacet
  facet normal 0 -1 0
    outer loop
      vertex 48.5 38 1.2
      vertex 62 38 4
      vertex 47.9 38 1.2
    endloop
  endfacet
  facet normal 0 -1 0
    outer loop
      vertex 49.5 38 1.2
      vertex 62 38 4
      vertex 48.5 38 1.2
    endloop
  endfacet
  facet normal 0 -1 0
    outer loop
      vertex 50.1 38 1.2
      vertex 62 38 4
      vertex 49.5 38 1.2
    endloop
  endfacet
  facet normal 0 -1 0
    outer loop
      vertex 51.1 38 1.2
      vertex 62 38 4
      vertex 50.1 38 1.2
    endloop
  endfacet
  facet normal 0 -1 0
    outer loop
      vertex 51.7 38 1.2
      vertex 62 38 4
      vertex 51.1 38 1.2
    endloop
  endfacet
  facet normal 0 -1 0
    outer loop
      vertex 52.7 38 1.2
      vertex 62 38 4
      vertex 51.7 38 1.2
    endloop
  endfacet
  facet normal 0 -1 0
    outer loop
      vertex 53.3 38 1.2
      vertex 62 38 4
      vertex 52.7 38 1.2
    endloop
  endfacet
  facet normal 0 -1 0
    outer loop
      vertex 54.3 38 1.2
      vertex 62 38 4
      vertex 53.3 38 1.2
    endloop
  endfacet
  facet normal 0 -1 0
    outer loop
      vertex 54.9 38 1.2
      vertex 62 38 4
      vertex 54.3 38 1.2
    endloop
  endfacet
  facet normal 0 -1 0
    outer loop
      vertex 55.9 38 1.2
      vertex 62 38 4
      vertex 54.9 38 1.2
    endloop
  endfacet
  facet normal 0 -1 0
    outer loop
      vertex 56.5 38 1.2
      vertex 62 38 4
      vertex 55.9 38 1.2
    endloop
  endfacet
  facet normal 0 -1 0
    outer loop
      vertex 57.5 38 1.2
      vertex 62 38 4
      vertex 56.5 38 1.2
    endloop
  endfacet
  facet normal 0 -1 0
    outer loop
      vertex 58.1 38 1.2
      vertex 62 38 4
      vertex 57.5 38 1.2
    endloop
  endfacet
  facet normal 0 -1 0
    outer loop
      vertex 59.1 38 1.2
      vertex 62 38 4
      vertex 58.1 38 1.2
    endloop
  endfacet
  facet normal 0 -1 0
    outer loop
      vertex 59.7 38 1.2
      vertex 62 38 4
      vertex 59.1 38 1.2
    endloop
  endfacet
  facet normal 0 -1 0
    outer loop
      vertex 60.7 38 1.2
      vertex 62 38 4
      vertex 59.7 38 1.2
    endloop
  endfacet
  facet normal 0 -1 0
    outer loop
      vertex 61.3 38 1.2
      vertex 62 38 4
      vertex 60.7 38 1.2
    endloop
  endfacet
  facet normal 0 -1 -0
    outer loop
      vertex 62 38 4
      vertex 61.3 38 1.2
      vertex 62 38 1.2
    endloop
  endfacet
  facet normal 0 -1 0
    outer loop
      vertex 4.7 38 0
      vertex 5.3 38 1.1
      vertex 4.7 38 1.1
    endloop
  endfacet
  facet normal 0 -1 -0
    outer loop
      vertex 5.3 38 1.1
      vertex 4.7 38 0
      vertex 5.3 38 0
    endloop
  endfacet
  facet normal 0 -1 0
    outer loop
      vertex 6.3 38 0
      vertex 6.9 38 1.1
      vertex 6.3 38 1.1
    endloop
  endfacet
  facet normal 0 -1 -0
    outer loop
      vertex 6.9 38 1.1
      vertex 6.3 38 0
      vertex 6.9 38 0
    endloop
  endfacet
  facet normal 0 -1 0
    outer loop
      vertex 7.9 38 0
      vertex 8.5 38 1.1
      vertex 7.9 38 1.1
    endloop
  endfacet
  facet normal 0 -1 -0
    outer loop
      vertex 8.5 38 1.1
      vertex 7.9 38 0
      vertex 8.5 38 0
    endloop
  endfacet
  facet normal 0 -1 0
    outer loop
      vertex 9.5 38 0
      vertex 10.1 38 1.1
      vertex 9.5 38 1.1
    endloop
  endfacet
  facet normal 0 -1 -0
    outer loop
      vertex 10.1 38 1.1
      vertex 9.5 38 0
      vertex 10.1 38 0
    endloop
  endfacet
  facet normal 0 -1 0
    outer loop
      vertex 11.1 38 0
      vertex 11.7 38 1.1
      vertex 11.1 38 1.1
    endloop
  endfacet
  facet normal 0 -1 -0
    outer loop
      vertex 11.7 38 1.1
      vertex 11.1 38 0
      vertex 11.7 38 0
    endloop
  endfacet
  facet normal 0 -1 0
    outer loop
      vertex 12.7 38 0
      vertex 13.3 38 1.1
      vertex 12.7 38 1.1
    endloop
  endfacet
  facet normal 0 -1 -0
    outer loop
      vertex 13.3 38 1.1
      vertex 12.7 38 0
      vertex 13.3 38 0
    endloop
  endfacet
  facet normal 0 -1 0
    outer loop
      vertex 14.3 38 0
      vertex 14.9 38 1.1
      vertex 14.3 38 1.1
    endloop
  endfacet
  facet normal 0 -1 -0
    outer loop
      vertex 14.9 38 1.1
      vertex 14.3 38 0
      vertex 14.9 38 0
    endloop
  endfacet
  facet normal 0 -1 0
    outer loop
      vertex 15.9 38 0
      vertex 16.5 38 1.1
      vertex 15.9 38 1.1
    endloop
  endfacet
  facet normal 0 -1 -0
    outer loop
      vertex 16.5 38 1.1
      vertex 15.9 38 0
      vertex 16.5 38 0
    endloop
  endfacet
  facet normal 0 -1 0
    outer loop
      vertex 17.5 38 0
      vertex 18.1 38 1.1
      vertex 17.5 38 1.1
    endloop
  endfacet
  facet normal 0 -1 -0
    outer loop
      vertex 18.1 38 1.1
      vertex 17.5 38 0
      vertex 18.1 38 0
    endloop
  endfacet
  facet normal 0 -1 0
    outer loop
      vertex 19.1 38 0
      vertex 19.7 38 1.1
      vertex 19.1 38 1.1
    endloop
  endfacet
  facet normal 0 -1 -0
    outer loop
      vertex 19.7 38 1.1
      vertex 19.1 38 0
      vertex 19.7 38 0
    endloop
  endfacet
  facet normal 0 -1 0
    outer loop
      vertex 20.7 38 0
      vertex 21.3 38 1.1
      vertex 20.7 38 1.1
    endloop
  endfacet
  facet normal 0 -1 -0
    outer loop
      vertex 21.3 38 1.1
      vertex 20.7 38 0
      vertex 21.3 38 0
    endloop
  endfacet
  facet normal 0 -1 0
    outer loop
      vertex 22.3 38 0
      vertex 22.9 38 1.1
      vertex 22.3 38 1.1
    endloop
  endfacet
  facet normal 0 -1 -0
    outer loop
      vertex 22.9 38 1.1
      vertex 22.3 38 0
      vertex 22.9 38 0
    endloop
  endfacet
  facet normal 0 -1 0
    outer loop
      vertex 23.9 38 0
      vertex 24.5 38 1.1
      vertex 23.9 38 1.1
    endloop
  endfacet
  facet normal 0 -1 -0
    outer loop
      vertex 24.5 38 1.1
      vertex 23.9 38 0
      vertex 24.5 38 0
    endloop
  endfacet
  facet normal 0 -1 0
    outer loop
      vertex 25.5 38 0
      vertex 26.1 38 1.1
      vertex 25.5 38 1.1
    endloop
  endfacet
  facet normal 0 -1 -0
    outer loop
      vertex 26.1 38 1.1
      vertex 25.5 38 0
      vertex 26.1 38 0
    endloop
  endfacet
  facet normal 0 -1 0
    outer loop
      vertex 27.1 38 0
      vertex 27.7 38 1.1
      vertex 27.1 38 1.1
    endloop
  endfacet
  facet normal 0 -1 -0
    outer loop
      vertex 27.7 38 1.1
      vertex 27.1 38 0
      vertex 27.7 38 0
    endloop
  endfacet
  facet normal 0 -1 0
    outer loop
      vertex 28.7 38 0
      vertex 29.3 38 1.1
      vertex 28.7 38 1.1
    endloop
  endfacet
  facet normal 0 -1 -0
    outer loop
      vertex 29.3 38 1.1
      vertex 28.7 38 0
      vertex 29.3 38 0
    endloop
  endfacet
  facet normal 0 -1 0
    outer loop
      vertex 30.3 38 0
      vertex 30.9 38 1.1
      vertex 30.3 38 1.1
    endloop
  endfacet
  facet normal 0 -1 -0
    outer loop
      vertex 30.9 38 1.1
      vertex 30.3 38 0
      vertex 30.9 38 0
    endloop
  endfacet
  facet normal 0 -1 0
    outer loop
      vertex 31.9 38 0
      vertex 32.5 38 1.1
      vertex 31.9 38 1.1
    endloop
  endfacet
  facet normal 0 -1 -0
    outer loop
      vertex 32.5 38 1.1
      vertex 31.9 38 0
      vertex 32.5 38 0
    endloop
  endfacet
  facet normal 0 -1 0
    outer loop
      vertex 33.5 38 0
      vertex 34.1 38 1.1
      vertex 33.5 38 1.1
    endloop
  endfacet
  facet normal 0 -1 -0
    outer loop
      vertex 34.1 38 1.1
      vertex 33.5 38 0
      vertex 34.1 38 0
    endloop
  endfacet
  facet normal 0 -1 0
    outer loop
      vertex 35.1 38 0
      vertex 35.7 38 1.1
      vertex 35.1 38 1.1
    endloop
  endfacet
  facet normal 0 -1 -0
    outer loop
      vertex 35.7 38 1.1
      vertex 35.1 38 0
      vertex 35.7 38 0
    endloop
  endfacet
  facet normal 0 -1 0
    outer loop
      vertex 36.7 38 0
      vertex 37.3 38 1.1
      vertex 36.7 38 1.1
    endloop
  endfacet
  facet normal 0 -1 -0
    outer loop
      vertex 37.3 38 1.1
      vertex 36.7 38 0
      vertex 37.3 38 0
    endloop
  endfacet
  facet normal 0 -1 0
    outer loop
      vertex 38.3 38 0
      vertex 38.9 38 1.1
      vertex 38.3 38 1.1
    endloop
  endfacet
  facet normal 0 -1 -0
    outer loop
      vertex 38.9 38 1.1
      vertex 38.3 38 0
      vertex 38.9 38 0
    endloop
  endfacet
  facet normal 0 -1 0
    outer loop
      vertex 39.9 38 0
      vertex 40.5 38 1.1
      vertex 39.9 38 1.1
    endloop
  endfacet
  facet normal 0 -1 -0
    outer loop
      vertex 40.5 38 1.1
      vertex 39.9 38 0
      vertex 40.5 38 0
    endloop
  endfacet
  facet normal 0 -1 0
    outer loop
      vertex 41.5 38 0
      vertex 42.1 38 1.1
      vertex 41.5 38 1.1
    endloop
  endfacet
  facet normal 0 -1 -0
    outer loop
      vertex 42.1 38 1.1
      vertex 41.5 38 0
      vertex 42.1 38 0
    endloop
  endfacet
  facet normal 0 -1 0
    outer loop
      vertex 43.1 38 0
      vertex 43.7 38 1.1
      vertex 43.1 38 1.1
    endloop
  endfacet
  facet normal 0 -1 -0
    outer loop
      vertex 43.7 38 1.1
      vertex 43.1 38 0
      vertex 43.7 38 0
    endloop
  endfacet
  facet normal 0 -1 0
    outer loop
      vertex 44.7 38 0
      vertex 45.3 38 1.1
      vertex 44.7 38 1.1
    endloop
  endfacet
  facet normal 0 -1 -0
    outer loop
      vertex 45.3 38 1.1
      vertex 44.7 38 0
      vertex 45.3 38 0
    endloop
  endfacet
  facet normal 0 -1 0
    outer loop
      vertex 46.3 38 0
      vertex 46.9 38 1.1
      vertex 46.3 38 1.1
    endloop
  endfacet
  facet normal 0 -1 -0
    outer loop
      vertex 46.9 38 1.1
      vertex 46.3 38 0
      vertex 46.9 38 0
    endloop
  endfacet
  facet normal 0 -1 0
    outer loop
      vertex 47.9 38 0
      vertex 48.5 38 1.1
      vertex 47.9 38 1.1
    endloop
  endfacet
  facet normal 0 -1 -0
    outer loop
      vertex 48.5 38 1.1
      vertex 47.9 38 0
      vertex 48.5 38 0
    endloop
  endfacet
  facet normal 0 -1 0
    outer loop
      vertex 49.5 38 0
      vertex 50.1 38 1.1
      vertex 49.5 38 1.1
    endloop
  endfacet
  facet normal 0 -1 -0
    outer loop
      vertex 50.1 38 1.1
      vertex 49.5 38 0
      vertex 50.1 38 0
    endloop
  endfacet
  facet normal 0 -1 0
    outer loop
      vertex 51.1 38 0
      vertex 51.7 38 1.1
      vertex 51.1 38 1.1
    endloop
  endfacet
  facet normal 0 -1 -0
    outer loop
      vertex 51.7 38 1.1
      vertex 51.1 38 0
      vertex 51.7 38 0
    endloop
  endfacet
  facet normal 0 -1 0
    outer loop
      vertex 52.7 38 0
      vertex 53.3 38 1.1
      vertex 52.7 38 1.1
    endloop
  endfacet
  facet normal 0 -1 -0
    outer loop
      vertex 53.3 38 1.1
      vertex 52.7 38 0
      vertex 53.3 38 0
    endloop
  endfacet
  facet normal 0 -1 0
    outer loop
      vertex 54.3 38 0
      vertex 54.9 38 1.1
      vertex 54.3 38 1.1
    endloop
  endfacet
  facet normal 0 -1 -0
    outer loop
      vertex 54.9 38 1.1
      vertex 54.3 38 0
      vertex 54.9 38 0
    endloop
  endfacet
  facet normal 0 -1 0
    outer loop
      vertex 55.9 38 0
      vertex 56.5 38 1.1
      vertex 55.9 38 1.1
    endloop
  endfacet
  facet normal 0 -1 -0
    outer loop
      vertex 56.5 38 1.1
      vertex 55.9 38 0
      vertex 56.5 38 0
    endloop
  endfacet
  facet normal 0 -1 0
    outer loop
      vertex 57.5 38 0
      vertex 58.1 38 1.1
      vertex 57.5 38 1.1
    endloop
  endfacet
  facet normal 0 -1 -0
    outer loop
      vertex 58.1 38 1.1
      vertex 57.5 38 0
      vertex 58.1 38 0
    endloop
  endfacet
  facet normal 0 -1 0
    outer loop
      vertex 59.1 38 0
      vertex 59.7 38 1.1
      vertex 59.1 38 1.1
    endloop
  endfacet
  facet normal 0 -1 -0
    outer loop
      vertex 59.7 38 1.1
      vertex 59.1 38 0
      vertex 59.7 38 0
    endloop
  endfacet
  facet normal 0 -1 0
    outer loop
      vertex 60.7 38 0
      vertex 61.3 38 1.1
      vertex 60.7 38 1.1
    endloop
  endfacet
  facet normal 0 -1 -0
    outer loop
      vertex 61.3 38 1.1
      vertex 60.7 38 0
      vertex 61.3 38 0
    endloop
  endfacet
  facet normal 0 1 -0
    outer loop
      vertex 5.3 28 1.1
      vertex 4.7 28 1.2
      vertex 5.3 28 1.2
    endloop
  endfacet
  facet normal 0 1 0
    outer loop
      vertex 4.7 28 1.2
      vertex 5.3 28 1.1
      vertex 4.7 28 1.1
    endloop
  endfacet
  facet normal 0 1 -0
    outer loop
      vertex 6.9 28 1.1
      vertex 6.3 28 1.2
      vertex 6.9 28 1.2
    endloop
  endfacet
  facet normal 0 1 0
    outer loop
      vertex 6.3 28 1.2
      vertex 6.9 28 1.1
      vertex 6.3 28 1.1
    endloop
  endfacet
  facet normal 0 1 -0
    outer loop
      vertex 8.5 28 1.1
      vertex 7.9 28 1.2
      vertex 8.5 28 1.2
    endloop
  endfacet
  facet normal 0 1 0
    outer loop
      vertex 7.9 28 1.2
      vertex 8.5 28 1.1
      vertex 7.9 28 1.1
    endloop
  endfacet
  facet normal 0 1 -0
    outer loop
      vertex 10.1 28 1.1
      vertex 9.5 28 1.2
      vertex 10.1 28 1.2
    endloop
  endfacet
  facet normal 0 1 0
    outer loop
      vertex 9.5 28 1.2
      vertex 10.1 28 1.1
      vertex 9.5 28 1.1
    endloop
  endfacet
  facet normal 0 1 -0
    outer loop
      vertex 11.7 28 1.1
      vertex 11.1 28 1.2
      vertex 11.7 28 1.2
    endloop
  endfacet
  facet normal 0 1 0
    outer loop
      vertex 11.1 28 1.2
      vertex 11.7 28 1.1
      vertex 11.1 28 1.1
    endloop
  endfacet
  facet normal 0 1 -0
    outer loop
      vertex 13.3 28 1.1
      vertex 12.7 28 1.2
      vertex 13.3 28 1.2
    endloop
  endfacet
  facet normal 0 1 0
    outer loop
      vertex 12.7 28 1.2
      vertex 13.3 28 1.1
      vertex 12.7 28 1.1
    endloop
  endfacet
  facet normal 0 1 -0
    outer loop
      vertex 14.9 28 1.1
      vertex 14.3 28 1.2
      vertex 14.9 28 1.2
    endloop
  endfacet
  facet normal 0 1 0
    outer loop
      vertex 14.3 28 1.2
      vertex 14.9 28 1.1
      vertex 14.3 28 1.1
    endloop
  endfacet
  facet normal 0 1 -0
    outer loop
      vertex 16.5 28 1.1
      vertex 15.9 28 1.2
      vertex 16.5 28 1.2
    endloop
  endfacet
  facet normal 0 1 0
    outer loop
      vertex 15.9 28 1.2
      vertex 16.5 28 1.1
      vertex 15.9 28 1.1
    endloop
  endfacet
  facet normal 0 1 -0
    outer loop
      vertex 18.1 28 1.1
      vertex 17.5 28 1.2
      vertex 18.1 28 1.2
    endloop
  endfacet
  facet normal 0 1 0
    outer loop
      vertex 17.5 28 1.2
      vertex 18.1 28 1.1
      vertex 17.5 28 1.1
    endloop
  endfacet
  facet normal 0 1 -0
    outer loop
      vertex 19.7 28 1.1
      vertex 19.1 28 1.2
      vertex 19.7 28 1.2
    endloop
  endfacet
  facet normal 0 1 0
    outer loop
      vertex 19.1 28 1.2
      vertex 19.7 28 1.1
      vertex 19.1 28 1.1
    endloop
  endfacet
  facet normal 0 1 -0
    outer loop
      vertex 21.3 28 1.1
      vertex 20.7 28 1.2
      vertex 21.3 28 1.2
    endloop
  endfacet
  facet normal 0 1 0
    outer loop
      vertex 20.7 28 1.2
      vertex 21.3 28 1.1
      vertex 20.7 28 1.1
    endloop
  endfacet
  facet normal 0 1 -0
    outer loop
      vertex 22.9 28 1.1
      vertex 22.3 28 1.2
      vertex 22.9 28 1.2
    endloop
  endfacet
  facet normal 0 1 0
    outer loop
      vertex 22.3 28 1.2
      vertex 22.9 28 1.1
      vertex 22.3 28 1.1
    endloop
  endfacet
  facet normal 0 1 -0
    outer loop
      vertex 24.5 28 1.1
      vertex 23.9 28 1.2
      vertex 24.5 28 1.2
    endloop
  endfacet
  facet normal 0 1 0
    outer loop
      vertex 23.9 28 1.2
      vertex 24.5 28 1.1
      vertex 23.9 28 1.1
    endloop
  endfacet
  facet normal 0 1 -0
    outer loop
      vertex 26.1 28 1.1
      vertex 25.5 28 1.2
      vertex 26.1 28 1.2
    endloop
  endfacet
  facet normal 0 1 0
    outer loop
      vertex 25.5 28 1.2
      vertex 26.1 28 1.1
      vertex 25.5 28 1.1
    endloop
  endfacet
  facet normal 0 1 -0
    outer loop
      vertex 27.7 28 1.1
      vertex 27.1 28 1.2
      vertex 27.7 28 1.2
    endloop
  endfacet
  facet normal 0 1 0
    outer loop
      vertex 27.1 28 1.2
      vertex 27.7 28 1.1
      vertex 27.1 28 1.1
    endloop
  endfacet
  facet normal 0 1 -0
    outer loop
      vertex 29.3 28 1.1
      vertex 28.7 28 1.2
      vertex 29.3 28 1.2
    endloop
  endfacet
  facet normal 0 1 0
    outer loop
      vertex 28.7 28 1.2
      vertex 29.3 28 1.1
      vertex 28.7 28 1.1
    endloop
  endfacet
  facet normal 0 1 -0
    outer loop
      vertex 30.9 28 1.1
      vertex 30.3 28 1.2
      vertex 30.9 28 1.2
    endloop
  endfacet
  facet normal 0 1 0
    outer loop
      vertex 30.3 28 1.2
      vertex 30.9 28 1.1
      vertex 30.3 28 1.1
    endloop
  endfacet
  facet normal 0 1 -0
    outer loop
      vertex 32.5 28 1.1
      vertex 31.9 28 1.2
      vertex 32.5 28 1.2
    endloop
  endfacet
  facet normal 0 1 0
    outer loop
      vertex 31.9 28 1.2
      vertex 32.5 28 1.1
      vertex 31.9 28 1.1
    endloop
  endfacet
  facet normal 0 1 -0
    outer loop
      vertex 34.1 28 1.1
      vertex 33.5 28 1.2
      vertex 34.1 28 1.2
    endloop
  endfacet
  facet normal 0 1 0
    outer loop
      vertex 33.5 28 1.2
      vertex 34.1 28 1.1
      vertex 33.5 28 1.1
    endloop
  endfacet
  facet normal 0 1 -0
    outer loop
      vertex 35.7 28 1.1
      vertex 35.1 28 1.2
      vertex 35.7 28 1.2
    endloop
  endfacet
  facet normal 0 1 0
    outer loop
      vertex 35.1 28 1.2
      vertex 35.7 28 1.1
      vertex 35.1 28 1.1
    endloop
  endfacet
  facet normal 0 1 -0
    outer loop
      vertex 37.3 28 1.1
      vertex 36.7 28 1.2
      vertex 37.3 28 1.2
    endloop
  endfacet
  facet normal 0 1 0
    outer loop
      vertex 36.7 28 1.2
      vertex 37.3 28 1.1
      vertex 36.7 28 1.1
    endloop
  endfacet
  facet normal 0 1 -0
    outer loop
      vertex 38.9 28 1.1
      vertex 38.3 28 1.2
      vertex 38.9 28 1.2
    endloop
  endfacet
  facet normal 0 1 0
    outer loop
      vertex 38.3 28 1.2
      vertex 38.9 28 1.1
      vertex 38.3 28 1.1
    endloop
  endfacet
  facet normal 0 1 -0
    outer loop
      vertex 40.5 28 1.1
      vertex 39.9 28 1.2
      vertex 40.5 28 1.2
    endloop
  endfacet
  facet normal 0 1 0
    outer loop
      vertex 39.9 28 1.2
      vertex 40.5 28 1.1
      vertex 39.9 28 1.1
    endloop
  endfacet
  facet normal 0 1 -0
    outer loop
      vertex 42.1 28 1.1
      vertex 41.5 28 1.2
      vertex 42.1 28 1.2
    endloop
  endfacet
  facet normal 0 1 0
    outer loop
      vertex 41.5 28 1.2
      vertex 42.1 28 1.1
      vertex 41.5 28 1.1
    endloop
  endfacet
  facet normal 0 1 -0
    outer loop
      vertex 43.7 28 1.1
      vertex 43.1 28 1.2
      vertex 43.7 28 1.2
    endloop
  endfacet
  facet normal 0 1 0
    outer loop
      vertex 43.1 28 1.2
      vertex 43.7 28 1.1
      vertex 43.1 28 1.1
    endloop
  endfacet
  facet normal 0 1 -0
    outer loop
      vertex 45.3 28 1.1
      vertex 44.7 28 1.2
      vertex 45.3 28 1.2
    endloop
  endfacet
  facet normal 0 1 0
    outer loop
      vertex 44.7 28 1.2
      vertex 45.3 28 1.1
      vertex 44.7 28 1.1
    endloop
  endfacet
  facet normal 0 1 -0
    outer loop
      vertex 46.9 28 1.1
      vertex 46.3 28 1.2
      vertex 46.9 28 1.2
    endloop
  endfacet
  facet normal 0 1 0
    outer loop
      vertex 46.3 28 1.2
      vertex 46.9 28 1.1
      vertex 46.3 28 1.1
    endloop
  endfacet
  facet normal 0 1 -0
    outer loop
      vertex 48.5 28 1.1
      vertex 47.9 28 1.2
      vertex 48.5 28 1.2
    endloop
  endfacet
  facet normal 0 1 0
    outer loop
      vertex 47.9 28 1.2
      vertex 48.5 28 1.1
      vertex 47.9 28 1.1
    endloop
  endfacet
  facet normal 0 1 -0
    outer loop
      vertex 50.1 28 1.1
      vertex 49.5 28 1.2
      vertex 50.1 28 1.2
    endloop
  endfacet
  facet normal 0 1 0
    outer loop
      vertex 49.5 28 1.2
      vertex 50.1 28 1.1
      vertex 49.5 28 1.1
    endloop
  endfacet
  facet normal 0 1 -0
    outer loop
      vertex 51.7 28 1.1
      vertex 51.1 28 1.2
      vertex 51.7 28 1.2
    endloop
  endfacet
  facet normal 0 1 0
    outer loop
      vertex 51.1 28 1.2
      vertex 51.7 28 1.1
      vertex 51.1 28 1.1
    endloop
  endfacet
  facet normal 0 1 -0
    outer loop
      vertex 53.3 28 1.1
      vertex 52.7 28 1.2
      vertex 53.3 28 1.2
    endloop
  endfacet
  facet normal 0 1 0
    outer loop
      vertex 52.7 28 1.2
      vertex 53.3 28 1.1
      vertex 52.7 28 1.1
    endloop
  endfacet
  facet normal 0 1 -0
    outer loop
      vertex 54.9 28 1.1
      vertex 54.3 28 1.2
      vertex 54.9 28 1.2
    endloop
  endfacet
  facet normal 0 1 0
    outer loop
      vertex 54.3 28 1.2
      vertex 54.9 28 1.1
      vertex 54.3 28 1.1
    endloop
  endfacet
  facet normal 0 1 -0
    outer loop
      vertex 56.5 28 1.1
      vertex 55.9 28 1.2
      vertex 56.5 28 1.2
    endloop
  endfacet
  facet normal 0 1 0
    outer loop
      vertex 55.9 28 1.2
      vertex 56.5 28 1.1
      vertex 55.9 28 1.1
    endloop
  endfacet
  facet normal 0 1 -0
    outer loop
      vertex 58.1 28 1.1
      vertex 57.5 28 1.2
      vertex 58.1 28 1.2
    endloop
  endfacet
  facet normal 0 1 0
    outer loop
      vertex 57.5 28 1.2
      vertex 58.1 28 1.1
      vertex 57.5 28 1.1
    endloop
  endfacet
  facet normal 0 1 -0
    outer loop
      vertex 59.7 28 1.1
      vertex 59.1 28 1.2
      vertex 59.7 28 1.2
    endloop
  endfacet
  facet normal 0 1 0
    outer loop
      vertex 59.1 28 1.2
      vertex 59.7 28 1.1
      vertex 59.1 28 1.1
    endloop
  endfacet
  facet normal 0 1 -0
    outer loop
      vertex 61.3 28 1.1
      vertex 60.7 28 1.2
      vertex 61.3 28 1.2
    endloop
  endfacet
  facet normal 0 1 0
    outer loop
      vertex 60.7 28 1.2
      vertex 61.3 28 1.1
      vertex 60.7 28 1.1
    endloop
  endfacet
  facet normal 0 1 0
    outer loop
      vertex 61.3 28 1.2
      vertex 62 28 4
      vertex 62 28 1.2
    endloop
  endfacet
  facet normal 0 1 0
    outer loop
      vertex 60.7 28 1.2
      vertex 62 28 4
      vertex 61.3 28 1.2
    endloop
  endfacet
  facet normal 0 1 0
    outer loop
      vertex 59.7 28 1.2
      vertex 62 28 4
      vertex 60.7 28 1.2
    endloop
  endfacet
  facet normal 0 1 0
    outer loop
      vertex 59.1 28 1.2
      vertex 62 28 4
      vertex 59.7 28 1.2
    endloop
  endfacet
  facet normal 0 1 0
    outer loop
      vertex 58.1 28 1.2
      vertex 62 28 4
      vertex 59.1 28 1.2
    endloop
  endfacet
  facet normal 0 1 0
    outer loop
      vertex 57.5 28 1.2
      vertex 62 28 4
      vertex 58.1 28 1.2
    endloop
  endfacet
  facet normal 0 1 0
    outer loop
      vertex 56.5 28 1.2
      vertex 62 28 4
      vertex 57.5 28 1.2
    endloop
  endfacet
  facet normal 0 1 0
    outer loop
      vertex 55.9 28 1.2
      vertex 62 28 4
      vertex 56.5 28 1.2
    endloop
  endfacet
  facet normal 0 1 0
    outer loop
      vertex 54.9 28 1.2
      vertex 62 28 4
      vertex 55.9 28 1.2
    endloop
  endfacet
  facet normal 0 1 0
    outer loop
      vertex 54.3 28 1.2
      vertex 62 28 4
      vertex 54.9 28 1.2
    endloop
  endfacet
  facet normal 0 1 0
    outer loop
      vertex 53.3 28 1.2
      vertex 62 28 4
      vertex 54.3 28 1.2
    endloop
  endfacet
  facet normal 0 1 0
    outer loop
      vertex 52.7 28 1.2
      vertex 62 28 4
      vertex 53.3 28 1.2
    endloop
  endfacet
  facet normal 0 1 0
    outer loop
      vertex 51.7 28 1.2
      vertex 62 28 4
      vertex 52.7 28 1.2
    endloop
  endfacet
  facet normal 0 1 0
    outer loop
      vertex 51.1 28 1.2
      vertex 62 28 4
      vertex 51.7 28 1.2
    endloop
  endfacet
  facet normal 0 1 0
    outer loop
      vertex 50.1 28 1.2
      vertex 62 28 4
      vertex 51.1 28 1.2
    endloop
  endfacet
  facet normal 0 1 0
    outer loop
      vertex 49.5 28 1.2
      vertex 62 28 4
      vertex 50.1 28 1.2
    endloop
  endfacet
  facet normal 0 1 0
    outer loop
      vertex 48.5 28 1.2
      vertex 62 28 4
      vertex 49.5 28 1.2
    endloop
  endfacet
  facet normal 0 1 0
    outer loop
      vertex 47.9 28 1.2
      vertex 62 28 4
      vertex 48.5 28 1.2
    endloop
  endfacet
  facet normal 0 1 0
    outer loop
      vertex 46.9 28 1.2
      vertex 62 28 4
      vertex 47.9 28 1.2
    endloop
  endfacet
  facet normal 0 1 0
    outer loop
      vertex 46.3 28 1.2
      vertex 62 28 4
      vertex 46.9 28 1.2
    endloop
  endfacet
  facet normal 0 1 0
    outer loop
      vertex 45.3 28 1.2
      vertex 62 28 4
      vertex 46.3 28 1.2
    endloop
  endfacet
  facet normal 0 1 0
    outer loop
      vertex 44.7 28 1.2
      vertex 62 28 4
      vertex 45.3 28 1.2
    endloop
  endfacet
  facet normal 0 1 0
    outer loop
      vertex 43.7 28 1.2
      vertex 62 28 4
      vertex 44.7 28 1.2
    endloop
  endfacet
  facet normal 0 1 0
    outer loop
      vertex 43.1 28 1.2
      vertex 62 28 4
      vertex 43.7 28 1.2
    endloop
  endfacet
  facet normal 0 1 0
    outer loop
      vertex 42.1 28 1.2
      vertex 62 28 4
      vertex 43.1 28 1.2
    endloop
  endfacet
  facet normal 0 1 0
    outer loop
      vertex 41.5 28 1.2
      vertex 62 28 4
      vertex 42.1 28 1.2
    endloop
  endfacet
  facet normal 0 1 0
    outer loop
      vertex 40.5 28 1.2
      vertex 62 28 4
      vertex 41.5 28 1.2
    endloop
  endfacet
  facet normal 0 1 0
    outer loop
      vertex 39.9 28 1.2
      vertex 62 28 4
      vertex 40.5 28 1.2
    endloop
  endfacet
  facet normal 0 1 0
    outer loop
      vertex 38.9 28 1.2
      vertex 62 28 4
      vertex 39.9 28 1.2
    endloop
  endfacet
  facet normal 0 1 0
    outer loop
      vertex 38.3 28 1.2
      vertex 62 28 4
      vertex 38.9 28 1.2
    endloop
  endfacet
  facet normal 0 1 0
    outer loop
      vertex 37.3 28 1.2
      vertex 62 28 4
      vertex 38.3 28 1.2
    endloop
  endfacet
  facet normal 0 1 0
    outer loop
      vertex 36.7 28 1.2
      vertex 62 28 4
      vertex 37.3 28 1.2
    endloop
  endfacet
  facet normal 0 1 0
    outer loop
      vertex 35.7 28 1.2
      vertex 62 28 4
      vertex 36.7 28 1.2
    endloop
  endfacet
  facet normal 0 1 0
    outer loop
      vertex 35.1 28 1.2
      vertex 62 28 4
      vertex 35.7 28 1.2
    endloop
  endfacet
  facet normal 0 1 0
    outer loop
      vertex 34.1 28 1.2
      vertex 62 28 4
      vertex 35.1 28 1.2
    endloop
  endfacet
  facet normal 0 1 0
    outer loop
      vertex 62 28 4
      vertex 34.1 28 1.2
      vertex 4 28 4
    endloop
  endfacet
  facet normal 0 1 -0
    outer loop
      vertex 33.5 28 1.2
      vertex 4 28 4
      vertex 34.1 28 1.2
    endloop
  endfacet
  facet normal 0 1 -0
    outer loop
      vertex 32.5 28 1.2
      vertex 4 28 4
      vertex 33.5 28 1.2
    endloop
  endfacet
  facet normal 0 1 -0
    outer loop
      vertex 31.9 28 1.2
      vertex 4 28 4
      vertex 32.5 28 1.2
    endloop
  endfacet
  facet normal 0 1 -0
    outer loop
      vertex 30.9 28 1.2
      vertex 4 28 4
      vertex 31.9 28 1.2
    endloop
  endfacet
  facet normal 0 1 -0
    outer loop
      vertex 30.3 28 1.2
      vertex 4 28 4
      vertex 30.9 28 1.2
    endloop
  endfacet
  facet normal 0 1 -0
    outer loop
      vertex 29.3 28 1.2
      vertex 4 28 4
      vertex 30.3 28 1.2
    endloop
  endfacet
  facet normal 0 1 -0
    outer loop
      vertex 28.7 28 1.2
      vertex 4 28 4
      vertex 29.3 28 1.2
    endloop
  endfacet
  facet normal 0 1 -0
    outer loop
      vertex 27.7 28 1.2
      vertex 4 28 4
      vertex 28.7 28 1.2
    endloop
  endfacet
  facet normal 0 1 -0
    outer loop
      vertex 27.1 28 1.2
      vertex 4 28 4
      vertex 27.7 28 1.2
    endloop
  endfacet
  facet normal 0 1 -0
    outer loop
      vertex 26.1 28 1.2
      vertex 4 28 4
      vertex 27.1 28 1.2
    endloop
  endfacet
  facet normal 0 1 -0
    outer loop
      vertex 25.5 28 1.2
      vertex 4 28 4
      vertex 26.1 28 1.2
    endloop
  endfacet
  facet normal 0 1 -0
    outer loop
      vertex 24.5 28 1.2
      vertex 4 28 4
      vertex 25.5 28 1.2
    endloop
  endfacet
  facet normal 0 1 -0
    outer loop
      vertex 23.9 28 1.2
      vertex 4 28 4
      vertex 24.5 28 1.2
    endloop
  endfacet
  facet normal 0 1 -0
    outer loop
      vertex 22.9 28 1.2
      vertex 4 28 4
      vertex 23.9 28 1.2
    endloop
  endfacet
  facet normal 0 1 -0
    outer loop
      vertex 22.3 28 1.2
      vertex 4 28 4
      vertex 22.9 28 1.2
    endloop
  endfacet
  facet normal 0 1 -0
    outer loop
      vertex 21.3 28 1.2
      vertex 4 28 4
      vertex 22.3 28 1.2
    endloop
  endfacet
  facet normal 0 1 -0
    outer loop
      vertex 20.7 28 1.2
      vertex 4 28 4
      vertex 21.3 28 1.2
    endloop
  endfacet
  facet normal 0 1 -0
    outer loop
      vertex 19.7 28 1.2
      vertex 4 28 4
      vertex 20.7 28 1.2
    endloop
  endfacet
  facet normal 0 1 -0
    outer loop
      vertex 19.1 28 1.2
      vertex 4 28 4
      vertex 19.7 28 1.2
    endloop
  endfacet
  facet normal 0 1 -0
    outer loop
      vertex 18.1 28 1.2
      vertex 4 28 4
      vertex 19.1 28 1.2
    endloop
  endfacet
  facet normal 0 1 -0
    outer loop
      vertex 17.5 28 1.2
      vertex 4 28 4
      vertex 18.1 28 1.2
    endloop
  endfacet
  facet normal 0 1 -0
    outer loop
      vertex 16.5 28 1.2
      vertex 4 28 4
      vertex 17.5 28 1.2
    endloop
  endfacet
  facet normal 0 1 -0
    outer loop
      vertex 15.9 28 1.2
      vertex 4 28 4
      vertex 16.5 28 1.2
    endloop
  endfacet
  facet normal 0 1 -0
    outer loop
      vertex 14.9 28 1.2
      vertex 4 28 4
      vertex 15.9 28 1.2
    endloop
  endfacet
  facet normal 0 1 -0
    outer loop
      vertex 14.3 28 1.2
      vertex 4 28 4
      vertex 14.9 28 1.2
    endloop
  endfacet
  facet normal 0 1 -0
    outer loop
      vertex 13.3 28 1.2
      vertex 4 28 4
      vertex 14.3 28 1.2
    endloop
  endfacet
  facet normal 0 1 -0
    outer loop
      vertex 12.7 28 1.2
      vertex 4 28 4
      vertex 13.3 28 1.2
    endloop
  endfacet
  facet normal 0 1 -0
    outer loop
      vertex 11.7 28 1.2
      vertex 4 28 4
      vertex 12.7 28 1.2
    endloop
  endfacet
  facet normal 0 1 -0
    outer loop
      vertex 11.1 28 1.2
      vertex 4 28 4
      vertex 11.7 28 1.2
    endloop
  endfacet
  facet normal 0 1 -0
    outer loop
      vertex 10.1 28 1.2
      vertex 4 28 4
      vertex 11.1 28 1.2
    endloop
  endfacet
  facet normal 0 1 -0
    outer loop
      vertex 9.5 28 1.2
      vertex 4 28 4
      vertex 10.1 28 1.2
    endloop
  endfacet
  facet normal 0 1 -0
    outer loop
      vertex 8.5 28 1.2
      vertex 4 28 4
      vertex 9.5 28 1.2
    endloop
  endfacet
  facet normal 0 1 -0
    outer loop
      vertex 7.9 28 1.2
      vertex 4 28 4
      vertex 8.5 28 1.2
    endloop
  endfacet
  facet normal 0 1 -0
    outer loop
      vertex 6.9 28 1.2
      vertex 4 28 4
      vertex 7.9 28 1.2
    endloop
  endfacet
  facet normal 0 1 -0
    outer loop
      vertex 6.3 28 1.2
      vertex 4 28 4
      vertex 6.9 28 1.2
    endloop
  endfacet
  facet normal 0 1 -0
    outer loop
      vertex 5.3 28 1.2
      vertex 4 28 4
      vertex 6.3 28 1.2
    endloop
  endfacet
  facet normal 0 1 -0
    outer loop
      vertex 4.7 28 1.2
      vertex 4 28 4
      vertex 5.3 28 1.2
    endloop
  endfacet
  facet normal 0 1 0
    outer loop
      vertex 4 28 4
      vertex 4.7 28 1.2
      vertex 4 28 1.2
    endloop
  endfacet
  facet normal 0 1 -0
    outer loop
      vertex 5.3 28 0
      vertex 4.7 28 1.1
      vertex 5.3 28 1.1
    endloop
  endfacet
  facet normal 0 1 0
    outer loop
      vertex 4.7 28 1.1
      vertex 5.3 28 0
      vertex 4.7 28 0
    endloop
  endfacet
  facet normal 0 1 -0
    outer loop
      vertex 6.9 28 0
      vertex 6.3 28 1.1
      vertex 6.9 28 1.1
    endloop
  endfacet
  facet normal 0 1 0
    outer loop
      vertex 6.3 28 1.1
      vertex 6.9 28 0
      vertex 6.3 28 0
    endloop
  endfacet
  facet normal 0 1 -0
    outer loop
      vertex 8.5 28 0
      vertex 7.9 28 1.1
      vertex 8.5 28 1.1
    endloop
  endfacet
  facet normal 0 1 0
    outer loop
      vertex 7.9 28 1.1
      vertex 8.5 28 0
      vertex 7.9 28 0
    endloop
  endfacet
  facet normal 0 1 -0
    outer loop
      vertex 10.1 28 0
      vertex 9.5 28 1.1
      vertex 10.1 28 1.1
    endloop
  endfacet
  facet normal 0 1 0
    outer loop
      vertex 9.5 28 1.1
      vertex 10.1 28 0
      vertex 9.5 28 0
    endloop
  endfacet
  facet normal 0 1 -0
    outer loop
      vertex 11.7 28 0
      vertex 11.1 28 1.1
      vertex 11.7 28 1.1
    endloop
  endfacet
  facet normal 0 1 0
    outer loop
      vertex 11.1 28 1.1
      vertex 11.7 28 0
      vertex 11.1 28 0
    endloop
  endfacet
  facet normal 0 1 -0
    outer loop
      vertex 13.3 28 0
      vertex 12.7 28 1.1
      vertex 13.3 28 1.1
    endloop
  endfacet
  facet normal 0 1 0
    outer loop
      vertex 12.7 28 1.1
      vertex 13.3 28 0
      vertex 12.7 28 0
    endloop
  endfacet
  facet normal 0 1 -0
    outer loop
      vertex 14.9 28 0
      vertex 14.3 28 1.1
      vertex 14.9 28 1.1
    endloop
  endfacet
  facet normal 0 1 0
    outer loop
      vertex 14.3 28 1.1
      vertex 14.9 28 0
      vertex 14.3 28 0
    endloop
  endfacet
  facet normal 0 1 -0
    outer loop
      vertex 16.5 28 0
      vertex 15.9 28 1.1
      vertex 16.5 28 1.1
    endloop
  endfacet
  facet normal 0 1 0
    outer loop
      vertex 15.9 28 1.1
      vertex 16.5 28 0
      vertex 15.9 28 0
    endloop
  endfacet
  facet normal 0 1 -0
    outer loop
      vertex 18.1 28 0
      vertex 17.5 28 1.1
      vertex 18.1 28 1.1
    endloop
  endfacet
  facet normal 0 1 0
    outer loop
      vertex 17.5 28 1.1
      vertex 18.1 28 0
      vertex 17.5 28 0
    endloop
  endfacet
  facet normal 0 1 -0
    outer loop
      vertex 19.7 28 0
      vertex 19.1 28 1.1
      vertex 19.7 28 1.1
    endloop
  endfacet
  facet normal 0 1 0
    outer loop
      vertex 19.1 28 1.1
      vertex 19.7 28 0
      vertex 19.1 28 0
    endloop
  endfacet
  facet normal 0 1 -0
    outer loop
      vertex 21.3 28 0
      vertex 20.7 28 1.1
      vertex 21.3 28 1.1
    endloop
  endfacet
  facet normal 0 1 0
    outer loop
      vertex 20.7 28 1.1
      vertex 21.3 28 0
      vertex 20.7 28 0
    endloop
  endfacet
  facet normal 0 1 -0
    outer loop
      vertex 22.9 28 0
      vertex 22.3 28 1.1
      vertex 22.9 28 1.1
    endloop
  endfacet
  facet normal 0 1 0
    outer loop
      vertex 22.3 28 1.1
      vertex 22.9 28 0
      vertex 22.3 28 0
    endloop
  endfacet
  facet normal 0 1 -0
    outer loop
      vertex 24.5 28 0
      vertex 23.9 28 1.1
      vertex 24.5 28 1.1
    endloop
  endfacet
  facet normal 0 1 0
    outer loop
      vertex 23.9 28 1.1
      vertex 24.5 28 0
      vertex 23.9 28 0
    endloop
  endfacet
  facet normal 0 1 -0
    outer loop
      vertex 26.1 28 0
      vertex 25.5 28 1.1
      vertex 26.1 28 1.1
    endloop
  endfacet
  facet normal 0 1 0
    outer loop
      vertex 25.5 28 1.1
      vertex 26.1 28 0
      vertex 25.5 28 0
    endloop
  endfacet
  facet normal 0 1 -0
    outer loop
      vertex 27.7 28 0
      vertex 27.1 28 1.1
      vertex 27.7 28 1.1
    endloop
  endfacet
  facet normal 0 1 0
    outer loop
      vertex 27.1 28 1.1
      vertex 27.7 28 0
      vertex 27.1 28 0
    endloop
  endfacet
  facet normal 0 1 -0
    outer loop
      vertex 29.3 28 0
      vertex 28.7 28 1.1
      vertex 29.3 28 1.1
    endloop
  endfacet
  facet normal 0 1 0
    outer loop
      vertex 28.7 28 1.1
      vertex 29.3 28 0
      vertex 28.7 28 0
    endloop
  endfacet
  facet normal 0 1 -0
    outer loop
      vertex 30.9 28 0
      vertex 30.3 28 1.1
      vertex 30.9 28 1.1
    endloop
  endfacet
  facet normal 0 1 0
    outer loop
      vertex 30.3 28 1.1
      vertex 30.9 28 0
      vertex 30.3 28 0
    endloop
  endfacet
  facet normal 0 1 -0
    outer loop
      vertex 32.5 28 0
      vertex 31.9 28 1.1
      vertex 32.5 28 1.1
    endloop
  endfacet
  facet normal 0 1 0
    outer loop
      vertex 31.9 28 1.1
      vertex 32.5 28 0
      vertex 31.9 28 0
    endloop
  endfacet
  facet normal 0 1 -0
    outer loop
      vertex 34.1 28 0
      vertex 33.5 28 1.1
      vertex 34.1 28 1.1
    endloop
  endfacet
  facet normal 0 1 0
    outer loop
      vertex 33.5 28 1.1
      vertex 34.1 28 0
      vertex 33.5 28 0
    endloop
  endfacet
  facet normal 0 1 -0
    outer loop
      vertex 35.7 28 0
      vertex 35.1 28 1.1
      vertex 35.7 28 1.1
    endloop
  endfacet
  facet normal 0 1 0
    outer loop
      vertex 35.1 28 1.1
      vertex 35.7 28 0
      vertex 35.1 28 0
    endloop
  endfacet
  facet normal 0 1 -0
    outer loop
      vertex 37.3 28 0
      vertex 36.7 28 1.1
      vertex 37.3 28 1.1
    endloop
  endfacet
  facet normal 0 1 0
    outer loop
      vertex 36.7 28 1.1
      vertex 37.3 28 0
      vertex 36.7 28 0
    endloop
  endfacet
  facet normal 0 1 -0
    outer loop
      vertex 38.9 28 0
      vertex 38.3 28 1.1
      vertex 38.9 28 1.1
    endloop
  endfacet
  facet normal 0 1 0
    outer loop
      vertex 38.3 28 1.1
      vertex 38.9 28 0
      vertex 38.3 28 0
    endloop
  endfacet
  facet normal 0 1 -0
    outer loop
      vertex 40.5 28 0
      vertex 39.9 28 1.1
      vertex 40.5 28 1.1
    endloop
  endfacet
  facet normal 0 1 0
    outer loop
      vertex 39.9 28 1.1
      vertex 40.5 28 0
      vertex 39.9 28 0
    endloop
  endfacet
  facet normal 0 1 -0
    outer loop
      vertex 42.1 28 0
      vertex 41.5 28 1.1
      vertex 42.1 28 1.1
    endloop
  endfacet
  facet normal 0 1 0
    outer loop
      vertex 41.5 28 1.1
      vertex 42.1 28 0
      vertex 41.5 28 0
    endloop
  endfacet
  facet normal 0 1 -0
    outer loop
      vertex 43.7 28 0
      vertex 43.1 28 1.1
      vertex 43.7 28 1.1
    endloop
  endfacet
  facet normal 0 1 0
    outer loop
      vertex 43.1 28 1.1
      vertex 43.7 28 0
      vertex 43.1 28 0
    endloop
  endfacet
  facet normal 0 1 -0
    outer loop
      vertex 45.3 28 0
      vertex 44.7 28 1.1
      vertex 45.3 28 1.1
    endloop
  endfacet
  facet normal 0 1 0
    outer loop
      vertex 44.7 28 1.1
      vertex 45.3 28 0
      vertex 44.7 28 0
    endloop
  endfacet
  facet normal 0 1 -0
    outer loop
      vertex 46.9 28 0
      vertex 46.3 28 1.1
      vertex 46.9 28 1.1
    endloop
  endfacet
  facet normal 0 1 0
    outer loop
      vertex 46.3 28 1.1
      vertex 46.9 28 0
      vertex 46.3 28 0
    endloop
  endfacet
  facet normal 0 1 -0
    outer loop
      vertex 48.5 28 0
      vertex 47.9 28 1.1
      vertex 48.5 28 1.1
    endloop
  endfacet
  facet normal 0 1 0
    outer loop
      vertex 47.9 28 1.1
      vertex 48.5 28 0
      vertex 47.9 28 0
    endloop
  endfacet
  facet normal 0 1 -0
    outer loop
      vertex 50.1 28 0
      vertex 49.5 28 1.1
      vertex 50.1 28 1.1
    endloop
  endfacet
  facet normal 0 1 0
    outer loop
      vertex 49.5 28 1.1
      vertex 50.1 28 0
      vertex 49.5 28 0
    endloop
  endfacet
  facet normal 0 1 -0
    outer loop
      vertex 51.7 28 0
      vertex 51.1 28 1.1
      vertex 51.7 28 1.1
    endloop
  endfacet
  facet normal 0 1 0
    outer loop
      vertex 51.1 28 1.1
      vertex 51.7 28 0
      vertex 51.1 28 0
    endloop
  endfacet
  facet normal 0 1 -0
    outer loop
      vertex 53.3 28 0
      vertex 52.7 28 1.1
      vertex 53.3 28 1.1
    endloop
  endfacet
  facet normal 0 1 0
    outer loop
      vertex 52.7 28 1.1
      vertex 53.3 28 0
      vertex 52.7 28 0
    endloop
  endfacet
  facet normal 0 1 -0
    outer loop
      vertex 54.9 28 0
      vertex 54.3 28 1.1
      vertex 54.9 28 1.1
    endloop
  endfacet
  facet normal 0 1 0
    outer loop
      vertex 54.3 28 1.1
      vertex 54.9 28 0
      vertex 54.3 28 0
    endloop
  endfacet
  facet normal 0 1 -0
    outer loop
      vertex 56.5 28 0
      vertex 55.9 28 1.1
      vertex 56.5 28 1.1
    endloop
  endfacet
  facet normal 0 1 0
    outer loop
      vertex 55.9 28 1.1
      vertex 56.5 28 0
      vertex 55.9 28 0
    endloop
  endfacet
  facet normal 0 1 -0
    outer loop
      vertex 58.1 28 0
      vertex 57.5 28 1.1
      vertex 58.1 28 1.1
    endloop
  endfacet
  facet normal 0 1 0
    outer loop
      vertex 57.5 28 1.1
      vertex 58.1 28 0
      vertex 57.5 28 0
    endloop
  endfacet
  facet normal 0 1 -0
    outer loop
      vertex 59.7 28 0
      vertex 59.1 28 1.1
      vertex 59.7 28 1.1
    endloop
  endfacet
  facet normal 0 1 0
    outer loop
      vertex 59.1 28 1.1
      vertex 59.7 28 0
      vertex 59.1 28 0
    endloop
  endfacet
  facet normal 0 1 -0
    outer loop
      vertex 61.3 28 0
      vertex 60.7 28 1.1
      vertex 61.3 28 1.1
    endloop
  endfacet
  facet normal 0 1 0
    outer loop
      vertex 60.7 28 1.1
      vertex 61.3 28 0
      vertex 60.7 28 0
    endloop
  endfacet
  facet normal -1 0 0
    outer loop
      vertex 6.9 28 0
      vertex 6.9 38 1.1
      vertex 6.9 38 0
    endloop
  endfacet
  facet normal -1 0 0
    outer loop
      vertex 6.9 28 1.1
      vertex 6.9 38 1.1
      vertex 6.9 28 0
    endloop
  endfacet
  facet normal -1 0 0
    outer loop
      vertex 6.9 38 1.1
      vertex 6.9 28 1.1
      vertex 6.9 38 1.2
    endloop
  endfacet
  facet normal -1 -0 0
    outer loop
      vertex 6.9 38 1.2
      vertex 6.9 28 1.1
      vertex 6.9 28 1.2
    endloop
  endfacet
  facet normal 1 0 0
    outer loop
      vertex 6.3 28 1.1
      vertex 6.3 38 1.1
      vertex 6.3 38 1.2
    endloop
  endfacet
  facet normal 1 0 0
    outer loop
      vertex 6.3 28 1.1
      vertex 6.3 38 1.2
      vertex 6.3 28 1.2
    endloop
  endfacet
  facet normal 1 0 0
    outer loop
      vertex 6.3 38 1.1
      vertex 6.3 28 1.1
      vertex 6.3 38 0
    endloop
  endfacet
  facet normal 1 0 0
    outer loop
      vertex 6.3 38 0
      vertex 6.3 28 1.1
      vertex 6.3 28 0
    endloop
  endfacet
  facet normal -1 0 0
    outer loop
      vertex 8.5 28 0
      vertex 8.5 38 1.1
      vertex 8.5 38 0
    endloop
  endfacet
  facet normal -1 0 0
    outer loop
      vertex 8.5 28 1.1
      vertex 8.5 38 1.1
      vertex 8.5 28 0
    endloop
  endfacet
  facet normal -1 0 0
    outer loop
      vertex 8.5 38 1.1
      vertex 8.5 28 1.1
      vertex 8.5 38 1.2
    endloop
  endfacet
  facet normal -1 -0 0
    outer loop
      vertex 8.5 38 1.2
      vertex 8.5 28 1.1
      vertex 8.5 28 1.2
    endloop
  endfacet
  facet normal 1 0 0
    outer loop
      vertex 7.9 28 1.1
      vertex 7.9 38 1.1
      vertex 7.9 38 1.2
    endloop
  endfacet
  facet normal 1 0 0
    outer loop
      vertex 7.9 28 1.1
      vertex 7.9 38 1.2
      vertex 7.9 28 1.2
    endloop
  endfacet
  facet normal 1 0 0
    outer loop
      vertex 7.9 38 1.1
      vertex 7.9 28 1.1
      vertex 7.9 38 0
    endloop
  endfacet
  facet normal 1 0 0
    outer loop
      vertex 7.9 38 0
      vertex 7.9 28 1.1
      vertex 7.9 28 0
    endloop
  endfacet
  facet normal -1 0 0
    outer loop
      vertex 10.1 28 0
      vertex 10.1 38 1.1
      vertex 10.1 38 0
    endloop
  endfacet
  facet normal -1 0 0
    outer loop
      vertex 10.1 28 1.1
      vertex 10.1 38 1.1
      vertex 10.1 28 0
    endloop
  endfacet
  facet normal -1 0 0
    outer loop
      vertex 10.1 38 1.1
      vertex 10.1 28 1.1
      vertex 10.1 38 1.2
    endloop
  endfacet
  facet normal -1 -0 0
    outer loop
      vertex 10.1 38 1.2
      vertex 10.1 28 1.1
      vertex 10.1 28 1.2
    endloop
  endfacet
  facet normal 1 0 0
    outer loop
      vertex 9.5 28 1.1
      vertex 9.5 38 1.1
      vertex 9.5 38 1.2
    endloop
  endfacet
  facet normal 1 0 0
    outer loop
      vertex 9.5 28 1.1
      vertex 9.5 38 1.2
      vertex 9.5 28 1.2
    endloop
  endfacet
  facet normal 1 0 0
    outer loop
      vertex 9.5 38 1.1
      vertex 9.5 28 1.1
      vertex 9.5 38 0
    endloop
  endfacet
  facet normal 1 0 0
    outer loop
      vertex 9.5 38 0
      vertex 9.5 28 1.1
      vertex 9.5 28 0
    endloop
  endfacet
  facet normal -1 0 0
    outer loop
      vertex 11.7 28 0
      vertex 11.7 38 1.1
      vertex 11.7 38 0
    endloop
  endfacet
  facet normal -1 0 0
    outer loop
      vertex 11.7 28 1.1
      vertex 11.7 38 1.1
      vertex 11.7 28 0
    endloop
  endfacet
  facet normal -1 0 0
    outer loop
      vertex 11.7 38 1.1
      vertex 11.7 28 1.1
      vertex 11.7 38 1.2
    endloop
  endfacet
  facet normal -1 -0 0
    outer loop
      vertex 11.7 38 1.2
      vertex 11.7 28 1.1
      vertex 11.7 28 1.2
    endloop
  endfacet
  facet normal 1 0 0
    outer loop
      vertex 11.1 28 1.1
      vertex 11.1 38 1.1
      vertex 11.1 38 1.2
    endloop
  endfacet
  facet normal 1 0 0
    outer loop
      vertex 11.1 28 1.1
      vertex 11.1 38 1.2
      vertex 11.1 28 1.2
    endloop
  endfacet
  facet normal 1 0 0
    outer loop
      vertex 11.1 38 1.1
      vertex 11.1 28 1.1
      vertex 11.1 38 0
    endloop
  endfacet
  facet normal 1 0 0
    outer loop
      vertex 11.1 38 0
      vertex 11.1 28 1.1
      vertex 11.1 28 0
    endloop
  endfacet
  facet normal -1 0 0
    outer loop
      vertex 13.3 28 0
      vertex 13.3 38 1.1
      vertex 13.3 38 0
    endloop
  endfacet
  facet normal -1 0 0
    outer loop
      vertex 13.3 28 1.1
      vertex 13.3 38 1.1
      vertex 13.3 28 0
    endloop
  endfacet
  facet normal -1 0 0
    outer loop
      vertex 13.3 38 1.1
      vertex 13.3 28 1.1
      vertex 13.3 38 1.2
    endloop
  endfacet
  facet normal -1 -0 0
    outer loop
      vertex 13.3 38 1.2
      vertex 13.3 28 1.1
      vertex 13.3 28 1.2
    endloop
  endfacet
  facet normal 1 0 0
    outer loop
      vertex 12.7 28 1.1
      vertex 12.7 38 1.1
      vertex 12.7 38 1.2
    endloop
  endfacet
  facet normal 1 0 0
    outer loop
      vertex 12.7 28 1.1
      vertex 12.7 38 1.2
      vertex 12.7 28 1.2
    endloop
  endfacet
  facet normal 1 0 0
    outer loop
      vertex 12.7 38 1.1
      vertex 12.7 28 1.1
      vertex 12.7 38 0
    endloop
  endfacet
  facet normal 1 0 0
    outer loop
      vertex 12.7 38 0
      vertex 12.7 28 1.1
      vertex 12.7 28 0
    endloop
  endfacet
  facet normal -1 0 0
    outer loop
      vertex 14.9 28 0
      vertex 14.9 38 1.1
      vertex 14.9 38 0
    endloop
  endfacet
  facet normal -1 0 0
    outer loop
      vertex 14.9 28 1.1
      vertex 14.9 38 1.1
      vertex 14.9 28 0
    endloop
  endfacet
  facet normal -1 0 0
    outer loop
      vertex 14.9 38 1.1
      vertex 14.9 28 1.1
      vertex 14.9 38 1.2
    endloop
  endfacet
  facet normal -1 -0 0
    outer loop
      vertex 14.9 38 1.2
      vertex 14.9 28 1.1
      vertex 14.9 28 1.2
    endloop
  endfacet
  facet normal 1 0 0
    outer loop
      vertex 14.3 28 1.1
      vertex 14.3 38 1.1
      vertex 14.3 38 1.2
    endloop
  endfacet
  facet normal 1 0 0
    outer loop
      vertex 14.3 28 1.1
      vertex 14.3 38 1.2
      vertex 14.3 28 1.2
    endloop
  endfacet
  facet normal 1 0 0
    outer loop
      vertex 14.3 38 1.1
      vertex 14.3 28 1.1
      vertex 14.3 38 0
    endloop
  endfacet
  facet normal 1 0 0
    outer loop
      vertex 14.3 38 0
      vertex 14.3 28 1.1
      vertex 14.3 28 0
    endloop
  endfacet
  facet normal -1 0 0
    outer loop
      vertex 16.5 28 0
      vertex 16.5 38 1.1
      vertex 16.5 38 0
    endloop
  endfacet
  facet normal -1 0 0
    outer loop
      vertex 16.5 28 1.1
      vertex 16.5 38 1.1
      vertex 16.5 28 0
    endloop
  endfacet
  facet normal -1 0 0
    outer loop
      vertex 16.5 38 1.1
      vertex 16.5 28 1.1
      vertex 16.5 38 1.2
    endloop
  endfacet
  facet normal -1 -0 0
    outer loop
      vertex 16.5 38 1.2
      vertex 16.5 28 1.1
      vertex 16.5 28 1.2
    endloop
  endfacet
  facet normal 1 0 0
    outer loop
      vertex 15.9 28 1.1
      vertex 15.9 38 1.1
      vertex 15.9 38 1.2
    endloop
  endfacet
  facet normal 1 0 0
    outer loop
      vertex 15.9 28 1.1
      vertex 15.9 38 1.2
      vertex 15.9 28 1.2
    endloop
  endfacet
  facet normal 1 0 0
    outer loop
      vertex 15.9 38 1.1
      vertex 15.9 28 1.1
      vertex 15.9 38 0
    endloop
  endfacet
  facet normal 1 0 0
    outer loop
      vertex 15.9 38 0
      vertex 15.9 28 1.1
      vertex 15.9 28 0
    endloop
  endfacet
  facet normal -1 0 0
    outer loop
      vertex 18.1 28 0
      vertex 18.1 38 1.1
      vertex 18.1 38 0
    endloop
  endfacet
  facet normal -1 0 0
    outer loop
      vertex 18.1 28 1.1
      vertex 18.1 38 1.1
      vertex 18.1 28 0
    endloop
  endfacet
  facet normal -1 0 0
    outer loop
      vertex 18.1 38 1.1
      vertex 18.1 28 1.1
      vertex 18.1 38 1.2
    endloop
  endfacet
  facet normal -1 -0 0
    outer loop
      vertex 18.1 38 1.2
      vertex 18.1 28 1.1
      vertex 18.1 28 1.2
    endloop
  endfacet
  facet normal 1 0 0
    outer loop
      vertex 17.5 28 1.1
      vertex 17.5 38 1.1
      vertex 17.5 38 1.2
    endloop
  endfacet
  facet normal 1 0 0
    outer loop
      vertex 17.5 28 1.1
      vertex 17.5 38 1.2
      vertex 17.5 28 1.2
    endloop
  endfacet
  facet normal 1 0 0
    outer loop
      vertex 17.5 38 1.1
      vertex 17.5 28 1.1
      vertex 17.5 38 0
    endloop
  endfacet
  facet normal 1 0 0
    outer loop
      vertex 17.5 38 0
      vertex 17.5 28 1.1
      vertex 17.5 28 0
    endloop
  endfacet
  facet normal -1 0 0
    outer loop
      vertex 19.7 28 0
      vertex 19.7 38 1.1
      vertex 19.7 38 0
    endloop
  endfacet
  facet normal -1 0 0
    outer loop
      vertex 19.7 28 1.1
      vertex 19.7 38 1.1
      vertex 19.7 28 0
    endloop
  endfacet
  facet normal -1 0 0
    outer loop
      vertex 19.7 38 1.1
      vertex 19.7 28 1.1
      vertex 19.7 38 1.2
    endloop
  endfacet
  facet normal -1 -0 0
    outer loop
      vertex 19.7 38 1.2
      vertex 19.7 28 1.1
      vertex 19.7 28 1.2
    endloop
  endfacet
  facet normal 1 0 0
    outer loop
      vertex 19.1 28 1.1
      vertex 19.1 38 1.1
      vertex 19.1 38 1.2
    endloop
  endfacet
  facet normal 1 0 0
    outer loop
      vertex 19.1 28 1.1
      vertex 19.1 38 1.2
      vertex 19.1 28 1.2
    endloop
  endfacet
  facet normal 1 0 0
    outer loop
      vertex 19.1 38 1.1
      vertex 19.1 28 1.1
      vertex 19.1 38 0
    endloop
  endfacet
  facet normal 1 0 0
    outer loop
      vertex 19.1 38 0
      vertex 19.1 28 1.1
      vertex 19.1 28 0
    endloop
  endfacet
  facet normal -1 0 0
    outer loop
      vertex 21.3 28 0
      vertex 21.3 38 1.1
      vertex 21.3 38 0
    endloop
  endfacet
  facet normal -1 0 0
    outer loop
      vertex 21.3 28 1.1
      vertex 21.3 38 1.1
      vertex 21.3 28 0
    endloop
  endfacet
  facet normal -1 0 0
    outer loop
      vertex 21.3 38 1.1
      vertex 21.3 28 1.1
      vertex 21.3 38 1.2
    endloop
  endfacet
  facet normal -1 -0 0
    outer loop
      vertex 21.3 38 1.2
      vertex 21.3 28 1.1
      vertex 21.3 28 1.2
    endloop
  endfacet
  facet normal 1 0 0
    outer loop
      vertex 20.7 28 1.1
      vertex 20.7 38 1.1
      vertex 20.7 38 1.2
    endloop
  endfacet
  facet normal 1 0 0
    outer loop
      vertex 20.7 28 1.1
      vertex 20.7 38 1.2
      vertex 20.7 28 1.2
    endloop
  endfacet
  facet normal 1 0 0
    outer loop
      vertex 20.7 38 1.1
      vertex 20.7 28 1.1
      vertex 20.7 38 0
    endloop
  endfacet
  facet normal 1 0 0
    outer loop
      vertex 20.7 38 0
      vertex 20.7 28 1.1
      vertex 20.7 28 0
    endloop
  endfacet
  facet normal -1 0 0
    outer loop
      vertex 22.9 28 0
      vertex 22.9 38 1.1
      vertex 22.9 38 0
    endloop
  endfacet
  facet normal -1 0 0
    outer loop
      vertex 22.9 28 1.1
      vertex 22.9 38 1.1
      vertex 22.9 28 0
    endloop
  endfacet
  facet normal -1 0 0
    outer loop
      vertex 22.9 38 1.1
      vertex 22.9 28 1.1
      vertex 22.9 38 1.2
    endloop
  endfacet
  facet normal -1 -0 0
    outer loop
      vertex 22.9 38 1.2
      vertex 22.9 28 1.1
      vertex 22.9 28 1.2
    endloop
  endfacet
  facet normal 1 0 0
    outer loop
      vertex 22.3 28 1.1
      vertex 22.3 38 1.1
      vertex 22.3 38 1.2
    endloop
  endfacet
  facet normal 1 0 0
    outer loop
      vertex 22.3 28 1.1
      vertex 22.3 38 1.2
      vertex 22.3 28 1.2
    endloop
  endfacet
  facet normal 1 0 0
    outer loop
      vertex 22.3 38 1.1
      vertex 22.3 28 1.1
      vertex 22.3 38 0
    endloop
  endfacet
  facet normal 1 0 0
    outer loop
      vertex 22.3 38 0
      vertex 22.3 28 1.1
      vertex 22.3 28 0
    endloop
  endfacet
  facet normal -1 0 0
    outer loop
      vertex 24.5 28 0
      vertex 24.5 38 1.1
      vertex 24.5 38 0
    endloop
  endfacet
  facet normal -1 0 0
    outer loop
      vertex 24.5 28 1.1
      vertex 24.5 38 1.1
      vertex 24.5 28 0
    endloop
  endfacet
  facet normal -1 0 0
    outer loop
      vertex 24.5 38 1.1
      vertex 24.5 28 1.1
      vertex 24.5 38 1.2
    endloop
  endfacet
  facet normal -1 -0 0
    outer loop
      vertex 24.5 38 1.2
      vertex 24.5 28 1.1
      vertex 24.5 28 1.2
    endloop
  endfacet
  facet normal 1 0 0
    outer loop
      vertex 23.9 28 1.1
      vertex 23.9 38 1.1
      vertex 23.9 38 1.2
    endloop
  endfacet
  facet normal 1 0 0
    outer loop
      vertex 23.9 28 1.1
      vertex 23.9 38 1.2
      vertex 23.9 28 1.2
    endloop
  endfacet
  facet normal 1 0 0
    outer loop
      vertex 23.9 38 1.1
      vertex 23.9 28 1.1
      vertex 23.9 38 0
    endloop
  endfacet
  facet normal 1 0 0
    outer loop
      vertex 23.9 38 0
      vertex 23.9 28 1.1
      vertex 23.9 28 0
    endloop
  endfacet
  facet normal -1 0 0
    outer loop
      vertex 26.1 28 0
      vertex 26.1 38 1.1
      vertex 26.1 38 0
    endloop
  endfacet
  facet normal -1 0 0
    outer loop
      vertex 26.1 28 1.1
      vertex 26.1 38 1.1
      vertex 26.1 28 0
    endloop
  endfacet
  facet normal -1 0 0
    outer loop
      vertex 26.1 38 1.1
      vertex 26.1 28 1.1
      vertex 26.1 38 1.2
    endloop
  endfacet
  facet normal -1 -0 0
    outer loop
      vertex 26.1 38 1.2
      vertex 26.1 28 1.1
      vertex 26.1 28 1.2
    endloop
  endfacet
  facet normal 1 0 0
    outer loop
      vertex 25.5 28 1.1
      vertex 25.5 38 1.1
      vertex 25.5 38 1.2
    endloop
  endfacet
  facet normal 1 0 0
    outer loop
      vertex 25.5 28 1.1
      vertex 25.5 38 1.2
      vertex 25.5 28 1.2
    endloop
  endfacet
  facet normal 1 0 0
    outer loop
      vertex 25.5 38 1.1
      vertex 25.5 28 1.1
      vertex 25.5 38 0
    endloop
  endfacet
  facet normal 1 0 0
    outer loop
      vertex 25.5 38 0
      vertex 25.5 28 1.1
      vertex 25.5 28 0
    endloop
  endfacet
  facet normal -1 0 0
    outer loop
      vertex 27.7 28 0
      vertex 27.7 38 1.1
      vertex 27.7 38 0
    endloop
  endfacet
  facet normal -1 0 0
    outer loop
      vertex 27.7 28 1.1
      vertex 27.7 38 1.1
      vertex 27.7 28 0
    endloop
  endfacet
  facet normal -1 0 0
    outer loop
      vertex 27.7 38 1.1
      vertex 27.7 28 1.1
      vertex 27.7 38 1.2
    endloop
  endfacet
  facet normal -1 -0 0
    outer loop
      vertex 27.7 38 1.2
      vertex 27.7 28 1.1
      vertex 27.7 28 1.2
    endloop
  endfacet
  facet normal 1 0 0
    outer loop
      vertex 27.1 28 1.1
      vertex 27.1 38 1.1
      vertex 27.1 38 1.2
    endloop
  endfacet
  facet normal 1 0 0
    outer loop
      vertex 27.1 28 1.1
      vertex 27.1 38 1.2
      vertex 27.1 28 1.2
    endloop
  endfacet
  facet normal 1 0 0
    outer loop
      vertex 27.1 38 1.1
      vertex 27.1 28 1.1
      vertex 27.1 38 0
    endloop
  endfacet
  facet normal 1 0 0
    outer loop
      vertex 27.1 38 0
      vertex 27.1 28 1.1
      vertex 27.1 28 0
    endloop
  endfacet
  facet normal -1 0 0
    outer loop
      vertex 29.3 28 0
      vertex 29.3 38 1.1
      vertex 29.3 38 0
    endloop
  endfacet
  facet normal -1 0 0
    outer loop
      vertex 29.3 28 1.1
      vertex 29.3 38 1.1
      vertex 29.3 28 0
    endloop
  endfacet
  facet normal -1 0 0
    outer loop
      vertex 29.3 38 1.1
      vertex 29.3 28 1.1
      vertex 29.3 38 1.2
    endloop
  endfacet
  facet normal -1 -0 0
    outer loop
      vertex 29.3 38 1.2
      vertex 29.3 28 1.1
      vertex 29.3 28 1.2
    endloop
  endfacet
  facet normal 1 0 0
    outer loop
      vertex 28.7 28 1.1
      vertex 28.7 38 1.1
      vertex 28.7 38 1.2
    endloop
  endfacet
  facet normal 1 0 0
    outer loop
      vertex 28.7 28 1.1
      vertex 28.7 38 1.2
      vertex 28.7 28 1.2
    endloop
  endfacet
  facet normal 1 0 0
    outer loop
      vertex 28.7 38 1.1
      vertex 28.7 28 1.1
      vertex 28.7 38 0
    endloop
  endfacet
  facet normal 1 0 0
    outer loop
      vertex 28.7 38 0
      vertex 28.7 28 1.1
      vertex 28.7 28 0
    endloop
  endfacet
  facet normal -1 0 0
    outer loop
      vertex 30.9 28 0
      vertex 30.9 38 1.1
      vertex 30.9 38 0
    endloop
  endfacet
  facet normal -1 0 0
    outer loop
      vertex 30.9 28 1.1
      vertex 30.9 38 1.1
      vertex 30.9 28 0
    endloop
  endfacet
  facet normal -1 0 0
    outer loop
      vertex 30.9 38 1.1
      vertex 30.9 28 1.1
      vertex 30.9 38 1.2
    endloop
  endfacet
  facet normal -1 -0 0
    outer loop
      vertex 30.9 38 1.2
      vertex 30.9 28 1.1
      vertex 30.9 28 1.2
    endloop
  endfacet
  facet normal 1 0 0
    outer loop
      vertex 30.3 28 1.1
      vertex 30.3 38 1.1
      vertex 30.3 38 1.2
    endloop
  endfacet
  facet normal 1 0 0
    outer loop
      vertex 30.3 28 1.1
      vertex 30.3 38 1.2
      vertex 30.3 28 1.2
    endloop
  endfacet
  facet normal 1 0 0
    outer loop
      vertex 30.3 38 1.1
      vertex 30.3 28 1.1
      vertex 30.3 38 0
    endloop
  endfacet
  facet normal 1 0 0
    outer loop
      vertex 30.3 38 0
      vertex 30.3 28 1.1
      vertex 30.3 28 0
    endloop
  endfacet
  facet normal -1 0 0
    outer loop
      vertex 32.5 28 0
      vertex 32.5 38 1.1
      vertex 32.5 38 0
    endloop
  endfacet
  facet normal -1 0 0
    outer loop
      vertex 32.5 28 1.1
      vertex 32.5 38 1.1
      vertex 32.5 28 0
    endloop
  endfacet
  facet normal -1 0 0
    outer loop
      vertex 32.5 38 1.1
      vertex 32.5 28 1.1
      vertex 32.5 38 1.2
    endloop
  endfacet
  facet normal -1 -0 0
    outer loop
      vertex 32.5 38 1.2
      vertex 32.5 28 1.1
      vertex 32.5 28 1.2
    endloop
  endfacet
  facet normal 1 0 0
    outer loop
      vertex 31.9 28 1.1
      vertex 31.9 38 1.1
      vertex 31.9 38 1.2
    endloop
  endfacet
  facet normal 1 0 0
    outer loop
      vertex 31.9 28 1.1
      vertex 31.9 38 1.2
      vertex 31.9 28 1.2
    endloop
  endfacet
  facet normal 1 0 0
    outer loop
      vertex 31.9 38 1.1
      vertex 31.9 28 1.1
      vertex 31.9 38 0
    endloop
  endfacet
  facet normal 1 0 0
    outer loop
      vertex 31.9 38 0
      vertex 31.9 28 1.1
      vertex 31.9 28 0
    endloop
  endfacet
  facet normal -1 0 0
    outer loop
      vertex 34.1 28 0
      vertex 34.1 38 1.1
      vertex 34.1 38 0
    endloop
  endfacet
  facet normal -1 0 0
    outer loop
      vertex 34.1 28 1.1
      vertex 34.1 38 1.1
      vertex 34.1 28 0
    endloop
  endfacet
  facet normal -1 0 0
    outer loop
      vertex 34.1 38 1.1
      vertex 34.1 28 1.1
      vertex 34.1 38 1.2
    endloop
  endfacet
  facet normal -1 -0 0
    outer loop
      vertex 34.1 38 1.2
      vertex 34.1 28 1.1
      vertex 34.1 28 1.2
    endloop
  endfacet
  facet normal 1 0 0
    outer loop
      vertex 33.5 28 1.1
      vertex 33.5 38 1.1
      vertex 33.5 38 1.2
    endloop
  endfacet
  facet normal 1 0 0
    outer loop
      vertex 33.5 28 1.1
      vertex 33.5 38 1.2
      vertex 33.5 28 1.2
    endloop
  endfacet
  facet normal 1 0 0
    outer loop
      vertex 33.5 38 1.1
      vertex 33.5 28 1.1
      vertex 33.5 38 0
    endloop
  endfacet
  facet normal 1 0 0
    outer loop
      vertex 33.5 38 0
      vertex 33.5 28 1.1
      vertex 33.5 28 0
    endloop
  endfacet
  facet normal -1 0 0
    outer loop
      vertex 35.7 28 0
      vertex 35.7 38 1.1
      vertex 35.7 38 0
    endloop
  endfacet
  facet normal -1 0 0
    outer loop
      vertex 35.7 28 1.1
      vertex 35.7 38 1.1
      vertex 35.7 28 0
    endloop
  endfacet
  facet normal -1 0 0
    outer loop
      vertex 35.7 38 1.1
      vertex 35.7 28 1.1
      vertex 35.7 38 1.2
    endloop
  endfacet
  facet normal -1 -0 0
    outer loop
      vertex 35.7 38 1.2
      vertex 35.7 28 1.1
      vertex 35.7 28 1.2
    endloop
  endfacet
  facet normal 1 0 0
    outer loop
      vertex 35.1 28 1.1
      vertex 35.1 38 1.1
      vertex 35.1 38 1.2
    endloop
  endfacet
  facet normal 1 0 0
    outer loop
      vertex 35.1 28 1.1
      vertex 35.1 38 1.2
      vertex 35.1 28 1.2
    endloop
  endfacet
  facet normal 1 0 0
    outer loop
      vertex 35.1 38 1.1
      vertex 35.1 28 1.1
      vertex 35.1 38 0
    endloop
  endfacet
  facet normal 1 0 0
    outer loop
      vertex 35.1 38 0
      vertex 35.1 28 1.1
      vertex 35.1 28 0
    endloop
  endfacet
  facet normal -1 0 0
    outer loop
      vertex 37.3 28 0
      vertex 37.3 38 1.1
      vertex 37.3 38 0
    endloop
  endfacet
  facet normal -1 0 0
    outer loop
      vertex 37.3 28 1.1
      vertex 37.3 38 1.1
      vertex 37.3 28 0
    endloop
  endfacet
  facet normal -1 0 0
    outer loop
      vertex 37.3 38 1.1
      vertex 37.3 28 1.1
      vertex 37.3 38 1.2
    endloop
  endfacet
  facet normal -1 -0 0
    outer loop
      vertex 37.3 38 1.2
      vertex 37.3 28 1.1
      vertex 37.3 28 1.2
    endloop
  endfacet
  facet normal 1 0 0
    outer loop
      vertex 36.7 28 1.1
      vertex 36.7 38 1.1
      vertex 36.7 38 1.2
    endloop
  endfacet
  facet normal 1 0 0
    outer loop
      vertex 36.7 28 1.1
      vertex 36.7 38 1.2
      vertex 36.7 28 1.2
    endloop
  endfacet
  facet normal 1 0 0
    outer loop
      vertex 36.7 38 1.1
      vertex 36.7 28 1.1
      vertex 36.7 38 0
    endloop
  endfacet
  facet normal 1 0 0
    outer loop
      vertex 36.7 38 0
      vertex 36.7 28 1.1
      vertex 36.7 28 0
    endloop
  endfacet
  facet normal -1 0 0
    outer loop
      vertex 38.9 28 0
      vertex 38.9 38 1.1
      vertex 38.9 38 0
    endloop
  endfacet
  facet normal -1 0 0
    outer loop
      vertex 38.9 28 1.1
      vertex 38.9 38 1.1
      vertex 38.9 28 0
    endloop
  endfacet
  facet normal -1 0 0
    outer loop
      vertex 38.9 38 1.1
      vertex 38.9 28 1.1
      vertex 38.9 38 1.2
    endloop
  endfacet
  facet normal -1 -0 0
    outer loop
      vertex 38.9 38 1.2
      vertex 38.9 28 1.1
      vertex 38.9 28 1.2
    endloop
  endfacet
  facet normal 1 0 0
    outer loop
      vertex 38.3 28 1.1
      vertex 38.3 38 1.1
      vertex 38.3 38 1.2
    endloop
  endfacet
  facet normal 1 0 0
    outer loop
      vertex 38.3 28 1.1
      vertex 38.3 38 1.2
      vertex 38.3 28 1.2
    endloop
  endfacet
  facet normal 1 0 0
    outer loop
      vertex 38.3 38 1.1
      vertex 38.3 28 1.1
      vertex 38.3 38 0
    endloop
  endfacet
  facet normal 1 0 0
    outer loop
      vertex 38.3 38 0
      vertex 38.3 28 1.1
      vertex 38.3 28 0
    endloop
  endfacet
  facet normal -1 0 0
    outer loop
      vertex 40.5 28 0
      vertex 40.5 38 1.1
      vertex 40.5 38 0
    endloop
  endfacet
  facet normal -1 0 0
    outer loop
      vertex 40.5 28 1.1
      vertex 40.5 38 1.1
      vertex 40.5 28 0
    endloop
  endfacet
  facet normal -1 0 0
    outer loop
      vertex 40.5 38 1.1
      vertex 40.5 28 1.1
      vertex 40.5 38 1.2
    endloop
  endfacet
  facet normal -1 -0 0
    outer loop
      vertex 40.5 38 1.2
      vertex 40.5 28 1.1
      vertex 40.5 28 1.2
    endloop
  endfacet
  facet normal 1 0 0
    outer loop
      vertex 39.9 28 1.1
      vertex 39.9 38 1.1
      vertex 39.9 38 1.2
    endloop
  endfacet
  facet normal 1 0 0
    outer loop
      vertex 39.9 28 1.1
      vertex 39.9 38 1.2
      vertex 39.9 28 1.2
    endloop
  endfacet
  facet normal 1 0 0
    outer loop
      vertex 39.9 38 1.1
      vertex 39.9 28 1.1
      vertex 39.9 38 0
    endloop
  endfacet
  facet normal 1 0 0
    outer loop
      vertex 39.9 38 0
      vertex 39.9 28 1.1
      vertex 39.9 28 0
    endloop
  endfacet
  facet normal -1 0 0
    outer loop
      vertex 42.1 28 0
      vertex 42.1 38 1.1
      vertex 42.1 38 0
    endloop
  endfacet
  facet normal -1 0 0
    outer loop
      vertex 42.1 28 1.1
      vertex 42.1 38 1.1
      vertex 42.1 28 0
    endloop
  endfacet
  facet normal -1 0 0
    outer loop
      vertex 42.1 38 1.1
      vertex 42.1 28 1.1
      vertex 42.1 38 1.2
    endloop
  endfacet
  facet normal -1 -0 0
    outer loop
      vertex 42.1 38 1.2
      vertex 42.1 28 1.1
      vertex 42.1 28 1.2
    endloop
  endfacet
  facet normal 1 0 0
    outer loop
      vertex 41.5 28 1.1
      vertex 41.5 38 1.1
      vertex 41.5 38 1.2
    endloop
  endfacet
  facet normal 1 0 0
    outer loop
      vertex 41.5 28 1.1
      vertex 41.5 38 1.2
      vertex 41.5 28 1.2
    endloop
  endfacet
  facet normal 1 0 0
    outer loop
      vertex 41.5 38 1.1
      vertex 41.5 28 1.1
      vertex 41.5 38 0
    endloop
  endfacet
  facet normal 1 0 0
    outer loop
      vertex 41.5 38 0
      vertex 41.5 28 1.1
      vertex 41.5 28 0
    endloop
  endfacet
  facet normal -1 0 0
    outer loop
      vertex 43.7 28 0
      vertex 43.7 38 1.1
      vertex 43.7 38 0
    endloop
  endfacet
  facet normal -1 0 0
    outer loop
      vertex 43.7 28 1.1
      vertex 43.7 38 1.1
      vertex 43.7 28 0
    endloop
  endfacet
  facet normal -1 0 0
    outer loop
      vertex 43.7 38 1.1
      vertex 43.7 28 1.1
      vertex 43.7 38 1.2
    endloop
  endfacet
  facet normal -1 -0 0
    outer loop
      vertex 43.7 38 1.2
      vertex 43.7 28 1.1
      vertex 43.7 28 1.2
    endloop
  endfacet
  facet normal 1 0 0
    outer loop
      vertex 43.1 28 1.1
      vertex 43.1 38 1.1
      vertex 43.1 38 1.2
    endloop
  endfacet
  facet normal 1 0 0
    outer loop
      vertex 43.1 28 1.1
      vertex 43.1 38 1.2
      vertex 43.1 28 1.2
    endloop
  endfacet
  facet normal 1 0 0
    outer loop
      vertex 43.1 38 1.1
      vertex 43.1 28 1.1
      vertex 43.1 38 0
    endloop
  endfacet
  facet normal 1 0 0
    outer loop
      vertex 43.1 38 0
      vertex 43.1 28 1.1
      vertex 43.1 28 0
    endloop
  endfacet
  facet normal -1 0 0
    outer loop
      vertex 45.3 28 0
      vertex 45.3 38 1.1
      vertex 45.3 38 0
    endloop
  endfacet
  facet normal -1 0 0
    outer loop
      vertex 45.3 28 1.1
      vertex 45.3 38 1.1
      vertex 45.3 28 0
    endloop
  endfacet
  facet normal -1 0 0
    outer loop
      vertex 45.3 38 1.1
      vertex 45.3 28 1.1
      vertex 45.3 38 1.2
    endloop
  endfacet
  facet normal -1 -0 0
    outer loop
      vertex 45.3 38 1.2
      vertex 45.3 28 1.1
      vertex 45.3 28 1.2
    endloop
  endfacet
  facet normal 1 0 0
    outer loop
      vertex 44.7 28 1.1
      vertex 44.7 38 1.1
      vertex 44.7 38 1.2
    endloop
  endfacet
  facet normal 1 0 0
    outer loop
      vertex 44.7 28 1.1
      vertex 44.7 38 1.2
      vertex 44.7 28 1.2
    endloop
  endfacet
  facet normal 1 0 0
    outer loop
      vertex 44.7 38 1.1
      vertex 44.7 28 1.1
      vertex 44.7 38 0
    endloop
  endfacet
  facet normal 1 0 0
    outer loop
      vertex 44.7 38 0
      vertex 44.7 28 1.1
      vertex 44.7 28 0
    endloop
  endfacet
  facet normal -1 0 0
    outer loop
      vertex 46.9 28 0
      vertex 46.9 38 1.1
      vertex 46.9 38 0
    endloop
  endfacet
  facet normal -1 0 0
    outer loop
      vertex 46.9 28 1.1
      vertex 46.9 38 1.1
      vertex 46.9 28 0
    endloop
  endfacet
  facet normal -1 0 0
    outer loop
      vertex 46.9 38 1.1
      vertex 46.9 28 1.1
      vertex 46.9 38 1.2
    endloop
  endfacet
  facet normal -1 -0 0
    outer loop
      vertex 46.9 38 1.2
      vertex 46.9 28 1.1
      vertex 46.9 28 1.2
    endloop
  endfacet
  facet normal 1 0 0
    outer loop
      vertex 46.3 28 1.1
      vertex 46.3 38 1.1
      vertex 46.3 38 1.2
    endloop
  endfacet
  facet normal 1 0 0
    outer loop
      vertex 46.3 28 1.1
      vertex 46.3 38 1.2
      vertex 46.3 28 1.2
    endloop
  endfacet
  facet normal 1 0 0
    outer loop
      vertex 46.3 38 1.1
      vertex 46.3 28 1.1
      vertex 46.3 38 0
    endloop
  endfacet
  facet normal 1 0 0
    outer loop
      vertex 46.3 38 0
      vertex 46.3 28 1.1
      vertex 46.3 28 0
    endloop
  endfacet
  facet normal -1 0 0
    outer loop
      vertex 48.5 28 0
      vertex 48.5 38 1.1
      vertex 48.5 38 0
    endloop
  endfacet
  facet normal -1 0 0
    outer loop
      vertex 48.5 28 1.1
      vertex 48.5 38 1.1
      vertex 48.5 28 0
    endloop
  endfacet
  facet normal -1 0 0
    outer loop
      vertex 48.5 38 1.1
      vertex 48.5 28 1.1
      vertex 48.5 38 1.2
    endloop
  endfacet
  facet normal -1 -0 0
    outer loop
      vertex 48.5 38 1.2
      vertex 48.5 28 1.1
      vertex 48.5 28 1.2
    endloop
  endfacet
  facet normal 1 0 0
    outer loop
      vertex 47.9 28 1.1
      vertex 47.9 38 1.1
      vertex 47.9 38 1.2
    endloop
  endfacet
  facet normal 1 0 0
    outer loop
      vertex 47.9 28 1.1
      vertex 47.9 38 1.2
      vertex 47.9 28 1.2
    endloop
  endfacet
  facet normal 1 0 0
    outer loop
      vertex 47.9 38 1.1
      vertex 47.9 28 1.1
      vertex 47.9 38 0
    endloop
  endfacet
  facet normal 1 0 0
    outer loop
      vertex 47.9 38 0
      vertex 47.9 28 1.1
      vertex 47.9 28 0
    endloop
  endfacet
  facet normal -1 0 0
    outer loop
      vertex 50.1 28 0
      vertex 50.1 38 1.1
      vertex 50.1 38 0
    endloop
  endfacet
  facet normal -1 0 0
    outer loop
      vertex 50.1 28 1.1
      vertex 50.1 38 1.1
      vertex 50.1 28 0
    endloop
  endfacet
  facet normal -1 0 0
    outer loop
      vertex 50.1 38 1.1
      vertex 50.1 28 1.1
      vertex 50.1 38 1.2
    endloop
  endfacet
  facet normal -1 -0 0
    outer loop
      vertex 50.1 38 1.2
      vertex 50.1 28 1.1
      vertex 50.1 28 1.2
    endloop
  endfacet
  facet normal 1 0 0
    outer loop
      vertex 49.5 28 1.1
      vertex 49.5 38 1.1
      vertex 49.5 38 1.2
    endloop
  endfacet
  facet normal 1 0 0
    outer loop
      vertex 49.5 28 1.1
      vertex 49.5 38 1.2
      vertex 49.5 28 1.2
    endloop
  endfacet
  facet normal 1 0 0
    outer loop
      vertex 49.5 38 1.1
      vertex 49.5 28 1.1
      vertex 49.5 38 0
    endloop
  endfacet
  facet normal 1 0 0
    outer loop
      vertex 49.5 38 0
      vertex 49.5 28 1.1
      vertex 49.5 28 0
    endloop
  endfacet
  facet normal -1 0 0
    outer loop
      vertex 51.7 28 0
      vertex 51.7 38 1.1
      vertex 51.7 38 0
    endloop
  endfacet
  facet normal -1 0 0
    outer loop
      vertex 51.7 28 1.1
      vertex 51.7 38 1.1
      vertex 51.7 28 0
    endloop
  endfacet
  facet normal -1 0 0
    outer loop
      vertex 51.7 38 1.1
      vertex 51.7 28 1.1
      vertex 51.7 38 1.2
    endloop
  endfacet
  facet normal -1 -0 0
    outer loop
      vertex 51.7 38 1.2
      vertex 51.7 28 1.1
      vertex 51.7 28 1.2
    endloop
  endfacet
  facet normal 1 0 0
    outer loop
      vertex 51.1 28 1.1
      vertex 51.1 38 1.1
      vertex 51.1 38 1.2
    endloop
  endfacet
  facet normal 1 0 0
    outer loop
      vertex 51.1 28 1.1
      vertex 51.1 38 1.2
      vertex 51.1 28 1.2
    endloop
  endfacet
  facet normal 1 0 0
    outer loop
      vertex 51.1 38 1.1
      vertex 51.1 28 1.1
      vertex 51.1 38 0
    endloop
  endfacet
  facet normal 1 0 0
    outer loop
      vertex 51.1 38 0
      vertex 51.1 28 1.1
      vertex 51.1 28 0
    endloop
  endfacet
  facet normal -1 0 0
    outer loop
      vertex 53.3 28 0
      vertex 53.3 38 1.1
      vertex 53.3 38 0
    endloop
  endfacet
  facet normal -1 0 0
    outer loop
      vertex 53.3 28 1.1
      vertex 53.3 38 1.1
      vertex 53.3 28 0
    endloop
  endfacet
  facet normal -1 0 0
    outer loop
      vertex 53.3 38 1.1
      vertex 53.3 28 1.1
      vertex 53.3 38 1.2
    endloop
  endfacet
  facet normal -1 -0 0
    outer loop
      vertex 53.3 38 1.2
      vertex 53.3 28 1.1
      vertex 53.3 28 1.2
    endloop
  endfacet
  facet normal 1 0 0
    outer loop
      vertex 52.7 28 1.1
      vertex 52.7 38 1.1
      vertex 52.7 38 1.2
    endloop
  endfacet
  facet normal 1 0 0
    outer loop
      vertex 52.7 28 1.1
      vertex 52.7 38 1.2
      vertex 52.7 28 1.2
    endloop
  endfacet
  facet normal 1 0 0
    outer loop
      vertex 52.7 38 1.1
      vertex 52.7 28 1.1
      vertex 52.7 38 0
    endloop
  endfacet
  facet normal 1 0 0
    outer loop
      vertex 52.7 38 0
      vertex 52.7 28 1.1
      vertex 52.7 28 0
    endloop
  endfacet
  facet normal -1 0 0
    outer loop
      vertex 54.9 28 0
      vertex 54.9 38 1.1
      vertex 54.9 38 0
    endloop
  endfacet
  facet normal -1 0 0
    outer loop
      vertex 54.9 28 1.1
      vertex 54.9 38 1.1
      vertex 54.9 28 0
    endloop
  endfacet
  facet normal -1 0 0
    outer loop
      vertex 54.9 38 1.1
      vertex 54.9 28 1.1
      vertex 54.9 38 1.2
    endloop
  endfacet
  facet normal -1 -0 0
    outer loop
      vertex 54.9 38 1.2
      vertex 54.9 28 1.1
      vertex 54.9 28 1.2
    endloop
  endfacet
  facet normal 1 0 0
    outer loop
      vertex 54.3 28 1.1
      vertex 54.3 38 1.1
      vertex 54.3 38 1.2
    endloop
  endfacet
  facet normal 1 0 0
    outer loop
      vertex 54.3 28 1.1
      vertex 54.3 38 1.2
      vertex 54.3 28 1.2
    endloop
  endfacet
  facet normal 1 0 0
    outer loop
      vertex 54.3 38 1.1
      vertex 54.3 28 1.1
      vertex 54.3 38 0
    endloop
  endfacet
  facet normal 1 0 0
    outer loop
      vertex 54.3 38 0
      vertex 54.3 28 1.1
      vertex 54.3 28 0
    endloop
  endfacet
  facet normal -1 0 0
    outer loop
      vertex 56.5 28 0
      vertex 56.5 38 1.1
      vertex 56.5 38 0
    endloop
  endfacet
  facet normal -1 0 0
    outer loop
      vertex 56.5 28 1.1
      vertex 56.5 38 1.1
      vertex 56.5 28 0
    endloop
  endfacet
  facet normal -1 0 0
    outer loop
      vertex 56.5 38 1.1
      vertex 56.5 28 1.1
      vertex 56.5 38 1.2
    endloop
  endfacet
  facet normal -1 -0 0
    outer loop
      vertex 56.5 38 1.2
      vertex 56.5 28 1.1
      vertex 56.5 28 1.2
    endloop
  endfacet
  facet normal 1 0 0
    outer loop
      vertex 55.9 28 1.1
      vertex 55.9 38 1.1
      vertex 55.9 38 1.2
    endloop
  endfacet
  facet normal 1 0 0
    outer loop
      vertex 55.9 28 1.1
      vertex 55.9 38 1.2
      vertex 55.9 28 1.2
    endloop
  endfacet
  facet normal 1 0 0
    outer loop
      vertex 55.9 38 1.1
      vertex 55.9 28 1.1
      vertex 55.9 38 0
    endloop
  endfacet
  facet normal 1 0 0
    outer loop
      vertex 55.9 38 0
      vertex 55.9 28 1.1
      vertex 55.9 28 0
    endloop
  endfacet
  facet normal -1 0 0
    outer loop
      vertex 58.1 28 0
      vertex 58.1 38 1.1
      vertex 58.1 38 0
    endloop
  endfacet
  facet normal -1 0 0
    outer loop
      vertex 58.1 28 1.1
      vertex 58.1 38 1.1
      vertex 58.1 28 0
    endloop
  endfacet
  facet normal -1 0 0
    outer loop
      vertex 58.1 38 1.1
      vertex 58.1 28 1.1
      vertex 58.1 38 1.2
    endloop
  endfacet
  facet normal -1 -0 0
    outer loop
      vertex 58.1 38 1.2
      vertex 58.1 28 1.1
      vertex 58.1 28 1.2
    endloop
  endfacet
  facet normal 1 0 0
    outer loop
      vertex 57.5 28 1.1
      vertex 57.5 38 1.1
      vertex 57.5 38 1.2
    endloop
  endfacet
  facet normal 1 0 0
    outer loop
      vertex 57.5 28 1.1
      vertex 57.5 38 1.2
      vertex 57.5 28 1.2
    endloop
  endfacet
  facet normal 1 0 0
    outer loop
      vertex 57.5 38 1.1
      vertex 57.5 28 1.1
      vertex 57.5 38 0
    endloop
  endfacet
  facet normal 1 0 0
    outer loop
      vertex 57.5 38 0
      vertex 57.5 28 1.1
      vertex 57.5 28 0
    endloop
  endfacet
  facet normal -1 0 0
    outer loop
      vertex 59.7 28 0
      vertex 59.7 38 1.1
      vertex 59.7 38 0
    endloop
  endfacet
  facet normal -1 0 0
    outer loop
      vertex 59.7 28 1.1
      vertex 59.7 38 1.1
      vertex 59.7 28 0
    endloop
  endfacet
  facet normal -1 0 0
    outer loop
      vertex 59.7 38 1.1
      vertex 59.7 28 1.1
      vertex 59.7 38 1.2
    endloop
  endfacet
  facet normal -1 -0 0
    outer loop
      vertex 59.7 38 1.2
      vertex 59.7 28 1.1
      vertex 59.7 28 1.2
    endloop
  endfacet
  facet normal 1 0 0
    outer loop
      vertex 59.1 28 1.1
      vertex 59.1 38 1.1
      vertex 59.1 38 1.2
    endloop
  endfacet
  facet normal 1 0 0
    outer loop
      vertex 59.1 28 1.1
      vertex 59.1 38 1.2
      vertex 59.1 28 1.2
    endloop
  endfacet
  facet normal 1 0 0
    outer loop
      vertex 59.1 38 1.1
      vertex 59.1 28 1.1
      vertex 59.1 38 0
    endloop
  endfacet
  facet normal 1 0 0
    outer loop
      vertex 59.1 38 0
      vertex 59.1 28 1.1
      vertex 59.1 28 0
    endloop
  endfacet
  facet normal -1 0 0
    outer loop
      vertex 61.3 28 0
      vertex 61.3 38 1.1
      vertex 61.3 38 0
    endloop
  endfacet
  facet normal -1 0 0
    outer loop
      vertex 61.3 28 1.1
      vertex 61.3 38 1.1
      vertex 61.3 28 0
    endloop
  endfacet
  facet normal -1 0 0
    outer loop
      vertex 61.3 38 1.1
      vertex 61.3 28 1.1
      vertex 61.3 38 1.2
    endloop
  endfacet
  facet normal -1 -0 0
    outer loop
      vertex 61.3 38 1.2
      vertex 61.3 28 1.1
      vertex 61.3 28 1.2
    endloop
  endfacet
  facet normal 1 0 0
    outer loop
      vertex 60.7 28 1.1
      vertex 60.7 38 1.1
      vertex 60.7 38 1.2
    endloop
  endfacet
  facet normal 1 0 0
    outer loop
      vertex 60.7 28 1.1
      vertex 60.7 38 1.2
      vertex 60.7 28 1.2
    endloop
  endfacet
  facet normal 1 0 0
    outer loop
      vertex 60.7 38 1.1
      vertex 60.7 28 1.1
      vertex 60.7 38 0
    endloop
  endfacet
  facet normal 1 0 0
    outer loop
      vertex 60.7 38 0
      vertex 60.7 28 1.1
      vertex 60.7 28 0
    endloop
  endfacet
  facet normal 1 -0 0
    outer loop
      vertex 66 24 1.2
      vertex 66 42 0
      vertex 66 42 1.2
    endloop
  endfacet
  facet normal 1 0 0
    outer loop
      vertex 66 42 0
      vertex 66 24 1.2
      vertex 66 24 0
    endloop
  endfacet
  facet normal 0 0 1
    outer loop
      vertex 66 42 1.2
      vertex 64 40 1.2
      vertex 66 24 1.2
    endloop
  endfacet
  facet normal 0 0 1
    outer loop
      vertex 66 42 1.2
      vertex 2 40 1.2
      vertex 64 40 1.2
    endloop
  endfacet
  facet normal 0 0 1
    outer loop
      vertex 2 40 1.2
      vertex 0 42 1.2
      vertex 2 26 1.2
    endloop
  endfacet
  facet normal -0 0 1
    outer loop
      vertex 0 42 1.2
      vertex 2 40 1.2
      vertex 66 42 1.2
    endloop
  endfacet
  facet normal -0 0 1
    outer loop
      vertex 64 26 1.2
      vertex 66 24 1.2
      vertex 64 40 1.2
    endloop
  endfacet
  facet normal -0 0 1
    outer loop
      vertex 2 26 1.2
      vertex 66 24 1.2
      vertex 64 26 1.2
    endloop
  endfacet
  facet normal 0 0 1
    outer loop
      vertex 2 26 1.2
      vertex 0 24 1.2
      vertex 66 24 1.2
    endloop
  endfacet
  facet normal 0 0 1
    outer loop
      vertex 0 24 1.2
      vertex 2 26 1.2
      vertex 0 42 1.2
    endloop
  endfacet
  facet normal -0 0 1
    outer loop
      vertex 4 38 1.2
      vertex 4.7 28 1.2
      vertex 4.7 38 1.2
    endloop
  endfacet
  facet normal 0 0 1
    outer loop
      vertex 4.7 28 1.2
      vertex 4 38 1.2
      vertex 4 28 1.2
    endloop
  endfacet
  facet normal -0 0 1
    outer loop
      vertex 5.3 38 1.2
      vertex 6.3 28 1.2
      vertex 6.3 38 1.2
    endloop
  endfacet
  facet normal 0 0 1
    outer loop
      vertex 6.3 28 1.2
      vertex 5.3 38 1.2
      vertex 5.3 28 1.2
    endloop
  endfacet
  facet normal -0 0 1
    outer loop
      vertex 6.9 38 1.2
      vertex 7.9 28 1.2
      vertex 7.9 38 1.2
    endloop
  endfacet
  facet normal 0 0 1
    outer loop
      vertex 7.9 28 1.2
      vertex 6.9 38 1.2
      vertex 6.9 28 1.2
    endloop
  endfacet
  facet normal -0 0 1
    outer loop
      vertex 8.5 38 1.2
      vertex 9.5 28 1.2
      vertex 9.5 38 1.2
    endloop
  endfacet
  facet normal 0 0 1
    outer loop
      vertex 9.5 28 1.2
      vertex 8.5 38 1.2
      vertex 8.5 28 1.2
    endloop
  endfacet
  facet normal -0 0 1
    outer loop
      vertex 10.1 38 1.2
      vertex 11.1 28 1.2
      vertex 11.1 38 1.2
    endloop
  endfacet
  facet normal 0 0 1
    outer loop
      vertex 11.1 28 1.2
      vertex 10.1 38 1.2
      vertex 10.1 28 1.2
    endloop
  endfacet
  facet normal -0 0 1
    outer loop
      vertex 11.7 38 1.2
      vertex 12.7 28 1.2
      vertex 12.7 38 1.2
    endloop
  endfacet
  facet normal 0 0 1
    outer loop
      vertex 12.7 28 1.2
      vertex 11.7 38 1.2
      vertex 11.7 28 1.2
    endloop
  endfacet
  facet normal -0 0 1
    outer loop
      vertex 13.3 38 1.2
      vertex 14.3 28 1.2
      vertex 14.3 38 1.2
    endloop
  endfacet
  facet normal 0 0 1
    outer loop
      vertex 14.3 28 1.2
      vertex 13.3 38 1.2
      vertex 13.3 28 1.2
    endloop
  endfacet
  facet normal -0 0 1
    outer loop
      vertex 14.9 38 1.2
      vertex 15.9 28 1.2
      vertex 15.9 38 1.2
    endloop
  endfacet
  facet normal 0 0 1
    outer loop
      vertex 15.9 28 1.2
      vertex 14.9 38 1.2
      vertex 14.9 28 1.2
    endloop
  endfacet
  facet normal -0 0 1
    outer loop
      vertex 16.5 38 1.2
      vertex 17.5 28 1.2
      vertex 17.5 38 1.2
    endloop
  endfacet
  facet normal 0 0 1
    outer loop
      vertex 17.5 28 1.2
      vertex 16.5 38 1.2
      vertex 16.5 28 1.2
    endloop
  endfacet
  facet normal -0 0 1
    outer loop
      vertex 18.1 38 1.2
      vertex 19.1 28 1.2
      vertex 19.1 38 1.2
    endloop
  endfacet
  facet normal 0 0 1
    outer loop
      vertex 19.1 28 1.2
      vertex 18.1 38 1.2
      vertex 18.1 28 1.2
    endloop
  endfacet
  facet normal -0 0 1
    outer loop
      vertex 19.7 38 1.2
      vertex 20.7 28 1.2
      vertex 20.7 38 1.2
    endloop
  endfacet
  facet normal 0 0 1
    outer loop
      vertex 20.7 28 1.2
      vertex 19.7 38 1.2
      vertex 19.7 28 1.2
    endloop
  endfacet
  facet normal -0 0 1
    outer loop
      vertex 21.3 38 1.2
      vertex 22.3 28 1.2
      vertex 22.3 38 1.2
    endloop
  endfacet
  facet normal 0 0 1
    outer loop
      vertex 22.3 28 1.2
      vertex 21.3 38 1.2
      vertex 21.3 28 1.2
    endloop
  endfacet
  facet normal -0 0 1
    outer loop
      vertex 22.9 38 1.2
      vertex 23.9 28 1.2
      vertex 23.9 38 1.2
    endloop
  endfacet
  facet normal 0 0 1
    outer loop
      vertex 23.9 28 1.2
      vertex 22.9 38 1.2
      vertex 22.9 28 1.2
    endloop
  endfacet
  facet normal -0 0 1
    outer loop
      vertex 24.5 38 1.2
      vertex 25.5 28 1.2
      vertex 25.5 38 1.2
    endloop
  endfacet
  facet normal 0 0 1
    outer loop
      vertex 25.5 28 1.2
      vertex 24.5 38 1.2
      vertex 24.5 28 1.2
    endloop
  endfacet
  facet normal -0 0 1
    outer loop
      vertex 26.1 38 1.2
      vertex 27.1 28 1.2
      vertex 27.1 38 1.2
    endloop
  endfacet
  facet normal 0 0 1
    outer loop
      vertex 27.1 28 1.2
      vertex 26.1 38 1.2
      vertex 26.1 28 1.2
    endloop
  endfacet
  facet normal -0 0 1
    outer loop
      vertex 27.7 38 1.2
      vertex 28.7 28 1.2
      vertex 28.7 38 1.2
    endloop
  endfacet
  facet normal 0 0 1
    outer loop
      vertex 28.7 28 1.2
      vertex 27.7 38 1.2
      vertex 27.7 28 1.2
    endloop
  endfacet
  facet normal -0 0 1
    outer loop
      vertex 29.3 38 1.2
      vertex 30.3 28 1.2
      vertex 30.3 38 1.2
    endloop
  endfacet
  facet normal 0 0 1
    outer loop
      vertex 30.3 28 1.2
      vertex 29.3 38 1.2
      vertex 29.3 28 1.2
    endloop
  endfacet
  facet normal -0 0 1
    outer loop
      vertex 30.9 38 1.2
      vertex 31.9 28 1.2
      vertex 31.9 38 1.2
    endloop
  endfacet
  facet normal 0 0 1
    outer loop
      vertex 31.9 28 1.2
      vertex 30.9 38 1.2
      vertex 30.9 28 1.2
    endloop
  endfacet
  facet normal -0 0 1
    outer loop
      vertex 32.5 38 1.2
      vertex 33.5 28 1.2
      vertex 33.5 38 1.2
    endloop
  endfacet
  facet normal 0 0 1
    outer loop
      vertex 33.5 28 1.2
      vertex 32.5 38 1.2
      vertex 32.5 28 1.2
    endloop
  endfacet
  facet normal -0 0 1
    outer loop
      vertex 34.1 38 1.2
      vertex 35.1 28 1.2
      vertex 35.1 38 1.2
    endloop
  endfacet
  facet normal 0 0 1
    outer loop
      vertex 35.1 28 1.2
      vertex 34.1 38 1.2
      vertex 34.1 28 1.2
    endloop
  endfacet
  facet normal -0 0 1
    outer loop
      vertex 35.7 38 1.2
      vertex 36.7 28 1.2
      vertex 36.7 38 1.2
    endloop
  endfacet
  facet normal 0 0 1
    outer loop
      vertex 36.7 28 1.2
      vertex 35.7 38 1.2
      vertex 35.7 28 1.2
    endloop
  endfacet
  facet normal -0 0 1
    outer loop
      vertex 37.3 38 1.2
      vertex 38.3 28 1.2
      vertex 38.3 38 1.2
    endloop
  endfacet
  facet normal 0 0 1
    outer loop
      vertex 38.3 28 1.2
      vertex 37.3 38 1.2
      vertex 37.3 28 1.2
    endloop
  endfacet
  facet normal -0 0 1
    outer loop
      vertex 38.9 38 1.2
      vertex 39.9 28 1.2
      vertex 39.9 38 1.2
    endloop
  endfacet
  facet normal 0 0 1
    outer loop
      vertex 39.9 28 1.2
      vertex 38.9 38 1.2
      vertex 38.9 28 1.2
    endloop
  endfacet
  facet normal -0 0 1
    outer loop
      vertex 40.5 38 1.2
      vertex 41.5 28 1.2
      vertex 41.5 38 1.2
    endloop
  endfacet
  facet normal 0 0 1
    outer loop
      vertex 41.5 28 1.2
      vertex 40.5 38 1.2
      vertex 40.5 28 1.2
    endloop
  endfacet
  facet normal -0 0 1
    outer loop
      vertex 42.1 38 1.2
      vertex 43.1 28 1.2
      vertex 43.1 38 1.2
    endloop
  endfacet
  facet normal 0 0 1
    outer loop
      vertex 43.1 28 1.2
      vertex 42.1 38 1.2
      vertex 42.1 28 1.2
    endloop
  endfacet
  facet normal -0 0 1
    outer loop
      vertex 43.7 38 1.2
      vertex 44.7 28 1.2
      vertex 44.7 38 1.2
    endloop
  endfacet
  facet normal 0 0 1
    outer loop
      vertex 44.7 28 1.2
      vertex 43.7 38 1.2
      vertex 43.7 28 1.2
    endloop
  endfacet
  facet normal -0 0 1
    outer loop
      vertex 45.3 38 1.2
      vertex 46.3 28 1.2
      vertex 46.3 38 1.2
    endloop
  endfacet
  facet normal 0 0 1
    outer loop
      vertex 46.3 28 1.2
      vertex 45.3 38 1.2
      vertex 45.3 28 1.2
    endloop
  endfacet
  facet normal -0 0 1
    outer loop
      vertex 46.9 38 1.2
      vertex 47.9 28 1.2
      vertex 47.9 38 1.2
    endloop
  endfacet
  facet normal 0 0 1
    outer loop
      vertex 47.9 28 1.2
      vertex 46.9 38 1.2
      vertex 46.9 28 1.2
    endloop
  endfacet
  facet normal -0 0 1
    outer loop
      vertex 48.5 38 1.2
      vertex 49.5 28 1.2
      vertex 49.5 38 1.2
    endloop
  endfacet
  facet normal 0 0 1
    outer loop
      vertex 49.5 28 1.2
      vertex 48.5 38 1.2
      vertex 48.5 28 1.2
    endloop
  endfacet
  facet normal -0 0 1
    outer loop
      vertex 50.1 38 1.2
      vertex 51.1 28 1.2
      vertex 51.1 38 1.2
    endloop
  endfacet
  facet normal 0 0 1
    outer loop
      vertex 51.1 28 1.2
      vertex 50.1 38 1.2
      vertex 50.1 28 1.2
    endloop
  endfacet
  facet normal -0 0 1
    outer loop
      vertex 51.7 38 1.2
      vertex 52.7 28 1.2
      vertex 52.7 38 1.2
    endloop
  endfacet
  facet normal 0 0 1
    outer loop
      vertex 52.7 28 1.2
      vertex 51.7 38 1.2
      vertex 51.7 28 1.2
    endloop
  endfacet
  facet normal -0 0 1
    outer loop
      vertex 53.3 38 1.2
      vertex 54.3 28 1.2
      vertex 54.3 38 1.2
    endloop
  endfacet
  facet normal 0 0 1
    outer loop
      vertex 54.3 28 1.2
      vertex 53.3 38 1.2
      vertex 53.3 28 1.2
    endloop
  endfacet
  facet normal -0 0 1
    outer loop
      vertex 54.9 38 1.2
      vertex 55.9 28 1.2
      vertex 55.9 38 1.2
    endloop
  endfacet
  facet normal 0 0 1
    outer loop
      vertex 55.9 28 1.2
      vertex 54.9 38 1.2
      vertex 54.9 28 1.2
    endloop
  endfacet
  facet normal -0 0 1
    outer loop
      vertex 56.5 38 1.2
      vertex 57.5 28 1.2
      vertex 57.5 38 1.2
    endloop
  endfacet
  facet normal 0 0 1
    outer loop
      vertex 57.5 28 1.2
      vertex 56.5 38 1.2
      vertex 56.5 28 1.2
    endloop
  endfacet
  facet normal -0 0 1
    outer loop
      vertex 58.1 38 1.2
      vertex 59.1 28 1.2
      vertex 59.1 38 1.2
    endloop
  endfacet
  facet normal 0 0 1
    outer loop
      vertex 59.1 28 1.2
      vertex 58.1 38 1.2
      vertex 58.1 28 1.2
    endloop
  endfacet
  facet normal -0 0 1
    outer loop
      vertex 59.7 38 1.2
      vertex 60.7 28 1.2
      vertex 60.7 38 1.2
    endloop
  endfacet
  facet normal 0 0 1
    outer loop
      vertex 60.7 28 1.2
      vertex 59.7 38 1.2
      vertex 59.7 28 1.2
    endloop
  endfacet
  facet normal -0 0 1
    outer loop
      vertex 61.3 38 1.2
      vertex 62 28 1.2
      vertex 62 38 1.2
    endloop
  endfacet
  facet normal 0 0 1
    outer loop
      vertex 62 28 1.2
      vertex 61.3 38 1.2
      vertex 61.3 28 1.2
    endloop
  endfacet
  facet normal 0 0 -1
    outer loop
      vertex 66 24 0
      vertex 61.3 28 0
      vertex 66 42 0
    endloop
  endfacet
  facet normal 0 0 -1
    outer loop
      vertex 66 24 0
      vertex 60.7 28 0
      vertex 61.3 28 0
    endloop
  endfacet
  facet normal 0 0 -1
    outer loop
      vertex 60.7 28 0
      vertex 59.7 28 0
      vertex 60.7 38 0
    endloop
  endfacet
  facet normal 0 0 -1
    outer loop
      vertex 66 24 0
      vertex 59.7 28 0
      vertex 60.7 28 0
    endloop
  endfacet
  facet normal 0 0 -1
    outer loop
      vertex 66 24 0
      vertex 59.1 28 0
      vertex 59.7 28 0
    endloop
  endfacet
  facet normal 0 0 -1
    outer loop
      vertex 59.1 28 0
      vertex 58.1 28 0
      vertex 59.1 38 0
    endloop
  endfacet
  facet normal 0 0 -1
    outer loop
      vertex 66 24 0
      vertex 58.1 28 0
      vertex 59.1 28 0
    endloop
  endfacet
  facet normal 0 0 -1
    outer loop
      vertex 66 24 0
      vertex 57.5 28 0
      vertex 58.1 28 0
    endloop
  endfacet
  facet normal 0 0 -1
    outer loop
      vertex 57.5 28 0
      vertex 56.5 28 0
      vertex 57.5 38 0
    endloop
  endfacet
  facet normal 0 0 -1
    outer loop
      vertex 66 24 0
      vertex 56.5 28 0
      vertex 57.5 28 0
    endloop
  endfacet
  facet normal 0 0 -1
    outer loop
      vertex 66 24 0
      vertex 55.9 28 0
      vertex 56.5 28 0
    endloop
  endfacet
  facet normal 0 0 -1
    outer loop
      vertex 55.9 28 0
      vertex 54.9 28 0
      vertex 55.9 38 0
    endloop
  endfacet
  facet normal 0 0 -1
    outer loop
      vertex 66 24 0
      vertex 54.9 28 0
      vertex 55.9 28 0
    endloop
  endfacet
  facet normal 0 0 -1
    outer loop
      vertex 66 24 0
      vertex 54.3 28 0
      vertex 54.9 28 0
    endloop
  endfacet
  facet normal 0 0 -1
    outer loop
      vertex 54.3 28 0
      vertex 53.3 28 0
      vertex 54.3 38 0
    endloop
  endfacet
  facet normal 0 0 -1
    outer loop
      vertex 66 24 0
      vertex 53.3 28 0
      vertex 54.3 28 0
    endloop
  endfacet
  facet normal 0 0 -1
    outer loop
      vertex 66 24 0
      vertex 52.7 28 0
      vertex 53.3 28 0
    endloop
  endfacet
  facet normal 0 0 -1
    outer loop
      vertex 52.7 28 0
      vertex 51.7 28 0
      vertex 52.7 38 0
    endloop
  endfacet
  facet normal 0 0 -1
    outer loop
      vertex 66 24 0
      vertex 51.7 28 0
      vertex 52.7 28 0
    endloop
  endfacet
  facet normal 0 0 -1
    outer loop
      vertex 66 24 0
      vertex 51.1 28 0
      vertex 51.7 28 0
    endloop
  endfacet
  facet normal 0 0 -1
    outer loop
      vertex 51.1 28 0
      vertex 50.1 28 0
      vertex 51.1 38 0
    endloop
  endfacet
  facet normal 0 0 -1
    outer loop
      vertex 66 24 0
      vertex 50.1 28 0
      vertex 51.1 28 0
    endloop
  endfacet
  facet normal 0 0 -1
    outer loop
      vertex 66 24 0
      vertex 49.5 28 0
      vertex 50.1 28 0
    endloop
  endfacet
  facet normal 0 0 -1
    outer loop
      vertex 49.5 28 0
      vertex 48.5 28 0
      vertex 49.5 38 0
    endloop
  endfacet
  facet normal 0 0 -1
    outer loop
      vertex 66 24 0
      vertex 48.5 28 0
      vertex 49.5 28 0
    endloop
  endfacet
  facet normal 0 0 -1
    outer loop
      vertex 66 24 0
      vertex 47.9 28 0
      vertex 48.5 28 0
    endloop
  endfacet
  facet normal 0 0 -1
    outer loop
      vertex 47.9 28 0
      vertex 46.9 28 0
      vertex 47.9 38 0
    endloop
  endfacet
  facet normal 0 0 -1
    outer loop
      vertex 66 24 0
      vertex 46.9 28 0
      vertex 47.9 28 0
    endloop
  endfacet
  facet normal 0 0 -1
    outer loop
      vertex 66 24 0
      vertex 46.3 28 0
      vertex 46.9 28 0
    endloop
  endfacet
  facet normal 0 0 -1
    outer loop
      vertex 46.3 28 0
      vertex 45.3 28 0
      vertex 46.3 38 0
    endloop
  endfacet
  facet normal 0 0 -1
    outer loop
      vertex 66 24 0
      vertex 45.3 28 0
      vertex 46.3 28 0
    endloop
  endfacet
  facet normal 0 0 -1
    outer loop
      vertex 66 24 0
      vertex 44.7 28 0
      vertex 45.3 28 0
    endloop
  endfacet
  facet normal 0 0 -1
    outer loop
      vertex 44.7 28 0
      vertex 43.7 28 0
      vertex 44.7 38 0
    endloop
  endfacet
  facet normal 0 0 -1
    outer loop
      vertex 66 24 0
      vertex 43.7 28 0
      vertex 44.7 28 0
    endloop
  endfacet
  facet normal 0 0 -1
    outer loop
      vertex 66 24 0
      vertex 43.1 28 0
      vertex 43.7 28 0
    endloop
  endfacet
  facet normal 0 0 -1
    outer loop
      vertex 43.1 28 0
      vertex 42.1 28 0
      vertex 43.1 38 0
    endloop
  endfacet
  facet normal 0 0 -1
    outer loop
      vertex 66 24 0
      vertex 42.1 28 0
      vertex 43.1 28 0
    endloop
  endfacet
  facet normal 0 0 -1
    outer loop
      vertex 66 24 0
      vertex 41.5 28 0
      vertex 42.1 28 0
    endloop
  endfacet
  facet normal 0 0 -1
    outer loop
      vertex 41.5 28 0
      vertex 40.5 28 0
      vertex 41.5 38 0
    endloop
  endfacet
  facet normal 0 0 -1
    outer loop
      vertex 66 24 0
      vertex 40.5 28 0
      vertex 41.5 28 0
    endloop
  endfacet
  facet normal 0 0 -1
    outer loop
      vertex 66 24 0
      vertex 39.9 28 0
      vertex 40.5 28 0
    endloop
  endfacet
  facet normal 0 0 -1
    outer loop
      vertex 39.9 28 0
      vertex 38.9 28 0
      vertex 39.9 38 0
    endloop
  endfacet
  facet normal 0 0 -1
    outer loop
      vertex 66 24 0
      vertex 38.9 28 0
      vertex 39.9 28 0
    endloop
  endfacet
  facet normal 0 0 -1
    outer loop
      vertex 66 24 0
      vertex 38.3 28 0
      vertex 38.9 28 0
    endloop
  endfacet
  facet normal 0 0 -1
    outer loop
      vertex 38.3 28 0
      vertex 37.3 28 0
      vertex 38.3 38 0
    endloop
  endfacet
  facet normal 0 0 -1
    outer loop
      vertex 66 24 0
      vertex 37.3 28 0
      vertex 38.3 28 0
    endloop
  endfacet
  facet normal 0 0 -1
    outer loop
      vertex 66 24 0
      vertex 36.7 28 0
      vertex 37.3 28 0
    endloop
  endfacet
  facet normal 0 0 -1
    outer loop
      vertex 36.7 28 0
      vertex 35.7 28 0
      vertex 36.7 38 0
    endloop
  endfacet
  facet normal 0 0 -1
    outer loop
      vertex 66 24 0
      vertex 35.7 28 0
      vertex 36.7 28 0
    endloop
  endfacet
  facet normal 0 0 -1
    outer loop
      vertex 66 24 0
      vertex 35.1 28 0
      vertex 35.7 28 0
    endloop
  endfacet
  facet normal 0 0 -1
    outer loop
      vertex 35.1 28 0
      vertex 34.1 28 0
      vertex 35.1 38 0
    endloop
  endfacet
  facet normal 0 0 -1
    outer loop
      vertex 66 24 0
      vertex 34.1 28 0
      vertex 35.1 28 0
    endloop
  endfacet
  facet normal 0 0 -1
    outer loop
      vertex 66 24 0
      vertex 33.5 28 0
      vertex 34.1 28 0
    endloop
  endfacet
  facet normal 0 0 -1
    outer loop
      vertex 33.5 28 0
      vertex 32.5 28 0
      vertex 33.5 38 0
    endloop
  endfacet
  facet normal 0 0 -1
    outer loop
      vertex 66 24 0
      vertex 32.5 28 0
      vertex 33.5 28 0
    endloop
  endfacet
  facet normal 0 0 -1
    outer loop
      vertex 66 24 0
      vertex 31.9 28 0
      vertex 32.5 28 0
    endloop
  endfacet
  facet normal 0 0 -1
    outer loop
      vertex 31.9 28 0
      vertex 30.9 28 0
      vertex 31.9 38 0
    endloop
  endfacet
  facet normal 0 0 -1
    outer loop
      vertex 0 24 0
      vertex 31.9 28 0
      vertex 66 24 0
    endloop
  endfacet
  facet normal -0 0 -1
    outer loop
      vertex 31.9 28 0
      vertex 0 24 0
      vertex 30.9 28 0
    endloop
  endfacet
  facet normal 0 0 -1
    outer loop
      vertex 30.3 28 0
      vertex 29.3 28 0
      vertex 30.3 38 0
    endloop
  endfacet
  facet normal -0 0 -1
    outer loop
      vertex 30.9 28 0
      vertex 0 24 0
      vertex 30.3 28 0
    endloop
  endfacet
  facet normal -0 0 -1
    outer loop
      vertex 30.3 28 0
      vertex 0 24 0
      vertex 29.3 28 0
    endloop
  endfacet
  facet normal 0 0 -1
    outer loop
      vertex 28.7 28 0
      vertex 27.7 28 0
      vertex 28.7 38 0
    endloop
  endfacet
  facet normal -0 0 -1
    outer loop
      vertex 29.3 28 0
      vertex 0 24 0
      vertex 28.7 28 0
    endloop
  endfacet
  facet normal -0 0 -1
    outer loop
      vertex 28.7 28 0
      vertex 0 24 0
      vertex 27.7 28 0
    endloop
  endfacet
  facet normal 0 0 -1
    outer loop
      vertex 27.1 28 0
      vertex 26.1 28 0
      vertex 27.1 38 0
    endloop
  endfacet
  facet normal -0 0 -1
    outer loop
      vertex 27.7 28 0
      vertex 0 24 0
      vertex 27.1 28 0
    endloop
  endfacet
  facet normal -0 0 -1
    outer loop
      vertex 27.1 28 0
      vertex 0 24 0
      vertex 26.1 28 0
    endloop
  endfacet
  facet normal 0 0 -1
    outer loop
      vertex 25.5 28 0
      vertex 24.5 28 0
      vertex 25.5 38 0
    endloop
  endfacet
  facet normal -0 0 -1
    outer loop
      vertex 26.1 28 0
      vertex 0 24 0
      vertex 25.5 28 0
    endloop
  endfacet
  facet normal -0 0 -1
    outer loop
      vertex 25.5 28 0
      vertex 0 24 0
      vertex 24.5 28 0
    endloop
  endfacet
  facet normal 0 0 -1
    outer loop
      vertex 23.9 28 0
      vertex 22.9 28 0
      vertex 23.9 38 0
    endloop
  endfacet
  facet normal -0 0 -1
    outer loop
      vertex 24.5 28 0
      vertex 0 24 0
      vertex 23.9 28 0
    endloop
  endfacet
  facet normal -0 0 -1
    outer loop
      vertex 23.9 28 0
      vertex 0 24 0
      vertex 22.9 28 0
    endloop
  endfacet
  facet normal 0 0 -1
    outer loop
      vertex 22.3 28 0
      vertex 21.3 28 0
      vertex 22.3 38 0
    endloop
  endfacet
  facet normal -0 0 -1
    outer loop
      vertex 22.9 28 0
      vertex 0 24 0
      vertex 22.3 28 0
    endloop
  endfacet
  facet normal -0 0 -1
    outer loop
      vertex 22.3 28 0
      vertex 0 24 0
      vertex 21.3 28 0
    endloop
  endfacet
  facet normal 0 0 -1
    outer loop
      vertex 20.7 28 0
      vertex 19.7 28 0
      vertex 20.7 38 0
    endloop
  endfacet
  facet normal -0 0 -1
    outer loop
      vertex 21.3 28 0
      vertex 0 24 0
      vertex 20.7 28 0
    endloop
  endfacet
  facet normal -0 0 -1
    outer loop
      vertex 20.7 28 0
      vertex 0 24 0
      vertex 19.7 28 0
    endloop
  endfacet
  facet normal 0 0 -1
    outer loop
      vertex 19.1 28 0
      vertex 18.1 28 0
      vertex 19.1 38 0
    endloop
  endfacet
  facet normal -0 0 -1
    outer loop
      vertex 19.7 28 0
      vertex 0 24 0
      vertex 19.1 28 0
    endloop
  endfacet
  facet normal -0 0 -1
    outer loop
      vertex 19.1 28 0
      vertex 0 24 0
      vertex 18.1 28 0
    endloop
  endfacet
  facet normal 0 0 -1
    outer loop
      vertex 17.5 28 0
      vertex 16.5 28 0
      vertex 17.5 38 0
    endloop
  endfacet
  facet normal -0 0 -1
    outer loop
      vertex 18.1 28 0
      vertex 0 24 0
      vertex 17.5 28 0
    endloop
  endfacet
  facet normal -0 0 -1
    outer loop
      vertex 17.5 28 0
      vertex 0 24 0
      vertex 16.5 28 0
    endloop
  endfacet
  facet normal 0 0 -1
    outer loop
      vertex 15.9 28 0
      vertex 14.9 28 0
      vertex 15.9 38 0
    endloop
  endfacet
  facet normal -0 0 -1
    outer loop
      vertex 16.5 28 0
      vertex 0 24 0
      vertex 15.9 28 0
    endloop
  endfacet
  facet normal -0 0 -1
    outer loop
      vertex 15.9 28 0
      vertex 0 24 0
      vertex 14.9 28 0
    endloop
  endfacet
  facet normal 0 0 -1
    outer loop
      vertex 14.3 28 0
      vertex 13.3 28 0
      vertex 14.3 38 0
    endloop
  endfacet
  facet normal -0 0 -1
    outer loop
      vertex 14.9 28 0
      vertex 0 24 0
      vertex 14.3 28 0
    endloop
  endfacet
  facet normal -0 0 -1
    outer loop
      vertex 14.3 28 0
      vertex 0 24 0
      vertex 13.3 28 0
    endloop
  endfacet
  facet normal 0 0 -1
    outer loop
      vertex 12.7 28 0
      vertex 11.7 28 0
      vertex 12.7 38 0
    endloop
  endfacet
  facet normal -0 0 -1
    outer loop
      vertex 13.3 28 0
      vertex 0 24 0
      vertex 12.7 28 0
    endloop
  endfacet
  facet normal -0 0 -1
    outer loop
      vertex 12.7 28 0
      vertex 0 24 0
      vertex 11.7 28 0
    endloop
  endfacet
  facet normal 0 0 -1
    outer loop
      vertex 11.1 28 0
      vertex 10.1 28 0
      vertex 11.1 38 0
    endloop
  endfacet
  facet normal -0 0 -1
    outer loop
      vertex 11.7 28 0
      vertex 0 24 0
      vertex 11.1 28 0
    endloop
  endfacet
  facet normal -0 0 -1
    outer loop
      vertex 11.1 28 0
      vertex 0 24 0
      vertex 10.1 28 0
    endloop
  endfacet
  facet normal 0 0 -1
    outer loop
      vertex 9.5 28 0
      vertex 8.5 28 0
      vertex 9.5 38 0
    endloop
  endfacet
  facet normal -0 0 -1
    outer loop
      vertex 10.1 28 0
      vertex 0 24 0
      vertex 9.5 28 0
    endloop
  endfacet
  facet normal -0 0 -1
    outer loop
      vertex 9.5 28 0
      vertex 0 24 0
      vertex 8.5 28 0
    endloop
  endfacet
  facet normal 0 0 -1
    outer loop
      vertex 7.9 28 0
      vertex 6.9 28 0
      vertex 7.9 38 0
    endloop
  endfacet
  facet normal -0 0 -1
    outer loop
      vertex 8.5 28 0
      vertex 0 24 0
      vertex 7.9 28 0
    endloop
  endfacet
  facet normal -0 0 -1
    outer loop
      vertex 7.9 28 0
      vertex 0 24 0
      vertex 6.9 28 0
    endloop
  endfacet
  facet normal 0 0 -1
    outer loop
      vertex 6.3 28 0
      vertex 5.3 28 0
      vertex 6.3 38 0
    endloop
  endfacet
  facet normal -0 0 -1
    outer loop
      vertex 6.9 28 0
      vertex 0 24 0
      vertex 6.3 28 0
    endloop
  endfacet
  facet normal -0 0 -1
    outer loop
      vertex 6.3 28 0
      vertex 0 24 0
      vertex 5.3 28 0
    endloop
  endfacet
  facet normal -0 0 -1
    outer loop
      vertex 4.7 28 0
      vertex 0 24 0
      vertex 4.7 38 0
    endloop
  endfacet
  facet normal -0 0 -1
    outer loop
      vertex 5.3 28 0
      vertex 0 24 0
      vertex 4.7 28 0
    endloop
  endfacet
  facet normal 0 0 -1
    outer loop
      vertex 61.3 38 0
      vertex 66 42 0
      vertex 61.3 28 0
    endloop
  endfacet
  facet normal 0 0 -1
    outer loop
      vertex 60.7 38 0
      vertex 66 42 0
      vertex 61.3 38 0
    endloop
  endfacet
  facet normal 0 0 -1
    outer loop
      vertex 59.7 38 0
      vertex 60.7 38 0
      vertex 59.7 28 0
    endloop
  endfacet
  facet normal 0 0 -1
    outer loop
      vertex 59.7 38 0
      vertex 66 42 0
      vertex 60.7 38 0
    endloop
  endfacet
  facet normal 0 0 -1
    outer loop
      vertex 59.1 38 0
      vertex 66 42 0
      vertex 59.7 38 0
    endloop
  endfacet
  facet normal 0 0 -1
    outer loop
      vertex 58.1 38 0
      vertex 59.1 38 0
      vertex 58.1 28 0
    endloop
  endfacet
  facet normal 0 0 -1
    outer loop
      vertex 58.1 38 0
      vertex 66 42 0
      vertex 59.1 38 0
    endloop
  endfacet
  facet normal 0 0 -1
    outer loop
      vertex 57.5 38 0
      vertex 66 42 0
      vertex 58.1 38 0
    endloop
  endfacet
  facet normal 0 0 -1
    outer loop
      vertex 56.5 38 0
      vertex 57.5 38 0
      vertex 56.5 28 0
    endloop
  endfacet
  facet normal 0 0 -1
    outer loop
      vertex 56.5 38 0
      vertex 66 42 0
      vertex 57.5 38 0
    endloop
  endfacet
  facet normal 0 0 -1
    outer loop
      vertex 55.9 38 0
      vertex 66 42 0
      vertex 56.5 38 0
    endloop
  endfacet
  facet normal 0 0 -1
    outer loop
      vertex 54.9 38 0
      vertex 55.9 38 0
      vertex 54.9 28 0
    endloop
  endfacet
  facet normal 0 0 -1
    outer loop
      vertex 54.9 38 0
      vertex 66 42 0
      vertex 55.9 38 0
    endloop
  endfacet
  facet normal 0 0 -1
    outer loop
      vertex 54.3 38 0
      vertex 66 42 0
      vertex 54.9 38 0
    endloop
  endfacet
  facet normal 0 0 -1
    outer loop
      vertex 53.3 38 0
      vertex 54.3 38 0
      vertex 53.3 28 0
    endloop
  endfacet
  facet normal 0 0 -1
    outer loop
      vertex 53.3 38 0
      vertex 66 42 0
      vertex 54.3 38 0
    endloop
  endfacet
  facet normal 0 0 -1
    outer loop
      vertex 52.7 38 0
      vertex 66 42 0
      vertex 53.3 38 0
    endloop
  endfacet
  facet normal 0 0 -1
    outer loop
      vertex 51.7 38 0
      vertex 52.7 38 0
      vertex 51.7 28 0
    endloop
  endfacet
  facet normal 0 0 -1
    outer loop
      vertex 51.7 38 0
      vertex 66 42 0
      vertex 52.7 38 0
    endloop
  endfacet
  facet normal 0 0 -1
    outer loop
      vertex 51.1 38 0
      vertex 66 42 0
      vertex 51.7 38 0
    endloop
  endfacet
  facet normal 0 0 -1
    outer loop
      vertex 50.1 38 0
      vertex 51.1 38 0
      vertex 50.1 28 0
    endloop
  endfacet
  facet normal 0 0 -1
    outer loop
      vertex 50.1 38 0
      vertex 66 42 0
      vertex 51.1 38 0
    endloop
  endfacet
  facet normal 0 0 -1
    outer loop
      vertex 49.5 38 0
      vertex 66 42 0
      vertex 50.1 38 0
    endloop
  endfacet
  facet normal 0 0 -1
    outer loop
      vertex 48.5 38 0
      vertex 49.5 38 0
      vertex 48.5 28 0
    endloop
  endfacet
  facet normal 0 0 -1
    outer loop
      vertex 48.5 38 0
      vertex 66 42 0
      vertex 49.5 38 0
    endloop
  endfacet
  facet normal 0 0 -1
    outer loop
      vertex 47.9 38 0
      vertex 66 42 0
      vertex 48.5 38 0
    endloop
  endfacet
  facet normal 0 0 -1
    outer loop
      vertex 46.9 38 0
      vertex 47.9 38 0
      vertex 46.9 28 0
    endloop
  endfacet
  facet normal 0 0 -1
    outer loop
      vertex 46.9 38 0
      vertex 66 42 0
      vertex 47.9 38 0
    endloop
  endfacet
  facet normal 0 0 -1
    outer loop
      vertex 46.3 38 0
      vertex 66 42 0
      vertex 46.9 38 0
    endloop
  endfacet
  facet normal 0 0 -1
    outer loop
      vertex 45.3 38 0
      vertex 46.3 38 0
      vertex 45.3 28 0
    endloop
  endfacet
  facet normal 0 0 -1
    outer loop
      vertex 45.3 38 0
      vertex 66 42 0
      vertex 46.3 38 0
    endloop
  endfacet
  facet normal 0 0 -1
    outer loop
      vertex 44.7 38 0
      vertex 66 42 0
      vertex 45.3 38 0
    endloop
  endfacet
  facet normal 0 0 -1
    outer loop
      vertex 43.7 38 0
      vertex 44.7 38 0
      vertex 43.7 28 0
    endloop
  endfacet
  facet normal 0 0 -1
    outer loop
      vertex 43.7 38 0
      vertex 66 42 0
      vertex 44.7 38 0
    endloop
  endfacet
  facet normal 0 0 -1
    outer loop
      vertex 43.1 38 0
      vertex 66 42 0
      vertex 43.7 38 0
    endloop
  endfacet
  facet normal 0 0 -1
    outer loop
      vertex 42.1 38 0
      vertex 43.1 38 0
      vertex 42.1 28 0
    endloop
  endfacet
  facet normal 0 0 -1
    outer loop
      vertex 42.1 38 0
      vertex 66 42 0
      vertex 43.1 38 0
    endloop
  endfacet
  facet normal 0 0 -1
    outer loop
      vertex 41.5 38 0
      vertex 66 42 0
      vertex 42.1 38 0
    endloop
  endfacet
  facet normal 0 0 -1
    outer loop
      vertex 40.5 38 0
      vertex 41.5 38 0
      vertex 40.5 28 0
    endloop
  endfacet
  facet normal 0 0 -1
    outer loop
      vertex 40.5 38 0
      vertex 66 42 0
      vertex 41.5 38 0
    endloop
  endfacet
  facet normal 0 0 -1
    outer loop
      vertex 39.9 38 0
      vertex 66 42 0
      vertex 40.5 38 0
    endloop
  endfacet
  facet normal 0 0 -1
    outer loop
      vertex 38.9 38 0
      vertex 39.9 38 0
      vertex 38.9 28 0
    endloop
  endfacet
  facet normal 0 0 -1
    outer loop
      vertex 38.9 38 0
      vertex 66 42 0
      vertex 39.9 38 0
    endloop
  endfacet
  facet normal 0 0 -1
    outer loop
      vertex 38.3 38 0
      vertex 66 42 0
      vertex 38.9 38 0
    endloop
  endfacet
  facet normal 0 0 -1
    outer loop
      vertex 37.3 38 0
      vertex 38.3 38 0
      vertex 37.3 28 0
    endloop
  endfacet
  facet normal 0 0 -1
    outer loop
      vertex 37.3 38 0
      vertex 66 42 0
      vertex 38.3 38 0
    endloop
  endfacet
  facet normal 0 0 -1
    outer loop
      vertex 36.7 38 0
      vertex 66 42 0
      vertex 37.3 38 0
    endloop
  endfacet
  facet normal 0 0 -1
    outer loop
      vertex 35.7 38 0
      vertex 36.7 38 0
      vertex 35.7 28 0
    endloop
  endfacet
  facet normal 0 0 -1
    outer loop
      vertex 35.7 38 0
      vertex 66 42 0
      vertex 36.7 38 0
    endloop
  endfacet
  facet normal 0 0 -1
    outer loop
      vertex 35.1 38 0
      vertex 66 42 0
      vertex 35.7 38 0
    endloop
  endfacet
  facet normal 0 0 -1
    outer loop
      vertex 34.1 38 0
      vertex 35.1 38 0
      vertex 34.1 28 0
    endloop
  endfacet
  facet normal 0 0 -1
    outer loop
      vertex 34.1 38 0
      vertex 66 42 0
      vertex 35.1 38 0
    endloop
  endfacet
  facet normal 0 0 -1
    outer loop
      vertex 33.5 38 0
      vertex 66 42 0
      vertex 34.1 38 0
    endloop
  endfacet
  facet normal 0 0 -1
    outer loop
      vertex 32.5 38 0
      vertex 33.5 38 0
      vertex 32.5 28 0
    endloop
  endfacet
  facet normal 0 0 -1
    outer loop
      vertex 32.5 38 0
      vertex 66 42 0
      vertex 33.5 38 0
    endloop
  endfacet
  facet normal 0 0 -1
    outer loop
      vertex 31.9 38 0
      vertex 66 42 0
      vertex 32.5 38 0
    endloop
  endfacet
  facet normal 0 0 -1
    outer loop
      vertex 30.9 38 0
      vertex 31.9 38 0
      vertex 30.9 28 0
    endloop
  endfacet
  facet normal 0 0 -1
    outer loop
      vertex 0 42 0
      vertex 31.9 38 0
      vertex 30.9 38 0
    endloop
  endfacet
  facet normal 0 0 -1
    outer loop
      vertex 0 42 0
      vertex 30.9 38 0
      vertex 30.3 38 0
    endloop
  endfacet
  facet normal 0 0 -1
    outer loop
      vertex 29.3 38 0
      vertex 30.3 38 0
      vertex 29.3 28 0
    endloop
  endfacet
  facet normal 0 0 -1
    outer loop
      vertex 0 42 0
      vertex 30.3 38 0
      vertex 29.3 38 0
    endloop
  endfacet
  facet normal 0 0 -1
    outer loop
      vertex 0 42 0
      vertex 29.3 38 0
      vertex 28.7 38 0
    endloop
  endfacet
  facet normal 0 0 -1
    outer loop
      vertex 27.7 38 0
      vertex 28.7 38 0
      vertex 27.7 28 0
    endloop
  endfacet
  facet normal 0 0 -1
    outer loop
      vertex 0 42 0
      vertex 28.7 38 0
      vertex 27.7 38 0
    endloop
  endfacet
  facet normal 0 0 -1
    outer loop
      vertex 0 42 0
      vertex 27.7 38 0
      vertex 27.1 38 0
    endloop
  endfacet
  facet normal 0 0 -1
    outer loop
      vertex 26.1 38 0
      vertex 27.1 38 0
      vertex 26.1 28 0
    endloop
  endfacet
  facet normal 0 0 -1
    outer loop
      vertex 0 42 0
      vertex 27.1 38 0
      vertex 26.1 38 0
    endloop
  endfacet
  facet normal 0 0 -1
    outer loop
      vertex 0 42 0
      vertex 26.1 38 0
      vertex 25.5 38 0
    endloop
  endfacet
  facet normal 0 0 -1
    outer loop
      vertex 24.5 38 0
      vertex 25.5 38 0
      vertex 24.5 28 0
    endloop
  endfacet
  facet normal 0 0 -1
    outer loop
      vertex 0 42 0
      vertex 25.5 38 0
      vertex 24.5 38 0
    endloop
  endfacet
  facet normal 0 0 -1
    outer loop
      vertex 0 42 0
      vertex 24.5 38 0
      vertex 23.9 38 0
    endloop
  endfacet
  facet normal 0 0 -1
    outer loop
      vertex 22.9 38 0
      vertex 23.9 38 0
      vertex 22.9 28 0
    endloop
  endfacet
  facet normal 0 0 -1
    outer loop
      vertex 0 42 0
      vertex 23.9 38 0
      vertex 22.9 38 0
    endloop
  endfacet
  facet normal 0 0 -1
    outer loop
      vertex 0 42 0
      vertex 22.9 38 0
      vertex 22.3 38 0
    endloop
  endfacet
  facet normal 0 0 -1
    outer loop
      vertex 21.3 38 0
      vertex 22.3 38 0
      vertex 21.3 28 0
    endloop
  endfacet
  facet normal 0 0 -1
    outer loop
      vertex 0 42 0
      vertex 22.3 38 0
      vertex 21.3 38 0
    endloop
  endfacet
  facet normal 0 0 -1
    outer loop
      vertex 0 42 0
      vertex 21.3 38 0
      vertex 20.7 38 0
    endloop
  endfacet
  facet normal 0 0 -1
    outer loop
      vertex 19.7 38 0
      vertex 20.7 38 0
      vertex 19.7 28 0
    endloop
  endfacet
  facet normal 0 0 -1
    outer loop
      vertex 0 42 0
      vertex 20.7 38 0
      vertex 19.7 38 0
    endloop
  endfacet
  facet normal 0 0 -1
    outer loop
      vertex 0 42 0
      vertex 19.7 38 0
      vertex 19.1 38 0
    endloop
  endfacet
  facet normal 0 0 -1
    outer loop
      vertex 18.1 38 0
      vertex 19.1 38 0
      vertex 18.1 28 0
    endloop
  endfacet
  facet normal 0 0 -1
    outer loop
      vertex 0 42 0
      vertex 19.1 38 0
      vertex 18.1 38 0
    endloop
  endfacet
  facet normal 0 0 -1
    outer loop
      vertex 0 42 0
      vertex 18.1 38 0
      vertex 17.5 38 0
    endloop
  endfacet
  facet normal 0 0 -1
    outer loop
      vertex 16.5 38 0
      vertex 17.5 38 0
      vertex 16.5 28 0
    endloop
  endfacet
  facet normal 0 0 -1
    outer loop
      vertex 0 42 0
      vertex 17.5 38 0
      vertex 16.5 38 0
    endloop
  endfacet
  facet normal 0 0 -1
    outer loop
      vertex 0 42 0
      vertex 16.5 38 0
      vertex 15.9 38 0
    endloop
  endfacet
  facet normal 0 0 -1
    outer loop
      vertex 14.9 38 0
      vertex 15.9 38 0
      vertex 14.9 28 0
    endloop
  endfacet
  facet normal 0 0 -1
    outer loop
      vertex 0 42 0
      vertex 15.9 38 0
      vertex 14.9 38 0
    endloop
  endfacet
  facet normal 0 0 -1
    outer loop
      vertex 0 42 0
      vertex 14.9 38 0
      vertex 14.3 38 0
    endloop
  endfacet
  facet normal 0 0 -1
    outer loop
      vertex 13.3 38 0
      vertex 14.3 38 0
      vertex 13.3 28 0
    endloop
  endfacet
  facet normal 0 0 -1
    outer loop
      vertex 0 42 0
      vertex 14.3 38 0
      vertex 13.3 38 0
    endloop
  endfacet
  facet normal 0 0 -1
    outer loop
      vertex 0 42 0
      vertex 13.3 38 0
      vertex 12.7 38 0
    endloop
  endfacet
  facet normal 0 0 -1
    outer loop
      vertex 11.7 38 0
      vertex 12.7 38 0
      vertex 11.7 28 0
    endloop
  endfacet
  facet normal 0 0 -1
    outer loop
      vertex 0 42 0
      vertex 12.7 38 0
      vertex 11.7 38 0
    endloop
  endfacet
  facet normal 0 0 -1
    outer loop
      vertex 0 42 0
      vertex 11.7 38 0
      vertex 11.1 38 0
    endloop
  endfacet
  facet normal 0 0 -1
    outer loop
      vertex 10.1 38 0
      vertex 11.1 38 0
      vertex 10.1 28 0
    endloop
  endfacet
  facet normal 0 0 -1
    outer loop
      vertex 0 42 0
      vertex 11.1 38 0
      vertex 10.1 38 0
    endloop
  endfacet
  facet normal 0 0 -1
    outer loop
      vertex 0 42 0
      vertex 10.1 38 0
      vertex 9.5 38 0
    endloop
  endfacet
  facet normal 0 0 -1
    outer loop
      vertex 8.5 38 0
      vertex 9.5 38 0
      vertex 8.5 28 0
    endloop
  endfacet
  facet normal 0 0 -1
    outer loop
      vertex 0 42 0
      vertex 9.5 38 0
      vertex 8.5 38 0
    endloop
  endfacet
  facet normal 0 0 -1
    outer loop
      vertex 0 42 0
      vertex 8.5 38 0
      vertex 7.9 38 0
    endloop
  endfacet
  facet normal 0 0 -1
    outer loop
      vertex 6.9 38 0
      vertex 7.9 38 0
      vertex 6.9 28 0
    endloop
  endfacet
  facet normal 0 0 -1
    outer loop
      vertex 0 42 0
      vertex 7.9 38 0
      vertex 6.9 38 0
    endloop
  endfacet
  facet normal 0 0 -1
    outer loop
      vertex 0 42 0
      vertex 6.9 38 0
      vertex 6.3 38 0
    endloop
  endfacet
  facet normal 0 0 -1
    outer loop
      vertex 5.3 38 0
      vertex 6.3 38 0
      vertex 5.3 28 0
    endloop
  endfacet
  facet normal 0 0 -1
    outer loop
      vertex 0 42 0
      vertex 6.3 38 0
      vertex 5.3 38 0
    endloop
  endfacet
  facet normal 0 0 -1
    outer loop
      vertex 0 42 0
      vertex 5.3 38 0
      vertex 4.7 38 0
    endloop
  endfacet
  facet normal 0 0 -1
    outer loop
      vertex 31.9 38 0
      vertex 0 42 0
      vertex 66 42 0
    endloop
  endfacet
  facet normal 0 0 -1
    outer loop
      vertex 0 42 0
      vertex 4.7 38 0
      vertex 0 24 0
    endloop
  endfacet
  facet normal -1 0 0
    outer loop
      vertex 0 24 0
      vertex 0 42 1.2
      vertex 0 42 0
    endloop
  endfacet
  facet normal -1 -0 0
    outer loop
      vertex 0 42 1.2
      vertex 0 24 0
      vertex 0 24 1.2
    endloop
  endfacet
  facet normal 0 1 -0
    outer loop
      vertex 66 42 0
      vertex 0 42 1.2
      vertex 66 42 1.2
    endloop
  endfacet
  facet normal 0 1 0
    outer loop
      vertex 0 42 1.2
      vertex 66 42 0
      vertex 0 42 0
    endloop
  endfacet
  facet normal 0 -1 0
    outer loop
      vertex 0 24 0
      vertex 66 24 1.2
      vertex 0 24 1.2
    endloop
  endfacet
  facet normal 0 -1 -0
    outer loop
      vertex 66 24 1.2
      vertex 0 24 0
      vertex 66 24 0
    endloop
  endfacet
  facet normal 0 0 1
    outer loop
      vertex 64 40 4
      vertex 62 38 4
      vertex 64 26 4
    endloop
  endfacet
  facet normal 0 0 1
    outer loop
      vertex 64 40 4
      vertex 4 38 4
      vertex 62 38 4
    endloop
  endfacet
  facet normal 0 0 1
    outer loop
      vertex 4 38 4
      vertex 2 40 4
      vertex 4 28 4
    endloop
  endfacet
  facet normal -0 0 1
    outer loop
      vertex 2 40 4
      vertex 4 38 4
      vertex 64 40 4
    endloop
  endfacet
  facet normal -0 0 1
    outer loop
      vertex 62 28 4
      vertex 64 26 4
      vertex 62 38 4
    endloop
  endfacet
  facet normal -0 0 1
    outer loop
      vertex 4 28 4
      vertex 64 26 4
      vertex 62 28 4
    endloop
  endfacet
  facet normal 0 0 1
    outer loop
      vertex 4 28 4
      vertex 2 26 4
      vertex 64 26 4
    endloop
  endfacet
  facet normal 0 0 1
    outer loop
      vertex 2 26 4
      vertex 4 28 4
      vertex 2 40 4
    endloop
  endfacet
  facet normal 0 1 -0
    outer loop
      vertex 64 40 1.2
      vertex 2 40 4
      vertex 64 40 4
    endloop
  endfacet
  facet normal 0 1 0
    outer loop
      vertex 2 40 4
      vertex 64 40 1.2
      vertex 2 40 1.2
    endloop
  endfacet
  facet normal -1 0 0
    outer loop
      vertex 2 26 1.2
      vertex 2 40 4
      vertex 2 40 1.2
    endloop
  endfacet
  facet normal -1 -0 0
    outer loop
      vertex 2 40 4
      vertex 2 26 1.2
      vertex 2 26 4
    endloop
  endfacet
  facet normal 0 -1 0
    outer loop
      vertex 2 26 1.2
      vertex 64 26 4
      vertex 2 26 4
    endloop
  endfacet
  facet normal 0 -1 -0
    outer loop
      vertex 64 26 4
      vertex 2 26 1.2
      vertex 64 26 1.2
    endloop
  endfacet
  facet normal 1 -0 0
    outer loop
      vertex 64 26 4
      vertex 64 40 1.2
      vertex 64 40 4
    endloop
  endfacet
  facet normal 1 0 0
    outer loop
      vertex 64 40 1.2
      vertex 64 26 4
      vertex 64 26 1.2
    endloop
  endfacet
  facet normal 1 -0 0
    outer loop
      vertex 4 28 4
      vertex 4 38 1.2
      vertex 4 38 4
    endloop
  endfacet
  facet normal 1 0 0
    outer loop
      vertex 4 38 1.2
      vertex 4 28 4
      vertex 4 28 1.2
    endloop
  endfacet
  facet normal -1 0 0
    outer loop
      vertex 62 28 1.2
      vertex 62 38 4
      vertex 62 38 1.2
    endloop
  endfacet
  facet normal -1 -0 0
    outer loop
      vertex 62 38 4
      vertex 62 28 1.2
      vertex 62 28 4
    endloop
  endfacet
  facet normal -1 0 0
    outer loop
      vertex 77.3 28 0
      vertex 77.3 38 1.1
      vertex 77.3 38 0
    endloop
  endfacet
  facet normal -1 0 0
    outer loop
      vertex 77.3 28 1.1
      vertex 77.3 38 1.1
      vertex 77.3 28 0
    endloop
  endfacet
  facet normal -1 0 0
    outer loop
      vertex 77.3 38 1.1
      vertex 77.3 28 1.1
      vertex 77.3 38 1.2
    endloop
  endfacet
  facet normal -1 -0 0
    outer loop
      vertex 77.3 38 1.2
      vertex 77.3 28 1.1
      vertex 77.3 28 1.2
    endloop
  endfacet
  facet normal 1 0 0
    outer loop
      vertex 76.7 28 1.1
      vertex 76.7 38 1.1
      vertex 76.7 38 1.2
    endloop
  endfacet
  facet normal 1 0 0
    outer loop
      vertex 76.7 28 1.1
      vertex 76.7 38 1.2
      vertex 76.7 28 1.2
    endloop
  endfacet
  facet normal 1 0 0
    outer loop
      vertex 76.7 38 1.1
      vertex 76.7 28 1.1
      vertex 76.7 38 0
    endloop
  endfacet
  facet normal 1 0 0
    outer loop
      vertex 76.7 38 0
      vertex 76.7 28 1.1
      vertex 76.7 28 0
    endloop
  endfacet
  facet normal 0 -1 0
    outer loop
      vertex 132.7 38 1.1
      vertex 133.3 38 1.2
      vertex 132.7 38 1.2
    endloop
  endfacet
  facet normal 0 -1 -0
    outer loop
      vertex 133.3 38 1.2
      vertex 132.7 38 1.1
      vertex 133.3 38 1.1
    endloop
  endfacet
  facet normal 0 -1 0
    outer loop
      vertex 131.1 38 1.1
      vertex 131.7 38 1.2
      vertex 131.1 38 1.2
    endloop
  endfacet
  facet normal 0 -1 -0
    outer loop
      vertex 131.7 38 1.2
      vertex 131.1 38 1.1
      vertex 131.7 38 1.1
    endloop
  endfacet
  facet normal 0 -1 0
    outer loop
      vertex 129.5 38 1.1
      vertex 130.1 38 1.2
      vertex 129.5 38 1.2
    endloop
  endfacet
  facet normal 0 -1 -0
    outer loop
      vertex 130.1 38 1.2
      vertex 129.5 38 1.1
      vertex 130.1 38 1.1
    endloop
  endfacet
  facet normal 0 -1 0
    outer loop
      vertex 127.9 38 1.1
      vertex 128.5 38 1.2
      vertex 127.9 38 1.2
    endloop
  endfacet
  facet normal 0 -1 -0
    outer loop
      vertex 128.5 38 1.2
      vertex 127.9 38 1.1
      vertex 128.5 38 1.1
    endloop
  endfacet
  facet normal 0 -1 0
    outer loop
      vertex 126.3 38 1.1
      vertex 126.9 38 1.2
      vertex 126.3 38 1.2
    endloop
  endfacet
  facet normal 0 -1 -0
    outer loop
      vertex 126.9 38 1.2
      vertex 126.3 38 1.1
      vertex 126.9 38 1.1
    endloop
  endfacet
  facet normal 0 -1 0
    outer loop
      vertex 124.7 38 1.1
      vertex 125.3 38 1.2
      vertex 124.7 38 1.2
    endloop
  endfacet
  facet normal 0 -1 -0
    outer loop
      vertex 125.3 38 1.2
      vertex 124.7 38 1.1
      vertex 125.3 38 1.1
    endloop
  endfacet
  facet normal 0 -1 0
    outer loop
      vertex 123.1 38 1.1
      vertex 123.7 38 1.2
      vertex 123.1 38 1.2
    endloop
  endfacet
  facet normal 0 -1 -0
    outer loop
      vertex 123.7 38 1.2
      vertex 123.1 38 1.1
      vertex 123.7 38 1.1
    endloop
  endfacet
  facet normal 0 -1 0
    outer loop
      vertex 121.5 38 1.1
      vertex 122.1 38 1.2
      vertex 121.5 38 1.2
    endloop
  endfacet
  facet normal 0 -1 -0
    outer loop
      vertex 122.1 38 1.2
      vertex 121.5 38 1.1
      vertex 122.1 38 1.1
    endloop
  endfacet
  facet normal 0 -1 0
    outer loop
      vertex 119.9 38 1.1
      vertex 120.5 38 1.2
      vertex 119.9 38 1.2
    endloop
  endfacet
  facet normal 0 -1 -0
    outer loop
      vertex 120.5 38 1.2
      vertex 119.9 38 1.1
      vertex 120.5 38 1.1
    endloop
  endfacet
  facet normal 0 -1 0
    outer loop
      vertex 118.3 38 1.1
      vertex 118.9 38 1.2
      vertex 118.3 38 1.2
    endloop
  endfacet
  facet normal 0 -1 -0
    outer loop
      vertex 118.9 38 1.2
      vertex 118.3 38 1.1
      vertex 118.9 38 1.1
    endloop
  endfacet
  facet normal 0 -1 0
    outer loop
      vertex 116.7 38 1.1
      vertex 117.3 38 1.2
      vertex 116.7 38 1.2
    endloop
  endfacet
  facet normal 0 -1 -0
    outer loop
      vertex 117.3 38 1.2
      vertex 116.7 38 1.1
      vertex 117.3 38 1.1
    endloop
  endfacet
  facet normal 0 -1 0
    outer loop
      vertex 115.1 38 1.1
      vertex 115.7 38 1.2
      vertex 115.1 38 1.2
    endloop
  endfacet
  facet normal 0 -1 -0
    outer loop
      vertex 115.7 38 1.2
      vertex 115.1 38 1.1
      vertex 115.7 38 1.1
    endloop
  endfacet
  facet normal 0 -1 0
    outer loop
      vertex 113.5 38 1.1
      vertex 114.1 38 1.2
      vertex 113.5 38 1.2
    endloop
  endfacet
  facet normal 0 -1 -0
    outer loop
      vertex 114.1 38 1.2
      vertex 113.5 38 1.1
      vertex 114.1 38 1.1
    endloop
  endfacet
  facet normal 0 -1 0
    outer loop
      vertex 111.9 38 1.1
      vertex 112.5 38 1.2
      vertex 111.9 38 1.2
    endloop
  endfacet
  facet normal 0 -1 -0
    outer loop
      vertex 112.5 38 1.2
      vertex 111.9 38 1.1
      vertex 112.5 38 1.1
    endloop
  endfacet
  facet normal 0 -1 0
    outer loop
      vertex 110.3 38 1.1
      vertex 110.9 38 1.2
      vertex 110.3 38 1.2
    endloop
  endfacet
  facet normal 0 -1 -0
    outer loop
      vertex 110.9 38 1.2
      vertex 110.3 38 1.1
      vertex 110.9 38 1.1
    endloop
  endfacet
  facet normal 0 -1 0
    outer loop
      vertex 108.7 38 1.1
      vertex 109.3 38 1.2
      vertex 108.7 38 1.2
    endloop
  endfacet
  facet normal 0 -1 -0
    outer loop
      vertex 109.3 38 1.2
      vertex 108.7 38 1.1
      vertex 109.3 38 1.1
    endloop
  endfacet
  facet normal 0 -1 0
    outer loop
      vertex 107.1 38 1.1
      vertex 107.7 38 1.2
      vertex 107.1 38 1.2
    endloop
  endfacet
  facet normal 0 -1 -0
    outer loop
      vertex 107.7 38 1.2
      vertex 107.1 38 1.1
      vertex 107.7 38 1.1
    endloop
  endfacet
  facet normal 0 -1 0
    outer loop
      vertex 105.5 38 1.1
      vertex 106.1 38 1.2
      vertex 105.5 38 1.2
    endloop
  endfacet
  facet normal 0 -1 -0
    outer loop
      vertex 106.1 38 1.2
      vertex 105.5 38 1.1
      vertex 106.1 38 1.1
    endloop
  endfacet
  facet normal 0 -1 0
    outer loop
      vertex 103.9 38 1.1
      vertex 104.5 38 1.2
      vertex 103.9 38 1.2
    endloop
  endfacet
  facet normal 0 -1 -0
    outer loop
      vertex 104.5 38 1.2
      vertex 103.9 38 1.1
      vertex 104.5 38 1.1
    endloop
  endfacet
  facet normal 0 -1 0
    outer loop
      vertex 102.3 38 1.1
      vertex 102.9 38 1.2
      vertex 102.3 38 1.2
    endloop
  endfacet
  facet normal 0 -1 -0
    outer loop
      vertex 102.9 38 1.2
      vertex 102.3 38 1.1
      vertex 102.9 38 1.1
    endloop
  endfacet
  facet normal 0 -1 0
    outer loop
      vertex 100.7 38 1.1
      vertex 101.3 38 1.2
      vertex 100.7 38 1.2
    endloop
  endfacet
  facet normal 0 -1 -0
    outer loop
      vertex 101.3 38 1.2
      vertex 100.7 38 1.1
      vertex 101.3 38 1.1
    endloop
  endfacet
  facet normal 0 -1 0
    outer loop
      vertex 99.1 38 1.1
      vertex 99.7 38 1.2
      vertex 99.1 38 1.2
    endloop
  endfacet
  facet normal 0 -1 -0
    outer loop
      vertex 99.7 38 1.2
      vertex 99.1 38 1.1
      vertex 99.7 38 1.1
    endloop
  endfacet
  facet normal 0 -1 0
    outer loop
      vertex 97.5 38 1.1
      vertex 98.1 38 1.2
      vertex 97.5 38 1.2
    endloop
  endfacet
  facet normal 0 -1 -0
    outer loop
      vertex 98.1 38 1.2
      vertex 97.5 38 1.1
      vertex 98.1 38 1.1
    endloop
  endfacet
  facet normal 0 -1 0
    outer loop
      vertex 95.9 38 1.1
      vertex 96.5 38 1.2
      vertex 95.9 38 1.2
    endloop
  endfacet
  facet normal 0 -1 -0
    outer loop
      vertex 96.5 38 1.2
      vertex 95.9 38 1.1
      vertex 96.5 38 1.1
    endloop
  endfacet
  facet normal 0 -1 0
    outer loop
      vertex 94.3 38 1.1
      vertex 94.9 38 1.2
      vertex 94.3 38 1.2
    endloop
  endfacet
  facet normal 0 -1 -0
    outer loop
      vertex 94.9 38 1.2
      vertex 94.3 38 1.1
      vertex 94.9 38 1.1
    endloop
  endfacet
  facet normal 0 -1 0
    outer loop
      vertex 92.7 38 1.1
      vertex 93.3 38 1.2
      vertex 92.7 38 1.2
    endloop
  endfacet
  facet normal 0 -1 -0
    outer loop
      vertex 93.3 38 1.2
      vertex 92.7 38 1.1
      vertex 93.3 38 1.1
    endloop
  endfacet
  facet normal 0 -1 0
    outer loop
      vertex 91.1 38 1.1
      vertex 91.7 38 1.2
      vertex 91.1 38 1.2
    endloop
  endfacet
  facet normal 0 -1 -0
    outer loop
      vertex 91.7 38 1.2
      vertex 91.1 38 1.1
      vertex 91.7 38 1.1
    endloop
  endfacet
  facet normal 0 -1 0
    outer loop
      vertex 89.5 38 1.1
      vertex 90.1 38 1.2
      vertex 89.5 38 1.2
    endloop
  endfacet
  facet normal 0 -1 -0
    outer loop
      vertex 90.1 38 1.2
      vertex 89.5 38 1.1
      vertex 90.1 38 1.1
    endloop
  endfacet
  facet normal 0 -1 0
    outer loop
      vertex 87.9 38 1.1
      vertex 88.5 38 1.2
      vertex 87.9 38 1.2
    endloop
  endfacet
  facet normal 0 -1 -0
    outer loop
      vertex 88.5 38 1.2
      vertex 87.9 38 1.1
      vertex 88.5 38 1.1
    endloop
  endfacet
  facet normal 0 -1 0
    outer loop
      vertex 86.3 38 1.1
      vertex 86.9 38 1.2
      vertex 86.3 38 1.2
    endloop
  endfacet
  facet normal 0 -1 -0
    outer loop
      vertex 86.9 38 1.2
      vertex 86.3 38 1.1
      vertex 86.9 38 1.1
    endloop
  endfacet
  facet normal 0 -1 0
    outer loop
      vertex 84.7 38 1.1
      vertex 85.3 38 1.2
      vertex 84.7 38 1.2
    endloop
  endfacet
  facet normal 0 -1 -0
    outer loop
      vertex 85.3 38 1.2
      vertex 84.7 38 1.1
      vertex 85.3 38 1.1
    endloop
  endfacet
  facet normal 0 -1 0
    outer loop
      vertex 83.1 38 1.1
      vertex 83.7 38 1.2
      vertex 83.1 38 1.2
    endloop
  endfacet
  facet normal 0 -1 -0
    outer loop
      vertex 83.7 38 1.2
      vertex 83.1 38 1.1
      vertex 83.7 38 1.1
    endloop
  endfacet
  facet normal 0 -1 0
    outer loop
      vertex 81.5 38 1.1
      vertex 82.1 38 1.2
      vertex 81.5 38 1.2
    endloop
  endfacet
  facet normal 0 -1 -0
    outer loop
      vertex 82.1 38 1.2
      vertex 81.5 38 1.1
      vertex 82.1 38 1.1
    endloop
  endfacet
  facet normal 0 -1 0
    outer loop
      vertex 79.9 38 1.1
      vertex 80.5 38 1.2
      vertex 79.9 38 1.2
    endloop
  endfacet
  facet normal 0 -1 -0
    outer loop
      vertex 80.5 38 1.2
      vertex 79.9 38 1.1
      vertex 80.5 38 1.1
    endloop
  endfacet
  facet normal 0 -1 0
    outer loop
      vertex 78.3 38 1.1
      vertex 78.9 38 1.2
      vertex 78.3 38 1.2
    endloop
  endfacet
  facet normal 0 -1 -0
    outer loop
      vertex 78.9 38 1.2
      vertex 78.3 38 1.1
      vertex 78.9 38 1.1
    endloop
  endfacet
  facet normal 0 -1 0
    outer loop
      vertex 76.7 38 1.1
      vertex 77.3 38 1.2
      vertex 76.7 38 1.2
    endloop
  endfacet
  facet normal 0 -1 -0
    outer loop
      vertex 77.3 38 1.2
      vertex 76.7 38 1.1
      vertex 77.3 38 1.1
    endloop
  endfacet
  facet normal 0 -1 0
    outer loop
      vertex 76.7 38 1.2
      vertex 76 38 4
      vertex 76 38 1.2
    endloop
  endfacet
  facet normal 0 -1 0
    outer loop
      vertex 77.3 38 1.2
      vertex 76 38 4
      vertex 76.7 38 1.2
    endloop
  endfacet
  facet normal 0 -1 0
    outer loop
      vertex 78.3 38 1.2
      vertex 76 38 4
      vertex 77.3 38 1.2
    endloop
  endfacet
  facet normal 0 -1 0
    outer loop
      vertex 78.9 38 1.2
      vertex 76 38 4
      vertex 78.3 38 1.2
    endloop
  endfacet
  facet normal 0 -1 0
    outer loop
      vertex 79.9 38 1.2
      vertex 76 38 4
      vertex 78.9 38 1.2
    endloop
  endfacet
  facet normal 0 -1 0
    outer loop
      vertex 80.5 38 1.2
      vertex 76 38 4
      vertex 79.9 38 1.2
    endloop
  endfacet
  facet normal 0 -1 0
    outer loop
      vertex 81.5 38 1.2
      vertex 76 38 4
      vertex 80.5 38 1.2
    endloop
  endfacet
  facet normal 0 -1 0
    outer loop
      vertex 82.1 38 1.2
      vertex 76 38 4
      vertex 81.5 38 1.2
    endloop
  endfacet
  facet normal 0 -1 0
    outer loop
      vertex 83.1 38 1.2
      vertex 76 38 4
      vertex 82.1 38 1.2
    endloop
  endfacet
  facet normal 0 -1 0
    outer loop
      vertex 83.7 38 1.2
      vertex 76 38 4
      vertex 83.1 38 1.2
    endloop
  endfacet
  facet normal 0 -1 0
    outer loop
      vertex 84.7 38 1.2
      vertex 76 38 4
      vertex 83.7 38 1.2
    endloop
  endfacet
  facet normal 0 -1 0
    outer loop
      vertex 85.3 38 1.2
      vertex 76 38 4
      vertex 84.7 38 1.2
    endloop
  endfacet
  facet normal 0 -1 0
    outer loop
      vertex 86.3 38 1.2
      vertex 76 38 4
      vertex 85.3 38 1.2
    endloop
  endfacet
  facet normal 0 -1 0
    outer loop
      vertex 86.9 38 1.2
      vertex 76 38 4
      vertex 86.3 38 1.2
    endloop
  endfacet
  facet normal 0 -1 0
    outer loop
      vertex 87.9 38 1.2
      vertex 76 38 4
      vertex 86.9 38 1.2
    endloop
  endfacet
  facet normal 0 -1 0
    outer loop
      vertex 88.5 38 1.2
      vertex 76 38 4
      vertex 87.9 38 1.2
    endloop
  endfacet
  facet normal 0 -1 0
    outer loop
      vertex 89.5 38 1.2
      vertex 76 38 4
      vertex 88.5 38 1.2
    endloop
  endfacet
  facet normal 0 -1 0
    outer loop
      vertex 90.1 38 1.2
      vertex 76 38 4
      vertex 89.5 38 1.2
    endloop
  endfacet
  facet normal 0 -1 0
    outer loop
      vertex 91.1 38 1.2
      vertex 76 38 4
      vertex 90.1 38 1.2
    endloop
  endfacet
  facet normal 0 -1 0
    outer loop
      vertex 91.7 38 1.2
      vertex 76 38 4
      vertex 91.1 38 1.2
    endloop
  endfacet
  facet normal 0 -1 0
    outer loop
      vertex 92.7 38 1.2
      vertex 76 38 4
      vertex 91.7 38 1.2
    endloop
  endfacet
  facet normal 0 -1 0
    outer loop
      vertex 93.3 38 1.2
      vertex 76 38 4
      vertex 92.7 38 1.2
    endloop
  endfacet
  facet normal 0 -1 0
    outer loop
      vertex 94.3 38 1.2
      vertex 76 38 4
      vertex 93.3 38 1.2
    endloop
  endfacet
  facet normal 0 -1 0
    outer loop
      vertex 94.9 38 1.2
      vertex 76 38 4
      vertex 94.3 38 1.2
    endloop
  endfacet
  facet normal 0 -1 0
    outer loop
      vertex 95.9 38 1.2
      vertex 76 38 4
      vertex 94.9 38 1.2
    endloop
  endfacet
  facet normal 0 -1 0
    outer loop
      vertex 96.5 38 1.2
      vertex 76 38 4
      vertex 95.9 38 1.2
    endloop
  endfacet
  facet normal 0 -1 0
    outer loop
      vertex 97.5 38 1.2
      vertex 76 38 4
      vertex 96.5 38 1.2
    endloop
  endfacet
  facet normal 0 -1 0
    outer loop
      vertex 98.1 38 1.2
      vertex 76 38 4
      vertex 97.5 38 1.2
    endloop
  endfacet
  facet normal 0 -1 0
    outer loop
      vertex 99.1 38 1.2
      vertex 76 38 4
      vertex 98.1 38 1.2
    endloop
  endfacet
  facet normal 0 -1 0
    outer loop
      vertex 99.7 38 1.2
      vertex 76 38 4
      vertex 99.1 38 1.2
    endloop
  endfacet
  facet normal 0 -1 0
    outer loop
      vertex 100.7 38 1.2
      vertex 76 38 4
      vertex 99.7 38 1.2
    endloop
  endfacet
  facet normal 0 -1 0
    outer loop
      vertex 101.3 38 1.2
      vertex 76 38 4
      vertex 100.7 38 1.2
    endloop
  endfacet
  facet normal 0 -1 0
    outer loop
      vertex 102.3 38 1.2
      vertex 76 38 4
      vertex 101.3 38 1.2
    endloop
  endfacet
  facet normal 0 -1 0
    outer loop
      vertex 102.9 38 1.2
      vertex 76 38 4
      vertex 102.3 38 1.2
    endloop
  endfacet
  facet normal 0 -1 0
    outer loop
      vertex 103.9 38 1.2
      vertex 76 38 4
      vertex 102.9 38 1.2
    endloop
  endfacet
  facet normal 0 -1 0
    outer loop
      vertex 76 38 4
      vertex 103.9 38 1.2
      vertex 134 38 4
    endloop
  endfacet
  facet normal 0 -1 0
    outer loop
      vertex 104.5 38 1.2
      vertex 134 38 4
      vertex 103.9 38 1.2
    endloop
  endfacet
  facet normal 0 -1 0
    outer loop
      vertex 105.5 38 1.2
      vertex 134 38 4
      vertex 104.5 38 1.2
    endloop
  endfacet
  facet normal 0 -1 0
    outer loop
      vertex 106.1 38 1.2
      vertex 134 38 4
      vertex 105.5 38 1.2
    endloop
  endfacet
  facet normal 0 -1 0
    outer loop
      vertex 107.1 38 1.2
      vertex 134 38 4
      vertex 106.1 38 1.2
    endloop
  endfacet
  facet normal 0 -1 0
    outer loop
      vertex 107.7 38 1.2
      vertex 134 38 4
      vertex 107.1 38 1.2
    endloop
  endfacet
  facet normal 0 -1 0
    outer loop
      vertex 108.7 38 1.2
      vertex 134 38 4
      vertex 107.7 38 1.2
    endloop
  endfacet
  facet normal 0 -1 0
    outer loop
      vertex 109.3 38 1.2
      vertex 134 38 4
      vertex 108.7 38 1.2
    endloop
  endfacet
  facet normal 0 -1 0
    outer loop
      vertex 110.3 38 1.2
      vertex 134 38 4
      vertex 109.3 38 1.2
    endloop
  endfacet
  facet normal 0 -1 0
    outer loop
      vertex 110.9 38 1.2
      vertex 134 38 4
      vertex 110.3 38 1.2
    endloop
  endfacet
  facet normal 0 -1 0
    outer loop
      vertex 111.9 38 1.2
      vertex 134 38 4
      vertex 110.9 38 1.2
    endloop
  endfacet
  facet normal 0 -1 0
    outer loop
      vertex 112.5 38 1.2
      vertex 134 38 4
      vertex 111.9 38 1.2
    endloop
  endfacet
  facet normal 0 -1 0
    outer loop
      vertex 113.5 38 1.2
      vertex 134 38 4
      vertex 112.5 38 1.2
    endloop
  endfacet
  facet normal 0 -1 0
    outer loop
      vertex 114.1 38 1.2
      vertex 134 38 4
      vertex 113.5 38 1.2
    endloop
  endfacet
  facet normal 0 -1 0
    outer loop
      vertex 115.1 38 1.2
      vertex 134 38 4
      vertex 114.1 38 1.2
    endloop
  endfacet
  facet normal 0 -1 0
    outer loop
      vertex 115.7 38 1.2
      vertex 134 38 4
      vertex 115.1 38 1.2
    endloop
  endfacet
  facet normal 0 -1 0
    outer loop
      vertex 116.7 38 1.2
      vertex 134 38 4
      vertex 115.7 38 1.2
    endloop
  endfacet
  facet normal 0 -1 0
    outer loop
      vertex 117.3 38 1.2
      vertex 134 38 4
      vertex 116.7 38 1.2
    endloop
  endfacet
  facet normal 0 -1 0
    outer loop
      vertex 118.3 38 1.2
      vertex 134 38 4
      vertex 117.3 38 1.2
    endloop
  endfacet
  facet normal 0 -1 0
    outer loop
      vertex 118.9 38 1.2
      vertex 134 38 4
      vertex 118.3 38 1.2
    endloop
  endfacet
  facet normal 0 -1 0
    outer loop
      vertex 119.9 38 1.2
      vertex 134 38 4
      vertex 118.9 38 1.2
    endloop
  endfacet
  facet normal 0 -1 0
    outer loop
      vertex 120.5 38 1.2
      vertex 134 38 4
      vertex 119.9 38 1.2
    endloop
  endfacet
  facet normal 0 -1 0
    outer loop
      vertex 121.5 38 1.2
      vertex 134 38 4
      vertex 120.5 38 1.2
    endloop
  endfacet
  facet normal 0 -1 0
    outer loop
      vertex 122.1 38 1.2
      vertex 134 38 4
      vertex 121.5 38 1.2
    endloop
  endfacet
  facet normal 0 -1 0
    outer loop
      vertex 123.1 38 1.2
      vertex 134 38 4
      vertex 122.1 38 1.2
    endloop
  endfacet
  facet normal 0 -1 0
    outer loop
      vertex 123.7 38 1.2
      vertex 134 38 4
      vertex 123.1 38 1.2
    endloop
  endfacet
  facet normal 0 -1 0
    outer loop
      vertex 124.7 38 1.2
      vertex 134 38 4
      vertex 123.7 38 1.2
    endloop
  endfacet
  facet normal 0 -1 0
    outer loop
      vertex 125.3 38 1.2
      vertex 134 38 4
      vertex 124.7 38 1.2
    endloop
  endfacet
  facet normal 0 -1 0
    outer loop
      vertex 126.3 38 1.2
      vertex 134 38 4
      vertex 125.3 38 1.2
    endloop
  endfacet
  facet normal 0 -1 0
    outer loop
      vertex 126.9 38 1.2
      vertex 134 38 4
      vertex 126.3 38 1.2
    endloop
  endfacet
  facet normal 0 -1 0
    outer loop
      vertex 127.9 38 1.2
      vertex 134 38 4
      vertex 126.9 38 1.2
    endloop
  endfacet
  facet normal 0 -1 0
    outer loop
      vertex 128.5 38 1.2
      vertex 134 38 4
      vertex 127.9 38 1.2
    endloop
  endfacet
  facet normal 0 -1 0
    outer loop
      vertex 129.5 38 1.2
      vertex 134 38 4
      vertex 128.5 38 1.2
    endloop
  endfacet
  facet normal 0 -1 0
    outer loop
      vertex 130.1 38 1.2
      vertex 134 38 4
      vertex 129.5 38 1.2
    endloop
  endfacet
  facet normal 0 -1 0
    outer loop
      vertex 131.1 38 1.2
      vertex 134 38 4
      vertex 130.1 38 1.2
    endloop
  endfacet
  facet normal 0 -1 0
    outer loop
      vertex 131.7 38 1.2
      vertex 134 38 4
      vertex 131.1 38 1.2
    endloop
  endfacet
  facet normal 0 -1 0
    outer loop
      vertex 132.7 38 1.2
      vertex 134 38 4
      vertex 131.7 38 1.2
    endloop
  endfacet
  facet normal 0 -1 0
    outer loop
      vertex 133.3 38 1.2
      vertex 134 38 4
      vertex 132.7 38 1.2
    endloop
  endfacet
  facet normal 0 -1 -0
    outer loop
      vertex 134 38 4
      vertex 133.3 38 1.2
      vertex 134 38 1.2
    endloop
  endfacet
  facet normal 0 -1 0
    outer loop
      vertex 76.7 38 0
      vertex 77.3 38 1.1
      vertex 76.7 38 1.1
    endloop
  endfacet
  facet normal 0 -1 -0
    outer loop
      vertex 77.3 38 1.1
      vertex 76.7 38 0
      vertex 77.3 38 0
    endloop
  endfacet
  facet normal 0 -1 0
    outer loop
      vertex 78.3 38 0
      vertex 78.9 38 1.1
      vertex 78.3 38 1.1
    endloop
  endfacet
  facet normal 0 -1 -0
    outer loop
      vertex 78.9 38 1.1
      vertex 78.3 38 0
      vertex 78.9 38 0
    endloop
  endfacet
  facet normal 0 -1 0
    outer loop
      vertex 79.9 38 0
      vertex 80.5 38 1.1
      vertex 79.9 38 1.1
    endloop
  endfacet
  facet normal 0 -1 -0
    outer loop
      vertex 80.5 38 1.1
      vertex 79.9 38 0
      vertex 80.5 38 0
    endloop
  endfacet
  facet normal 0 -1 0
    outer loop
      vertex 81.5 38 0
      vertex 82.1 38 1.1
      vertex 81.5 38 1.1
    endloop
  endfacet
  facet normal 0 -1 -0
    outer loop
      vertex 82.1 38 1.1
      vertex 81.5 38 0
      vertex 82.1 38 0
    endloop
  endfacet
  facet normal 0 -1 0
    outer loop
      vertex 83.1 38 0
      vertex 83.7 38 1.1
      vertex 83.1 38 1.1
    endloop
  endfacet
  facet normal 0 -1 -0
    outer loop
      vertex 83.7 38 1.1
      vertex 83.1 38 0
      vertex 83.7 38 0
    endloop
  endfacet
  facet normal 0 -1 0
    outer loop
      vertex 84.7 38 0
      vertex 85.3 38 1.1
      vertex 84.7 38 1.1
    endloop
  endfacet
  facet normal 0 -1 -0
    outer loop
      vertex 85.3 38 1.1
      vertex 84.7 38 0
      vertex 85.3 38 0
    endloop
  endfacet
  facet normal 0 -1 0
    outer loop
      vertex 86.3 38 0
      vertex 86.9 38 1.1
      vertex 86.3 38 1.1
    endloop
  endfacet
  facet normal 0 -1 -0
    outer loop
      vertex 86.9 38 1.1
      vertex 86.3 38 0
      vertex 86.9 38 0
    endloop
  endfacet
  facet normal 0 -1 0
    outer loop
      vertex 87.9 38 0
      vertex 88.5 38 1.1
      vertex 87.9 38 1.1
    endloop
  endfacet
  facet normal 0 -1 -0
    outer loop
      vertex 88.5 38 1.1
      vertex 87.9 38 0
      vertex 88.5 38 0
    endloop
  endfacet
  facet normal 0 -1 0
    outer loop
      vertex 89.5 38 0
      vertex 90.1 38 1.1
      vertex 89.5 38 1.1
    endloop
  endfacet
  facet normal 0 -1 -0
    outer loop
      vertex 90.1 38 1.1
      vertex 89.5 38 0
      vertex 90.1 38 0
    endloop
  endfacet
  facet normal 0 -1 0
    outer loop
      vertex 91.1 38 0
      vertex 91.7 38 1.1
      vertex 91.1 38 1.1
    endloop
  endfacet
  facet normal 0 -1 -0
    outer loop
      vertex 91.7 38 1.1
      vertex 91.1 38 0
      vertex 91.7 38 0
    endloop
  endfacet
  facet normal 0 -1 0
    outer loop
      vertex 92.7 38 0
      vertex 93.3 38 1.1
      vertex 92.7 38 1.1
    endloop
  endfacet
  facet normal 0 -1 -0
    outer loop
      vertex 93.3 38 1.1
      vertex 92.7 38 0
      vertex 93.3 38 0
    endloop
  endfacet
  facet normal 0 -1 0
    outer loop
      vertex 94.3 38 0
      vertex 94.9 38 1.1
      vertex 94.3 38 1.1
    endloop
  endfacet
  facet normal 0 -1 -0
    outer loop
      vertex 94.9 38 1.1
      vertex 94.3 38 0
      vertex 94.9 38 0
    endloop
  endfacet
  facet normal 0 -1 0
    outer loop
      vertex 95.9 38 0
      vertex 96.5 38 1.1
      vertex 95.9 38 1.1
    endloop
  endfacet
  facet normal 0 -1 -0
    outer loop
      vertex 96.5 38 1.1
      vertex 95.9 38 0
      vertex 96.5 38 0
    endloop
  endfacet
  facet normal 0 -1 0
    outer loop
      vertex 97.5 38 0
      vertex 98.1 38 1.1
      vertex 97.5 38 1.1
    endloop
  endfacet
  facet normal 0 -1 -0
    outer loop
      vertex 98.1 38 1.1
      vertex 97.5 38 0
      vertex 98.1 38 0
    endloop
  endfacet
  facet normal 0 -1 0
    outer loop
      vertex 99.1 38 0
      vertex 99.7 38 1.1
      vertex 99.1 38 1.1
    endloop
  endfacet
  facet normal 0 -1 -0
    outer loop
      vertex 99.7 38 1.1
      vertex 99.1 38 0
      vertex 99.7 38 0
    endloop
  endfacet
  facet normal 0 -1 0
    outer loop
      vertex 100.7 38 0
      vertex 101.3 38 1.1
      vertex 100.7 38 1.1
    endloop
  endfacet
  facet normal 0 -1 -0
    outer loop
      vertex 101.3 38 1.1
      vertex 100.7 38 0
      vertex 101.3 38 0
    endloop
  endfacet
  facet normal 0 -1 0
    outer loop
      vertex 102.3 38 0
      vertex 102.9 38 1.1
      vertex 102.3 38 1.1
    endloop
  endfacet
  facet normal 0 -1 -0
    outer loop
      vertex 102.9 38 1.1
      vertex 102.3 38 0
      vertex 102.9 38 0
    endloop
  endfacet
  facet normal 0 -1 0
    outer loop
      vertex 103.9 38 0
      vertex 104.5 38 1.1
      vertex 103.9 38 1.1
    endloop
  endfacet
  facet normal 0 -1 -0
    outer loop
      vertex 104.5 38 1.1
      vertex 103.9 38 0
      vertex 104.5 38 0
    endloop
  endfacet
  facet normal 0 -1 0
    outer loop
      vertex 105.5 38 0
      vertex 106.1 38 1.1
      vertex 105.5 38 1.1
    endloop
  endfacet
  facet normal 0 -1 -0
    outer loop
      vertex 106.1 38 1.1
      vertex 105.5 38 0
      vertex 106.1 38 0
    endloop
  endfacet
  facet normal 0 -1 0
    outer loop
      vertex 107.1 38 0
      vertex 107.7 38 1.1
      vertex 107.1 38 1.1
    endloop
  endfacet
  facet normal 0 -1 -0
    outer loop
      vertex 107.7 38 1.1
      vertex 107.1 38 0
      vertex 107.7 38 0
    endloop
  endfacet
  facet normal 0 -1 0
    outer loop
      vertex 108.7 38 0
      vertex 109.3 38 1.1
      vertex 108.7 38 1.1
    endloop
  endfacet
  facet normal 0 -1 -0
    outer loop
      vertex 109.3 38 1.1
      vertex 108.7 38 0
      vertex 109.3 38 0
    endloop
  endfacet
  facet normal 0 -1 0
    outer loop
      vertex 110.3 38 0
      vertex 110.9 38 1.1
      vertex 110.3 38 1.1
    endloop
  endfacet
  facet normal 0 -1 -0
    outer loop
      vertex 110.9 38 1.1
      vertex 110.3 38 0
      vertex 110.9 38 0
    endloop
  endfacet
  facet normal 0 -1 0
    outer loop
      vertex 111.9 38 0
      vertex 112.5 38 1.1
      vertex 111.9 38 1.1
    endloop
  endfacet
  facet normal 0 -1 -0
    outer loop
      vertex 112.5 38 1.1
      vertex 111.9 38 0
      vertex 112.5 38 0
    endloop
  endfacet
  facet normal 0 -1 0
    outer loop
      vertex 113.5 38 0
      vertex 114.1 38 1.1
      vertex 113.5 38 1.1
    endloop
  endfacet
  facet normal 0 -1 -0
    outer loop
      vertex 114.1 38 1.1
      vertex 113.5 38 0
      vertex 114.1 38 0
    endloop
  endfacet
  facet normal 0 -1 0
    outer loop
      vertex 115.1 38 0
      vertex 115.7 38 1.1
      vertex 115.1 38 1.1
    endloop
  endfacet
  facet normal 0 -1 -0
    outer loop
      vertex 115.7 38 1.1
      vertex 115.1 38 0
      vertex 115.7 38 0
    endloop
  endfacet
  facet normal 0 -1 0
    outer loop
      vertex 116.7 38 0
      vertex 117.3 38 1.1
      vertex 116.7 38 1.1
    endloop
  endfacet
  facet normal 0 -1 -0
    outer loop
      vertex 117.3 38 1.1
      vertex 116.7 38 0
      vertex 117.3 38 0
    endloop
  endfacet
  facet normal 0 -1 0
    outer loop
      vertex 118.3 38 0
      vertex 118.9 38 1.1
      vertex 118.3 38 1.1
    endloop
  endfacet
  facet normal 0 -1 -0
    outer loop
      vertex 118.9 38 1.1
      vertex 118.3 38 0
      vertex 118.9 38 0
    endloop
  endfacet
  facet normal 0 -1 0
    outer loop
      vertex 119.9 38 0
      vertex 120.5 38 1.1
      vertex 119.9 38 1.1
    endloop
  endfacet
  facet normal 0 -1 -0
    outer loop
      vertex 120.5 38 1.1
      vertex 119.9 38 0
      vertex 120.5 38 0
    endloop
  endfacet
  facet normal 0 -1 0
    outer loop
      vertex 121.5 38 0
      vertex 122.1 38 1.1
      vertex 121.5 38 1.1
    endloop
  endfacet
  facet normal 0 -1 -0
    outer loop
      vertex 122.1 38 1.1
      vertex 121.5 38 0
      vertex 122.1 38 0
    endloop
  endfacet
  facet normal 0 -1 0
    outer loop
      vertex 123.1 38 0
      vertex 123.7 38 1.1
      vertex 123.1 38 1.1
    endloop
  endfacet
  facet normal 0 -1 -0
    outer loop
      vertex 123.7 38 1.1
      vertex 123.1 38 0
      vertex 123.7 38 0
    endloop
  endfacet
  facet normal 0 -1 0
    outer loop
      vertex 124.7 38 0
      vertex 125.3 38 1.1
      vertex 124.7 38 1.1
    endloop
  endfacet
  facet normal 0 -1 -0
    outer loop
      vertex 125.3 38 1.1
      vertex 124.7 38 0
      vertex 125.3 38 0
    endloop
  endfacet
  facet normal 0 -1 0
    outer loop
      vertex 126.3 38 0
      vertex 126.9 38 1.1
      vertex 126.3 38 1.1
    endloop
  endfacet
  facet normal 0 -1 -0
    outer loop
      vertex 126.9 38 1.1
      vertex 126.3 38 0
      vertex 126.9 38 0
    endloop
  endfacet
  facet normal 0 -1 0
    outer loop
      vertex 127.9 38 0
      vertex 128.5 38 1.1
      vertex 127.9 38 1.1
    endloop
  endfacet
  facet normal 0 -1 -0
    outer loop
      vertex 128.5 38 1.1
      vertex 127.9 38 0
      vertex 128.5 38 0
    endloop
  endfacet
  facet normal 0 -1 0
    outer loop
      vertex 129.5 38 0
      vertex 130.1 38 1.1
      vertex 129.5 38 1.1
    endloop
  endfacet
  facet normal 0 -1 -0
    outer loop
      vertex 130.1 38 1.1
      vertex 129.5 38 0
      vertex 130.1 38 0
    endloop
  endfacet
  facet normal 0 -1 0
    outer loop
      vertex 131.1 38 0
      vertex 131.7 38 1.1
      vertex 131.1 38 1.1
    endloop
  endfacet
  facet normal 0 -1 -0
    outer loop
      vertex 131.7 38 1.1
      vertex 131.1 38 0
      vertex 131.7 38 0
    endloop
  endfacet
  facet normal 0 -1 0
    outer loop
      vertex 132.7 38 0
      vertex 133.3 38 1.1
      vertex 132.7 38 1.1
    endloop
  endfacet
  facet normal 0 -1 -0
    outer loop
      vertex 133.3 38 1.1
      vertex 132.7 38 0
      vertex 133.3 38 0
    endloop
  endfacet
  facet normal 0 1 -0
    outer loop
      vertex 77.3 28 1.1
      vertex 76.7 28 1.2
      vertex 77.3 28 1.2
    endloop
  endfacet
  facet normal 0 1 0
    outer loop
      vertex 76.7 28 1.2
      vertex 77.3 28 1.1
      vertex 76.7 28 1.1
    endloop
  endfacet
  facet normal 0 1 -0
    outer loop
      vertex 78.9 28 1.1
      vertex 78.3 28 1.2
      vertex 78.9 28 1.2
    endloop
  endfacet
  facet normal 0 1 0
    outer loop
      vertex 78.3 28 1.2
      vertex 78.9 28 1.1
      vertex 78.3 28 1.1
    endloop
  endfacet
  facet normal 0 1 -0
    outer loop
      vertex 80.5 28 1.1
      vertex 79.9 28 1.2
      vertex 80.5 28 1.2
    endloop
  endfacet
  facet normal 0 1 0
    outer loop
      vertex 79.9 28 1.2
      vertex 80.5 28 1.1
      vertex 79.9 28 1.1
    endloop
  endfacet
  facet normal 0 1 -0
    outer loop
      vertex 82.1 28 1.1
      vertex 81.5 28 1.2
      vertex 82.1 28 1.2
    endloop
  endfacet
  facet normal 0 1 0
    outer loop
      vertex 81.5 28 1.2
      vertex 82.1 28 1.1
      vertex 81.5 28 1.1
    endloop
  endfacet
  facet normal 0 1 -0
    outer loop
      vertex 83.7 28 1.1
      vertex 83.1 28 1.2
      vertex 83.7 28 1.2
    endloop
  endfacet
  facet normal 0 1 0
    outer loop
      vertex 83.1 28 1.2
      vertex 83.7 28 1.1
      vertex 83.1 28 1.1
    endloop
  endfacet
  facet normal 0 1 -0
    outer loop
      vertex 85.3 28 1.1
      vertex 84.7 28 1.2
      vertex 85.3 28 1.2
    endloop
  endfacet
  facet normal 0 1 0
    outer loop
      vertex 84.7 28 1.2
      vertex 85.3 28 1.1
      vertex 84.7 28 1.1
    endloop
  endfacet
  facet normal 0 1 -0
    outer loop
      vertex 86.9 28 1.1
      vertex 86.3 28 1.2
      vertex 86.9 28 1.2
    endloop
  endfacet
  facet normal 0 1 0
    outer loop
      vertex 86.3 28 1.2
      vertex 86.9 28 1.1
      vertex 86.3 28 1.1
    endloop
  endfacet
  facet normal 0 1 -0
    outer loop
      vertex 88.5 28 1.1
      vertex 87.9 28 1.2
      vertex 88.5 28 1.2
    endloop
  endfacet
  facet normal 0 1 0
    outer loop
      vertex 87.9 28 1.2
      vertex 88.5 28 1.1
      vertex 87.9 28 1.1
    endloop
  endfacet
  facet normal 0 1 -0
    outer loop
      vertex 90.1 28 1.1
      vertex 89.5 28 1.2
      vertex 90.1 28 1.2
    endloop
  endfacet
  facet normal 0 1 0
    outer loop
      vertex 89.5 28 1.2
      vertex 90.1 28 1.1
      vertex 89.5 28 1.1
    endloop
  endfacet
  facet normal 0 1 -0
    outer loop
      vertex 91.7 28 1.1
      vertex 91.1 28 1.2
      vertex 91.7 28 1.2
    endloop
  endfacet
  facet normal 0 1 0
    outer loop
      vertex 91.1 28 1.2
      vertex 91.7 28 1.1
      vertex 91.1 28 1.1
    endloop
  endfacet
  facet normal 0 1 -0
    outer loop
      vertex 93.3 28 1.1
      vertex 92.7 28 1.2
      vertex 93.3 28 1.2
    endloop
  endfacet
  facet normal 0 1 0
    outer loop
      vertex 92.7 28 1.2
      vertex 93.3 28 1.1
      vertex 92.7 28 1.1
    endloop
  endfacet
  facet normal 0 1 -0
    outer loop
      vertex 94.9 28 1.1
      vertex 94.3 28 1.2
      vertex 94.9 28 1.2
    endloop
  endfacet
  facet normal 0 1 0
    outer loop
      vertex 94.3 28 1.2
      vertex 94.9 28 1.1
      vertex 94.3 28 1.1
    endloop
  endfacet
  facet normal 0 1 -0
    outer loop
      vertex 96.5 28 1.1
      vertex 95.9 28 1.2
      vertex 96.5 28 1.2
    endloop
  endfacet
  facet normal 0 1 0
    outer loop
      vertex 95.9 28 1.2
      vertex 96.5 28 1.1
      vertex 95.9 28 1.1
    endloop
  endfacet
  facet normal 0 1 -0
    outer loop
      vertex 98.1 28 1.1
      vertex 97.5 28 1.2
      vertex 98.1 28 1.2
    endloop
  endfacet
  facet normal 0 1 0
    outer loop
      vertex 97.5 28 1.2
      vertex 98.1 28 1.1
      vertex 97.5 28 1.1
    endloop
  endfacet
  facet normal 0 1 -0
    outer loop
      vertex 99.7 28 1.1
      vertex 99.1 28 1.2
      vertex 99.7 28 1.2
    endloop
  endfacet
  facet normal 0 1 0
    outer loop
      vertex 99.1 28 1.2
      vertex 99.7 28 1.1
      vertex 99.1 28 1.1
    endloop
  endfacet
  facet normal 0 1 -0
    outer loop
      vertex 101.3 28 1.1
      vertex 100.7 28 1.2
      vertex 101.3 28 1.2
    endloop
  endfacet
  facet normal 0 1 0
    outer loop
      vertex 100.7 28 1.2
      vertex 101.3 28 1.1
      vertex 100.7 28 1.1
    endloop
  endfacet
  facet normal 0 1 -0
    outer loop
      vertex 102.9 28 1.1
      vertex 102.3 28 1.2
      vertex 102.9 28 1.2
    endloop
  endfacet
  facet normal 0 1 0
    outer loop
      vertex 102.3 28 1.2
      vertex 102.9 28 1.1
      vertex 102.3 28 1.1
    endloop
  endfacet
  facet normal 0 1 -0
    outer loop
      vertex 104.5 28 1.1
      vertex 103.9 28 1.2
      vertex 104.5 28 1.2
    endloop
  endfacet
  facet normal 0 1 0
    outer loop
      vertex 103.9 28 1.2
      vertex 104.5 28 1.1
      vertex 103.9 28 1.1
    endloop
  endfacet
  facet normal 0 1 -0
    outer loop
      vertex 106.1 28 1.1
      vertex 105.5 28 1.2
      vertex 106.1 28 1.2
    endloop
  endfacet
  facet normal 0 1 0
    outer loop
      vertex 105.5 28 1.2
      vertex 106.1 28 1.1
      vertex 105.5 28 1.1
    endloop
  endfacet
  facet normal 0 1 -0
    outer loop
      vertex 107.7 28 1.1
      vertex 107.1 28 1.2
      vertex 107.7 28 1.2
    endloop
  endfacet
  facet normal 0 1 0
    outer loop
      vertex 107.1 28 1.2
      vertex 107.7 28 1.1
      vertex 107.1 28 1.1
    endloop
  endfacet
  facet normal 0 1 -0
    outer loop
      vertex 109.3 28 1.1
      vertex 108.7 28 1.2
      vertex 109.3 28 1.2
    endloop
  endfacet
  facet normal 0 1 0
    outer loop
      vertex 108.7 28 1.2
      vertex 109.3 28 1.1
      vertex 108.7 28 1.1
    endloop
  endfacet
  facet normal 0 1 -0
    outer loop
      vertex 110.9 28 1.1
      vertex 110.3 28 1.2
      vertex 110.9 28 1.2
    endloop
  endfacet
  facet normal 0 1 0
    outer loop
      vertex 110.3 28 1.2
      vertex 110.9 28 1.1
      vertex 110.3 28 1.1
    endloop
  endfacet
  facet normal 0 1 -0
    outer loop
      vertex 112.5 28 1.1
      vertex 111.9 28 1.2
      vertex 112.5 28 1.2
    endloop
  endfacet
  facet normal 0 1 0
    outer loop
      vertex 111.9 28 1.2
      vertex 112.5 28 1.1
      vertex 111.9 28 1.1
    endloop
  endfacet
  facet normal 0 1 -0
    outer loop
      vertex 114.1 28 1.1
      vertex 113.5 28 1.2
      vertex 114.1 28 1.2
    endloop
  endfacet
  facet normal 0 1 0
    outer loop
      vertex 113.5 28 1.2
      vertex 114.1 28 1.1
      vertex 113.5 28 1.1
    endloop
  endfacet
  facet normal 0 1 -0
    outer loop
      vertex 115.7 28 1.1
      vertex 115.1 28 1.2
      vertex 115.7 28 1.2
    endloop
  endfacet
  facet normal 0 1 0
    outer loop
      vertex 115.1 28 1.2
      vertex 115.7 28 1.1
      vertex 115.1 28 1.1
    endloop
  endfacet
  facet normal 0 1 -0
    outer loop
      vertex 117.3 28 1.1
      vertex 116.7 28 1.2
      vertex 117.3 28 1.2
    endloop
  endfacet
  facet normal 0 1 0
    outer loop
      vertex 116.7 28 1.2
      vertex 117.3 28 1.1
      vertex 116.7 28 1.1
    endloop
  endfacet
  facet normal 0 1 -0
    outer loop
      vertex 118.9 28 1.1
      vertex 118.3 28 1.2
      vertex 118.9 28 1.2
    endloop
  endfacet
  facet normal 0 1 0
    outer loop
      vertex 118.3 28 1.2
      vertex 118.9 28 1.1
      vertex 118.3 28 1.1
    endloop
  endfacet
  facet normal 0 1 -0
    outer loop
      vertex 120.5 28 1.1
      vertex 119.9 28 1.2
      vertex 120.5 28 1.2
    endloop
  endfacet
  facet normal 0 1 0
    outer loop
      vertex 119.9 28 1.2
      vertex 120.5 28 1.1
      vertex 119.9 28 1.1
    endloop
  endfacet
  facet normal 0 1 -0
    outer loop
      vertex 122.1 28 1.1
      vertex 121.5 28 1.2
      vertex 122.1 28 1.2
    endloop
  endfacet
  facet normal 0 1 0
    outer loop
      vertex 121.5 28 1.2
      vertex 122.1 28 1.1
      vertex 121.5 28 1.1
    endloop
  endfacet
  facet normal 0 1 -0
    outer loop
      vertex 123.7 28 1.1
      vertex 123.1 28 1.2
      vertex 123.7 28 1.2
    endloop
  endfacet
  facet normal 0 1 0
    outer loop
      vertex 123.1 28 1.2
      vertex 123.7 28 1.1
      vertex 123.1 28 1.1
    endloop
  endfacet
  facet normal 0 1 -0
    outer loop
      vertex 125.3 28 1.1
      vertex 124.7 28 1.2
      vertex 125.3 28 1.2
    endloop
  endfacet
  facet normal 0 1 0
    outer loop
      vertex 124.7 28 1.2
      vertex 125.3 28 1.1
      vertex 124.7 28 1.1
    endloop
  endfacet
  facet normal 0 1 -0
    outer loop
      vertex 126.9 28 1.1
      vertex 126.3 28 1.2
      vertex 126.9 28 1.2
    endloop
  endfacet
  facet normal 0 1 0
    outer loop
      vertex 126.3 28 1.2
      vertex 126.9 28 1.1
      vertex 126.3 28 1.1
    endloop
  endfacet
  facet normal 0 1 -0
    outer loop
      vertex 128.5 28 1.1
      vertex 127.9 28 1.2
      vertex 128.5 28 1.2
    endloop
  endfacet
  facet normal 0 1 0
    outer loop
      vertex 127.9 28 1.2
      vertex 128.5 28 1.1
      vertex 127.9 28 1.1
    endloop
  endfacet
  facet normal 0 1 -0
    outer loop
      vertex 130.1 28 1.1
      vertex 129.5 28 1.2
      vertex 130.1 28 1.2
    endloop
  endfacet
  facet normal 0 1 0
    outer loop
      vertex 129.5 28 1.2
      vertex 130.1 28 1.1
      vertex 129.5 28 1.1
    endloop
  endfacet
  facet normal 0 1 -0
    outer loop
      vertex 131.7 28 1.1
      vertex 131.1 28 1.2
      vertex 131.7 28 1.2
    endloop
  endfacet
  facet normal 0 1 0
    outer loop
      vertex 131.1 28 1.2
      vertex 131.7 28 1.1
      vertex 131.1 28 1.1
    endloop
  endfacet
  facet normal 0 1 -0
    outer loop
      vertex 133.3 28 1.1
      vertex 132.7 28 1.2
      vertex 133.3 28 1.2
    endloop
  endfacet
  facet normal 0 1 0
    outer loop
      vertex 132.7 28 1.2
      vertex 133.3 28 1.1
      vertex 132.7 28 1.1
    endloop
  endfacet
  facet normal 0 1 0
    outer loop
      vertex 133.3 28 1.2
      vertex 134 28 4
      vertex 134 28 1.2
    endloop
  endfacet
  facet normal 0 1 0
    outer loop
      vertex 132.7 28 1.2
      vertex 134 28 4
      vertex 133.3 28 1.2
    endloop
  endfacet
  facet normal 0 1 0
    outer loop
      vertex 131.7 28 1.2
      vertex 134 28 4
      vertex 132.7 28 1.2
    endloop
  endfacet
  facet normal 0 1 0
    outer loop
      vertex 131.1 28 1.2
      vertex 134 28 4
      vertex 131.7 28 1.2
    endloop
  endfacet
  facet normal 0 1 0
    outer loop
      vertex 130.1 28 1.2
      vertex 134 28 4
      vertex 131.1 28 1.2
    endloop
  endfacet
  facet normal 0 1 0
    outer loop
      vertex 129.5 28 1.2
      vertex 134 28 4
      vertex 130.1 28 1.2
    endloop
  endfacet
  facet normal 0 1 0
    outer loop
      vertex 128.5 28 1.2
      vertex 134 28 4
      vertex 129.5 28 1.2
    endloop
  endfacet
  facet normal 0 1 0
    outer loop
      vertex 127.9 28 1.2
      vertex 134 28 4
      vertex 128.5 28 1.2
    endloop
  endfacet
  facet normal 0 1 0
    outer loop
      vertex 126.9 28 1.2
      vertex 134 28 4
      vertex 127.9 28 1.2
    endloop
  endfacet
  facet normal 0 1 0
    outer loop
      vertex 126.3 28 1.2
      vertex 134 28 4
      vertex 126.9 28 1.2
    endloop
  endfacet
  facet normal 0 1 0
    outer loop
      vertex 125.3 28 1.2
      vertex 134 28 4
      vertex 126.3 28 1.2
    endloop
  endfacet
  facet normal 0 1 0
    outer loop
      vertex 124.7 28 1.2
      vertex 134 28 4
      vertex 125.3 28 1.2
    endloop
  endfacet
  facet normal 0 1 0
    outer loop
      vertex 123.7 28 1.2
      vertex 134 28 4
      vertex 124.7 28 1.2
    endloop
  endfacet
  facet normal 0 1 0
    outer loop
      vertex 123.1 28 1.2
      vertex 134 28 4
      vertex 123.7 28 1.2
    endloop
  endfacet
  facet normal 0 1 0
    outer loop
      vertex 122.1 28 1.2
      vertex 134 28 4
      vertex 123.1 28 1.2
    endloop
  endfacet
  facet normal 0 1 0
    outer loop
      vertex 121.5 28 1.2
      vertex 134 28 4
      vertex 122.1 28 1.2
    endloop
  endfacet
  facet normal 0 1 0
    outer loop
      vertex 120.5 28 1.2
      vertex 134 28 4
      vertex 121.5 28 1.2
    endloop
  endfacet
  facet normal 0 1 0
    outer loop
      vertex 119.9 28 1.2
      vertex 134 28 4
      vertex 120.5 28 1.2
    endloop
  endfacet
  facet normal 0 1 0
    outer loop
      vertex 118.9 28 1.2
      vertex 134 28 4
      vertex 119.9 28 1.2
    endloop
  endfacet
  facet normal 0 1 0
    outer loop
      vertex 118.3 28 1.2
      vertex 134 28 4
      vertex 118.9 28 1.2
    endloop
  endfacet
  facet normal 0 1 0
    outer loop
      vertex 117.3 28 1.2
      vertex 134 28 4
      vertex 118.3 28 1.2
    endloop
  endfacet
  facet normal 0 1 0
    outer loop
      vertex 116.7 28 1.2
      vertex 134 28 4
      vertex 117.3 28 1.2
    endloop
  endfacet
  facet normal 0 1 0
    outer loop
      vertex 115.7 28 1.2
      vertex 134 28 4
      vertex 116.7 28 1.2
    endloop
  endfacet
  facet normal 0 1 0
    outer loop
      vertex 115.1 28 1.2
      vertex 134 28 4
      vertex 115.7 28 1.2
    endloop
  endfacet
  facet normal 0 1 0
    outer loop
      vertex 114.1 28 1.2
      vertex 134 28 4
      vertex 115.1 28 1.2
    endloop
  endfacet
  facet normal 0 1 0
    outer loop
      vertex 113.5 28 1.2
      vertex 134 28 4
      vertex 114.1 28 1.2
    endloop
  endfacet
  facet normal 0 1 0
    outer loop
      vertex 112.5 28 1.2
      vertex 134 28 4
      vertex 113.5 28 1.2
    endloop
  endfacet
  facet normal 0 1 0
    outer loop
      vertex 111.9 28 1.2
      vertex 134 28 4
      vertex 112.5 28 1.2
    endloop
  endfacet
  facet normal 0 1 0
    outer loop
      vertex 110.9 28 1.2
      vertex 134 28 4
      vertex 111.9 28 1.2
    endloop
  endfacet
  facet normal 0 1 0
    outer loop
      vertex 110.3 28 1.2
      vertex 134 28 4
      vertex 110.9 28 1.2
    endloop
  endfacet
  facet normal 0 1 0
    outer loop
      vertex 109.3 28 1.2
      vertex 134 28 4
      vertex 110.3 28 1.2
    endloop
  endfacet
  facet normal 0 1 0
    outer loop
      vertex 108.7 28 1.2
      vertex 134 28 4
      vertex 109.3 28 1.2
    endloop
  endfacet
  facet normal 0 1 0
    outer loop
      vertex 107.7 28 1.2
      vertex 134 28 4
      vertex 108.7 28 1.2
    endloop
  endfacet
  facet normal 0 1 0
    outer loop
      vertex 107.1 28 1.2
      vertex 134 28 4
      vertex 107.7 28 1.2
    endloop
  endfacet
  facet normal 0 1 0
    outer loop
      vertex 106.1 28 1.2
      vertex 134 28 4
      vertex 107.1 28 1.2
    endloop
  endfacet
  facet normal 0 1 0
    outer loop
      vertex 134 28 4
      vertex 106.1 28 1.2
      vertex 76 28 4
    endloop
  endfacet
  facet normal 0 1 -0
    outer loop
      vertex 105.5 28 1.2
      vertex 76 28 4
      vertex 106.1 28 1.2
    endloop
  endfacet
  facet normal 0 1 -0
    outer loop
      vertex 104.5 28 1.2
      vertex 76 28 4
      vertex 105.5 28 1.2
    endloop
  endfacet
  facet normal 0 1 -0
    outer loop
      vertex 103.9 28 1.2
      vertex 76 28 4
      vertex 104.5 28 1.2
    endloop
  endfacet
  facet normal 0 1 -0
    outer loop
      vertex 102.9 28 1.2
      vertex 76 28 4
      vertex 103.9 28 1.2
    endloop
  endfacet
  facet normal 0 1 -0
    outer loop
      vertex 102.3 28 1.2
      vertex 76 28 4
      vertex 102.9 28 1.2
    endloop
  endfacet
  facet normal 0 1 -0
    outer loop
      vertex 101.3 28 1.2
      vertex 76 28 4
      vertex 102.3 28 1.2
    endloop
  endfacet
  facet normal 0 1 -0
    outer loop
      vertex 100.7 28 1.2
      vertex 76 28 4
      vertex 101.3 28 1.2
    endloop
  endfacet
  facet normal 0 1 -0
    outer loop
      vertex 99.7 28 1.2
      vertex 76 28 4
      vertex 100.7 28 1.2
    endloop
  endfacet
  facet normal 0 1 -0
    outer loop
      vertex 99.1 28 1.2
      vertex 76 28 4
      vertex 99.7 28 1.2
    endloop
  endfacet
  facet normal 0 1 -0
    outer loop
      vertex 98.1 28 1.2
      vertex 76 28 4
      vertex 99.1 28 1.2
    endloop
  endfacet
  facet normal 0 1 -0
    outer loop
      vertex 97.5 28 1.2
      vertex 76 28 4
      vertex 98.1 28 1.2
    endloop
  endfacet
  facet normal 0 1 -0
    outer loop
      vertex 96.5 28 1.2
      vertex 76 28 4
      vertex 97.5 28 1.2
    endloop
  endfacet
  facet normal 0 1 -0
    outer loop
      vertex 95.9 28 1.2
      vertex 76 28 4
      vertex 96.5 28 1.2
    endloop
  endfacet
  facet normal 0 1 -0
    outer loop
      vertex 94.9 28 1.2
      vertex 76 28 4
      vertex 95.9 28 1.2
    endloop
  endfacet
  facet normal 0 1 -0
    outer loop
      vertex 94.3 28 1.2
      vertex 76 28 4
      vertex 94.9 28 1.2
    endloop
  endfacet
  facet normal 0 1 -0
    outer loop
      vertex 93.3 28 1.2
      vertex 76 28 4
      vertex 94.3 28 1.2
    endloop
  endfacet
  facet normal 0 1 -0
    outer loop
      vertex 92.7 28 1.2
      vertex 76 28 4
      vertex 93.3 28 1.2
    endloop
  endfacet
  facet normal 0 1 -0
    outer loop
      vertex 91.7 28 1.2
      vertex 76 28 4
      vertex 92.7 28 1.2
    endloop
  endfacet
  facet normal 0 1 -0
    outer loop
      vertex 91.1 28 1.2
      vertex 76 28 4
      vertex 91.7 28 1.2
    endloop
  endfacet
  facet normal 0 1 -0
    outer loop
      vertex 90.1 28 1.2
      vertex 76 28 4
      vertex 91.1 28 1.2
    endloop
  endfacet
  facet normal 0 1 -0
    outer loop
      vertex 89.5 28 1.2
      vertex 76 28 4
      vertex 90.1 28 1.2
    endloop
  endfacet
  facet normal 0 1 -0
    outer loop
      vertex 88.5 28 1.2
      vertex 76 28 4
      vertex 89.5 28 1.2
    endloop
  endfacet
  facet normal 0 1 -0
    outer loop
      vertex 87.9 28 1.2
      vertex 76 28 4
      vertex 88.5 28 1.2
    endloop
  endfacet
  facet normal 0 1 -0
    outer loop
      vertex 86.9 28 1.2
      vertex 76 28 4
      vertex 87.9 28 1.2
    endloop
  endfacet
  facet normal 0 1 -0
    outer loop
      vertex 86.3 28 1.2
      vertex 76 28 4
      vertex 86.9 28 1.2
    endloop
  endfacet
  facet normal 0 1 -0
    outer loop
      vertex 85.3 28 1.2
      vertex 76 28 4
      vertex 86.3 28 1.2
    endloop
  endfacet
  facet normal 0 1 -0
    outer loop
      vertex 84.7 28 1.2
      vertex 76 28 4
      vertex 85.3 28 1.2
    endloop
  endfacet
  facet normal 0 1 -0
    outer loop
      vertex 83.7 28 1.2
      vertex 76 28 4
      vertex 84.7 28 1.2
    endloop
  endfacet
  facet normal 0 1 -0
    outer loop
      vertex 83.1 28 1.2
      vertex 76 28 4
      vertex 83.7 28 1.2
    endloop
  endfacet
  facet normal 0 1 -0
    outer loop
      vertex 82.1 28 1.2
      vertex 76 28 4
      vertex 83.1 28 1.2
    endloop
  endfacet
  facet normal 0 1 -0
    outer loop
      vertex 81.5 28 1.2
      vertex 76 28 4
      vertex 82.1 28 1.2
    endloop
  endfacet
  facet normal 0 1 -0
    outer loop
      vertex 80.5 28 1.2
      vertex 76 28 4
      vertex 81.5 28 1.2
    endloop
  endfacet
  facet normal 0 1 -0
    outer loop
      vertex 79.9 28 1.2
      vertex 76 28 4
      vertex 80.5 28 1.2
    endloop
  endfacet
  facet normal 0 1 -0
    outer loop
      vertex 78.9 28 1.2
      vertex 76 28 4
      vertex 79.9 28 1.2
    endloop
  endfacet
  facet normal 0 1 -0
    outer loop
      vertex 78.3 28 1.2
      vertex 76 28 4
      vertex 78.9 28 1.2
    endloop
  endfacet
  facet normal 0 1 -0
    outer loop
      vertex 77.3 28 1.2
      vertex 76 28 4
      vertex 78.3 28 1.2
    endloop
  endfacet
  facet normal 0 1 -0
    outer loop
      vertex 76.7 28 1.2
      vertex 76 28 4
      vertex 77.3 28 1.2
    endloop
  endfacet
  facet normal 0 1 0
    outer loop
      vertex 76 28 4
      vertex 76.7 28 1.2
      vertex 76 28 1.2
    endloop
  endfacet
  facet normal 0 1 -0
    outer loop
      vertex 77.3 28 0
      vertex 76.7 28 1.1
      vertex 77.3 28 1.1
    endloop
  endfacet
  facet normal 0 1 0
    outer loop
      vertex 76.7 28 1.1
      vertex 77.3 28 0
      vertex 76.7 28 0
    endloop
  endfacet
  facet normal 0 1 -0
    outer loop
      vertex 78.9 28 0
      vertex 78.3 28 1.1
      vertex 78.9 28 1.1
    endloop
  endfacet
  facet normal 0 1 0
    outer loop
      vertex 78.3 28 1.1
      vertex 78.9 28 0
      vertex 78.3 28 0
    endloop
  endfacet
  facet normal 0 1 -0
    outer loop
      vertex 80.5 28 0
      vertex 79.9 28 1.1
      vertex 80.5 28 1.1
    endloop
  endfacet
  facet normal 0 1 0
    outer loop
      vertex 79.9 28 1.1
      vertex 80.5 28 0
      vertex 79.9 28 0
    endloop
  endfacet
  facet normal 0 1 -0
    outer loop
      vertex 82.1 28 0
      vertex 81.5 28 1.1
      vertex 82.1 28 1.1
    endloop
  endfacet
  facet normal 0 1 0
    outer loop
      vertex 81.5 28 1.1
      vertex 82.1 28 0
      vertex 81.5 28 0
    endloop
  endfacet
  facet normal 0 1 -0
    outer loop
      vertex 83.7 28 0
      vertex 83.1 28 1.1
      vertex 83.7 28 1.1
    endloop
  endfacet
  facet normal 0 1 0
    outer loop
      vertex 83.1 28 1.1
      vertex 83.7 28 0
      vertex 83.1 28 0
    endloop
  endfacet
  facet normal 0 1 -0
    outer loop
      vertex 85.3 28 0
      vertex 84.7 28 1.1
      vertex 85.3 28 1.1
    endloop
  endfacet
  facet normal 0 1 0
    outer loop
      vertex 84.7 28 1.1
      vertex 85.3 28 0
      vertex 84.7 28 0
    endloop
  endfacet
  facet normal 0 1 -0
    outer loop
      vertex 86.9 28 0
      vertex 86.3 28 1.1
      vertex 86.9 28 1.1
    endloop
  endfacet
  facet normal 0 1 0
    outer loop
      vertex 86.3 28 1.1
      vertex 86.9 28 0
      vertex 86.3 28 0
    endloop
  endfacet
  facet normal 0 1 -0
    outer loop
      vertex 88.5 28 0
      vertex 87.9 28 1.1
      vertex 88.5 28 1.1
    endloop
  endfacet
  facet normal 0 1 0
    outer loop
      vertex 87.9 28 1.1
      vertex 88.5 28 0
      vertex 87.9 28 0
    endloop
  endfacet
  facet normal 0 1 -0
    outer loop
      vertex 90.1 28 0
      vertex 89.5 28 1.1
      vertex 90.1 28 1.1
    endloop
  endfacet
  facet normal 0 1 0
    outer loop
      vertex 89.5 28 1.1
      vertex 90.1 28 0
      vertex 89.5 28 0
    endloop
  endfacet
  facet normal 0 1 -0
    outer loop
      vertex 91.7 28 0
      vertex 91.1 28 1.1
      vertex 91.7 28 1.1
    endloop
  endfacet
  facet normal 0 1 0
    outer loop
      vertex 91.1 28 1.1
      vertex 91.7 28 0
      vertex 91.1 28 0
    endloop
  endfacet
  facet normal 0 1 -0
    outer loop
      vertex 93.3 28 0
      vertex 92.7 28 1.1
      vertex 93.3 28 1.1
    endloop
  endfacet
  facet normal 0 1 0
    outer loop
      vertex 92.7 28 1.1
      vertex 93.3 28 0
      vertex 92.7 28 0
    endloop
  endfacet
  facet normal 0 1 -0
    outer loop
      vertex 94.9 28 0
      vertex 94.3 28 1.1
      vertex 94.9 28 1.1
    endloop
  endfacet
  facet normal 0 1 0
    outer loop
      vertex 94.3 28 1.1
      vertex 94.9 28 0
      vertex 94.3 28 0
    endloop
  endfacet
  facet normal 0 1 -0
    outer loop
      vertex 96.5 28 0
      vertex 95.9 28 1.1
      vertex 96.5 28 1.1
    endloop
  endfacet
  facet normal 0 1 0
    outer loop
      vertex 95.9 28 1.1
      vertex 96.5 28 0
      vertex 95.9 28 0
    endloop
  endfacet
  facet normal 0 1 -0
    outer loop
      vertex 98.1 28 0
      vertex 97.5 28 1.1
      vertex 98.1 28 1.1
    endloop
  endfacet
  facet normal 0 1 0
    outer loop
      vertex 97.5 28 1.1
      vertex 98.1 28 0
      vertex 97.5 28 0
    endloop
  endfacet
  facet normal 0 1 -0
    outer loop
      vertex 99.7 28 0
      vertex 99.1 28 1.1
      vertex 99.7 28 1.1
    endloop
  endfacet
  facet normal 0 1 0
    outer loop
      vertex 99.1 28 1.1
      vertex 99.7 28 0
      vertex 99.1 28 0
    endloop
  endfacet
  facet normal 0 1 -0
    outer loop
      vertex 101.3 28 0
      vertex 100.7 28 1.1
      vertex 101.3 28 1.1
    endloop
  endfacet
  facet normal 0 1 0
    outer loop
      vertex 100.7 28 1.1
      vertex 101.3 28 0
      vertex 100.7 28 0
    endloop
  endfacet
  facet normal 0 1 -0
    outer loop
      vertex 102.9 28 0
      vertex 102.3 28 1.1
      vertex 102.9 28 1.1
    endloop
  endfacet
  facet normal 0 1 0
    outer loop
      vertex 102.3 28 1.1
      vertex 102.9 28 0
      vertex 102.3 28 0
    endloop
  endfacet
  facet normal 0 1 -0
    outer loop
      vertex 104.5 28 0
      vertex 103.9 28 1.1
      vertex 104.5 28 1.1
    endloop
  endfacet
  facet normal 0 1 0
    outer loop
      vertex 103.9 28 1.1
      vertex 104.5 28 0
      vertex 103.9 28 0
    endloop
  endfacet
  facet normal 0 1 -0
    outer loop
      vertex 106.1 28 0
      vertex 105.5 28 1.1
      vertex 106.1 28 1.1
    endloop
  endfacet
  facet normal 0 1 0
    outer loop
      vertex 105.5 28 1.1
      vertex 106.1 28 0
      vertex 105.5 28 0
    endloop
  endfacet
  facet normal 0 1 -0
    outer loop
      vertex 107.7 28 0
      vertex 107.1 28 1.1
      vertex 107.7 28 1.1
    endloop
  endfacet
  facet normal 0 1 0
    outer loop
      vertex 107.1 28 1.1
      vertex 107.7 28 0
      vertex 107.1 28 0
    endloop
  endfacet
  facet normal 0 1 -0
    outer loop
      vertex 109.3 28 0
      vertex 108.7 28 1.1
      vertex 109.3 28 1.1
    endloop
  endfacet
  facet normal 0 1 0
    outer loop
      vertex 108.7 28 1.1
      vertex 109.3 28 0
      vertex 108.7 28 0
    endloop
  endfacet
  facet normal 0 1 -0
    outer loop
      vertex 110.9 28 0
      vertex 110.3 28 1.1
      vertex 110.9 28 1.1
    endloop
  endfacet
  facet normal 0 1 0
    outer loop
      vertex 110.3 28 1.1
      vertex 110.9 28 0
      vertex 110.3 28 0
    endloop
  endfacet
  facet normal 0 1 -0
    outer loop
      vertex 112.5 28 0
      vertex 111.9 28 1.1
      vertex 112.5 28 1.1
    endloop
  endfacet
  facet normal 0 1 0
    outer loop
      vertex 111.9 28 1.1
      vertex 112.5 28 0
      vertex 111.9 28 0
    endloop
  endfacet
  facet normal 0 1 -0
    outer loop
      vertex 114.1 28 0
      vertex 113.5 28 1.1
      vertex 114.1 28 1.1
    endloop
  endfacet
  facet normal 0 1 0
    outer loop
      vertex 113.5 28 1.1
      vertex 114.1 28 0
      vertex 113.5 28 0
    endloop
  endfacet
  facet normal 0 1 -0
    outer loop
      vertex 115.7 28 0
      vertex 115.1 28 1.1
      vertex 115.7 28 1.1
    endloop
  endfacet
  facet normal 0 1 0
    outer loop
      vertex 115.1 28 1.1
      vertex 115.7 28 0
      vertex 115.1 28 0
    endloop
  endfacet
  facet normal 0 1 -0
    outer loop
      vertex 117.3 28 0
      vertex 116.7 28 1.1
      vertex 117.3 28 1.1
    endloop
  endfacet
  facet normal 0 1 0
    outer loop
      vertex 116.7 28 1.1
      vertex 117.3 28 0
      vertex 116.7 28 0
    endloop
  endfacet
  facet normal 0 1 -0
    outer loop
      vertex 118.9 28 0
      vertex 118.3 28 1.1
      vertex 118.9 28 1.1
    endloop
  endfacet
  facet normal 0 1 0
    outer loop
      vertex 118.3 28 1.1
      vertex 118.9 28 0
      vertex 118.3 28 0
    endloop
  endfacet
  facet normal 0 1 -0
    outer loop
      vertex 120.5 28 0
      vertex 119.9 28 1.1
      vertex 120.5 28 1.1
    endloop
  endfacet
  facet normal 0 1 0
    outer loop
      vertex 119.9 28 1.1
      vertex 120.5 28 0
      vertex 119.9 28 0
    endloop
  endfacet
  facet normal 0 1 -0
    outer loop
      vertex 122.1 28 0
      vertex 121.5 28 1.1
      vertex 122.1 28 1.1
    endloop
  endfacet
  facet normal 0 1 0
    outer loop
      vertex 121.5 28 1.1
      vertex 122.1 28 0
      vertex 121.5 28 0
    endloop
  endfacet
  facet normal 0 1 -0
    outer loop
      vertex 123.7 28 0
      vertex 123.1 28 1.1
      vertex 123.7 28 1.1
    endloop
  endfacet
  facet normal 0 1 0
    outer loop
      vertex 123.1 28 1.1
      vertex 123.7 28 0
      vertex 123.1 28 0
    endloop
  endfacet
  facet normal 0 1 -0
    outer loop
      vertex 125.3 28 0
      vertex 124.7 28 1.1
      vertex 125.3 28 1.1
    endloop
  endfacet
  facet normal 0 1 0
    outer loop
      vertex 124.7 28 1.1
      vertex 125.3 28 0
      vertex 124.7 28 0
    endloop
  endfacet
  facet normal 0 1 -0
    outer loop
      vertex 126.9 28 0
      vertex 126.3 28 1.1
      vertex 126.9 28 1.1
    endloop
  endfacet
  facet normal 0 1 0
    outer loop
      vertex 126.3 28 1.1
      vertex 126.9 28 0
      vertex 126.3 28 0
    endloop
  endfacet
  facet normal 0 1 -0
    outer loop
      vertex 128.5 28 0
      vertex 127.9 28 1.1
      vertex 128.5 28 1.1
    endloop
  endfacet
  facet normal 0 1 0
    outer loop
      vertex 127.9 28 1.1
      vertex 128.5 28 0
      vertex 127.9 28 0
    endloop
  endfacet
  facet normal 0 1 -0
    outer loop
      vertex 130.1 28 0
      vertex 129.5 28 1.1
      vertex 130.1 28 1.1
    endloop
  endfacet
  facet normal 0 1 0
    outer loop
      vertex 129.5 28 1.1
      vertex 130.1 28 0
      vertex 129.5 28 0
    endloop
  endfacet
  facet normal 0 1 -0
    outer loop
      vertex 131.7 28 0
      vertex 131.1 28 1.1
      vertex 131.7 28 1.1
    endloop
  endfacet
  facet normal 0 1 0
    outer loop
      vertex 131.1 28 1.1
      vertex 131.7 28 0
      vertex 131.1 28 0
    endloop
  endfacet
  facet normal 0 1 -0
    outer loop
      vertex 133.3 28 0
      vertex 132.7 28 1.1
      vertex 133.3 28 1.1
    endloop
  endfacet
  facet normal 0 1 0
    outer loop
      vertex 132.7 28 1.1
      vertex 133.3 28 0
      vertex 132.7 28 0
    endloop
  endfacet
  facet normal -1 0 0
    outer loop
      vertex 78.9 28 0
      vertex 78.9 38 1.1
      vertex 78.9 38 0
    endloop
  endfacet
  facet normal -1 0 0
    outer loop
      vertex 78.9 28 1.1
      vertex 78.9 38 1.1
      vertex 78.9 28 0
    endloop
  endfacet
  facet normal -1 0 0
    outer loop
      vertex 78.9 38 1.1
      vertex 78.9 28 1.1
      vertex 78.9 38 1.2
    endloop
  endfacet
  facet normal -1 -0 0
    outer loop
      vertex 78.9 38 1.2
      vertex 78.9 28 1.1
      vertex 78.9 28 1.2
    endloop
  endfacet
  facet normal 1 0 0
    outer loop
      vertex 78.3 28 1.1
      vertex 78.3 38 1.1
      vertex 78.3 38 1.2
    endloop
  endfacet
  facet normal 1 0 0
    outer loop
      vertex 78.3 28 1.1
      vertex 78.3 38 1.2
      vertex 78.3 28 1.2
    endloop
  endfacet
  facet normal 1 0 0
    outer loop
      vertex 78.3 38 1.1
      vertex 78.3 28 1.1
      vertex 78.3 38 0
    endloop
  endfacet
  facet normal 1 0 0
    outer loop
      vertex 78.3 38 0
      vertex 78.3 28 1.1
      vertex 78.3 28 0
    endloop
  endfacet
  facet normal -1 0 0
    outer loop
      vertex 80.5 28 0
      vertex 80.5 38 1.1
      vertex 80.5 38 0
    endloop
  endfacet
  facet normal -1 0 0
    outer loop
      vertex 80.5 28 1.1
      vertex 80.5 38 1.1
      vertex 80.5 28 0
    endloop
  endfacet
  facet normal -1 0 0
    outer loop
      vertex 80.5 38 1.1
      vertex 80.5 28 1.1
      vertex 80.5 38 1.2
    endloop
  endfacet
  facet normal -1 -0 0
    outer loop
      vertex 80.5 38 1.2
      vertex 80.5 28 1.1
      vertex 80.5 28 1.2
    endloop
  endfacet
  facet normal 1 0 0
    outer loop
      vertex 79.9 28 1.1
      vertex 79.9 38 1.1
      vertex 79.9 38 1.2
    endloop
  endfacet
  facet normal 1 0 0
    outer loop
      vertex 79.9 28 1.1
      vertex 79.9 38 1.2
      vertex 79.9 28 1.2
    endloop
  endfacet
  facet normal 1 0 0
    outer loop
      vertex 79.9 38 1.1
      vertex 79.9 28 1.1
      vertex 79.9 38 0
    endloop
  endfacet
  facet normal 1 0 0
    outer loop
      vertex 79.9 38 0
      vertex 79.9 28 1.1
      vertex 79.9 28 0
    endloop
  endfacet
  facet normal -1 0 0
    outer loop
      vertex 82.1 28 0
      vertex 82.1 38 1.1
      vertex 82.1 38 0
    endloop
  endfacet
  facet normal -1 0 0
    outer loop
      vertex 82.1 28 1.1
      vertex 82.1 38 1.1
      vertex 82.1 28 0
    endloop
  endfacet
  facet normal -1 0 0
    outer loop
      vertex 82.1 38 1.1
      vertex 82.1 28 1.1
      vertex 82.1 38 1.2
    endloop
  endfacet
  facet normal -1 -0 0
    outer loop
      vertex 82.1 38 1.2
      vertex 82.1 28 1.1
      vertex 82.1 28 1.2
    endloop
  endfacet
  facet normal 1 0 0
    outer loop
      vertex 81.5 28 1.1
      vertex 81.5 38 1.1
      vertex 81.5 38 1.2
    endloop
  endfacet
  facet normal 1 0 0
    outer loop
      vertex 81.5 28 1.1
      vertex 81.5 38 1.2
      vertex 81.5 28 1.2
    endloop
  endfacet
  facet normal 1 0 0
    outer loop
      vertex 81.5 38 1.1
      vertex 81.5 28 1.1
      vertex 81.5 38 0
    endloop
  endfacet
  facet normal 1 0 0
    outer loop
      vertex 81.5 38 0
      vertex 81.5 28 1.1
      vertex 81.5 28 0
    endloop
  endfacet
  facet normal -1 0 0
    outer loop
      vertex 83.7 28 0
      vertex 83.7 38 1.1
      vertex 83.7 38 0
    endloop
  endfacet
  facet normal -1 0 0
    outer loop
      vertex 83.7 28 1.1
      vertex 83.7 38 1.1
      vertex 83.7 28 0
    endloop
  endfacet
  facet normal -1 0 0
    outer loop
      vertex 83.7 38 1.1
      vertex 83.7 28 1.1
      vertex 83.7 38 1.2
    endloop
  endfacet
  facet normal -1 -0 0
    outer loop
      vertex 83.7 38 1.2
      vertex 83.7 28 1.1
      vertex 83.7 28 1.2
    endloop
  endfacet
  facet normal 1 0 0
    outer loop
      vertex 83.1 28 1.1
      vertex 83.1 38 1.1
      vertex 83.1 38 1.2
    endloop
  endfacet
  facet normal 1 0 0
    outer loop
      vertex 83.1 28 1.1
      vertex 83.1 38 1.2
      vertex 83.1 28 1.2
    endloop
  endfacet
  facet normal 1 0 0
    outer loop
      vertex 83.1 38 1.1
      vertex 83.1 28 1.1
      vertex 83.1 38 0
    endloop
  endfacet
  facet normal 1 0 0
    outer loop
      vertex 83.1 38 0
      vertex 83.1 28 1.1
      vertex 83.1 28 0
    endloop
  endfacet
  facet normal -1 0 0
    outer loop
      vertex 85.3 28 0
      vertex 85.3 38 1.1
      vertex 85.3 38 0
    endloop
  endfacet
  facet normal -1 0 0
    outer loop
      vertex 85.3 28 1.1
      vertex 85.3 38 1.1
      vertex 85.3 28 0
    endloop
  endfacet
  facet normal -1 0 0
    outer loop
      vertex 85.3 38 1.1
      vertex 85.3 28 1.1
      vertex 85.3 38 1.2
    endloop
  endfacet
  facet normal -1 -0 0
    outer loop
      vertex 85.3 38 1.2
      vertex 85.3 28 1.1
      vertex 85.3 28 1.2
    endloop
  endfacet
  facet normal 1 0 0
    outer loop
      vertex 84.7 28 1.1
      vertex 84.7 38 1.1
      vertex 84.7 38 1.2
    endloop
  endfacet
  facet normal 1 0 0
    outer loop
      vertex 84.7 28 1.1
      vertex 84.7 38 1.2
      vertex 84.7 28 1.2
    endloop
  endfacet
  facet normal 1 0 0
    outer loop
      vertex 84.7 38 1.1
      vertex 84.7 28 1.1
      vertex 84.7 38 0
    endloop
  endfacet
  facet normal 1 0 0
    outer loop
      vertex 84.7 38 0
      vertex 84.7 28 1.1
      vertex 84.7 28 0
    endloop
  endfacet
  facet normal -1 0 0
    outer loop
      vertex 86.9 28 0
      vertex 86.9 38 1.1
      vertex 86.9 38 0
    endloop
  endfacet
  facet normal -1 0 0
    outer loop
      vertex 86.9 28 1.1
      vertex 86.9 38 1.1
      vertex 86.9 28 0
    endloop
  endfacet
  facet normal -1 0 0
    outer loop
      vertex 86.9 38 1.1
      vertex 86.9 28 1.1
      vertex 86.9 38 1.2
    endloop
  endfacet
  facet normal -1 -0 0
    outer loop
      vertex 86.9 38 1.2
      vertex 86.9 28 1.1
      vertex 86.9 28 1.2
    endloop
  endfacet
  facet normal 1 0 0
    outer loop
      vertex 86.3 28 1.1
      vertex 86.3 38 1.1
      vertex 86.3 38 1.2
    endloop
  endfacet
  facet normal 1 0 0
    outer loop
      vertex 86.3 28 1.1
      vertex 86.3 38 1.2
      vertex 86.3 28 1.2
    endloop
  endfacet
  facet normal 1 0 0
    outer loop
      vertex 86.3 38 1.1
      vertex 86.3 28 1.1
      vertex 86.3 38 0
    endloop
  endfacet
  facet normal 1 0 0
    outer loop
      vertex 86.3 38 0
      vertex 86.3 28 1.1
      vertex 86.3 28 0
    endloop
  endfacet
  facet normal -1 0 0
    outer loop
      vertex 88.5 28 0
      vertex 88.5 38 1.1
      vertex 88.5 38 0
    endloop
  endfacet
  facet normal -1 0 0
    outer loop
      vertex 88.5 28 1.1
      vertex 88.5 38 1.1
      vertex 88.5 28 0
    endloop
  endfacet
  facet normal -1 0 0
    outer loop
      vertex 88.5 38 1.1
      vertex 88.5 28 1.1
      vertex 88.5 38 1.2
    endloop
  endfacet
  facet normal -1 -0 0
    outer loop
      vertex 88.5 38 1.2
      vertex 88.5 28 1.1
      vertex 88.5 28 1.2
    endloop
  endfacet
  facet normal 1 0 0
    outer loop
      vertex 87.9 28 1.1
      vertex 87.9 38 1.1
      vertex 87.9 38 1.2
    endloop
  endfacet
  facet normal 1 0 0
    outer loop
      vertex 87.9 28 1.1
      vertex 87.9 38 1.2
      vertex 87.9 28 1.2
    endloop
  endfacet
  facet normal 1 0 0
    outer loop
      vertex 87.9 38 1.1
      vertex 87.9 28 1.1
      vertex 87.9 38 0
    endloop
  endfacet
  facet normal 1 0 0
    outer loop
      vertex 87.9 38 0
      vertex 87.9 28 1.1
      vertex 87.9 28 0
    endloop
  endfacet
  facet normal -1 0 0
    outer loop
      vertex 90.1 28 0
      vertex 90.1 38 1.1
      vertex 90.1 38 0
    endloop
  endfacet
  facet normal -1 0 0
    outer loop
      vertex 90.1 28 1.1
      vertex 90.1 38 1.1
      vertex 90.1 28 0
    endloop
  endfacet
  facet normal -1 0 0
    outer loop
      vertex 90.1 38 1.1
      vertex 90.1 28 1.1
      vertex 90.1 38 1.2
    endloop
  endfacet
  facet normal -1 -0 0
    outer loop
      vertex 90.1 38 1.2
      vertex 90.1 28 1.1
      vertex 90.1 28 1.2
    endloop
  endfacet
  facet normal 1 0 0
    outer loop
      vertex 89.5 28 1.1
      vertex 89.5 38 1.1
      vertex 89.5 38 1.2
    endloop
  endfacet
  facet normal 1 0 0
    outer loop
      vertex 89.5 28 1.1
      vertex 89.5 38 1.2
      vertex 89.5 28 1.2
    endloop
  endfacet
  facet normal 1 0 0
    outer loop
      vertex 89.5 38 1.1
      vertex 89.5 28 1.1
      vertex 89.5 38 0
    endloop
  endfacet
  facet normal 1 0 0
    outer loop
      vertex 89.5 38 0
      vertex 89.5 28 1.1
      vertex 89.5 28 0
    endloop
  endfacet
  facet normal -1 0 0
    outer loop
      vertex 91.7 28 0
      vertex 91.7 38 1.1
      vertex 91.7 38 0
    endloop
  endfacet
  facet normal -1 0 0
    outer loop
      vertex 91.7 28 1.1
      vertex 91.7 38 1.1
      vertex 91.7 28 0
    endloop
  endfacet
  facet normal -1 0 0
    outer loop
      vertex 91.7 38 1.1
      vertex 91.7 28 1.1
      vertex 91.7 38 1.2
    endloop
  endfacet
  facet normal -1 -0 0
    outer loop
      vertex 91.7 38 1.2
      vertex 91.7 28 1.1
      vertex 91.7 28 1.2
    endloop
  endfacet
  facet normal 1 0 0
    outer loop
      vertex 91.1 28 1.1
      vertex 91.1 38 1.1
      vertex 91.1 38 1.2
    endloop
  endfacet
  facet normal 1 0 0
    outer loop
      vertex 91.1 28 1.1
      vertex 91.1 38 1.2
      vertex 91.1 28 1.2
    endloop
  endfacet
  facet normal 1 0 0
    outer loop
      vertex 91.1 38 1.1
      vertex 91.1 28 1.1
      vertex 91.1 38 0
    endloop
  endfacet
  facet normal 1 0 0
    outer loop
      vertex 91.1 38 0
      vertex 91.1 28 1.1
      vertex 91.1 28 0
    endloop
  endfacet
  facet normal -1 0 0
    outer loop
      vertex 93.3 28 0
      vertex 93.3 38 1.1
      vertex 93.3 38 0
    endloop
  endfacet
  facet normal -1 0 0
    outer loop
      vertex 93.3 28 1.1
      vertex 93.3 38 1.1
      vertex 93.3 28 0
    endloop
  endfacet
  facet normal -1 0 0
    outer loop
      vertex 93.3 38 1.1
      vertex 93.3 28 1.1
      vertex 93.3 38 1.2
    endloop
  endfacet
  facet normal -1 -0 0
    outer loop
      vertex 93.3 38 1.2
      vertex 93.3 28 1.1
      vertex 93.3 28 1.2
    endloop
  endfacet
  facet normal 1 0 0
    outer loop
      vertex 92.7 28 1.1
      vertex 92.7 38 1.1
      vertex 92.7 38 1.2
    endloop
  endfacet
  facet normal 1 0 0
    outer loop
      vertex 92.7 28 1.1
      vertex 92.7 38 1.2
      vertex 92.7 28 1.2
    endloop
  endfacet
  facet normal 1 0 0
    outer loop
      vertex 92.7 38 1.1
      vertex 92.7 28 1.1
      vertex 92.7 38 0
    endloop
  endfacet
  facet normal 1 0 0
    outer loop
      vertex 92.7 38 0
      vertex 92.7 28 1.1
      vertex 92.7 28 0
    endloop
  endfacet
  facet normal -1 0 0
    outer loop
      vertex 94.9 28 0
      vertex 94.9 38 1.1
      vertex 94.9 38 0
    endloop
  endfacet
  facet normal -1 0 0
    outer loop
      vertex 94.9 28 1.1
      vertex 94.9 38 1.1
      vertex 94.9 28 0
    endloop
  endfacet
  facet normal -1 0 0
    outer loop
      vertex 94.9 38 1.1
      vertex 94.9 28 1.1
      vertex 94.9 38 1.2
    endloop
  endfacet
  facet normal -1 -0 0
    outer loop
      vertex 94.9 38 1.2
      vertex 94.9 28 1.1
      vertex 94.9 28 1.2
    endloop
  endfacet
  facet normal 1 0 0
    outer loop
      vertex 94.3 28 1.1
      vertex 94.3 38 1.1
      vertex 94.3 38 1.2
    endloop
  endfacet
  facet normal 1 0 0
    outer loop
      vertex 94.3 28 1.1
      vertex 94.3 38 1.2
      vertex 94.3 28 1.2
    endloop
  endfacet
  facet normal 1 0 0
    outer loop
      vertex 94.3 38 1.1
      vertex 94.3 28 1.1
      vertex 94.3 38 0
    endloop
  endfacet
  facet normal 1 0 0
    outer loop
      vertex 94.3 38 0
      vertex 94.3 28 1.1
      vertex 94.3 28 0
    endloop
  endfacet
  facet normal -1 0 0
    outer loop
      vertex 96.5 28 0
      vertex 96.5 38 1.1
      vertex 96.5 38 0
    endloop
  endfacet
  facet normal -1 0 0
    outer loop
      vertex 96.5 28 1.1
      vertex 96.5 38 1.1
      vertex 96.5 28 0
    endloop
  endfacet
  facet normal -1 0 0
    outer loop
      vertex 96.5 38 1.1
      vertex 96.5 28 1.1
      vertex 96.5 38 1.2
    endloop
  endfacet
  facet normal -1 -0 0
    outer loop
      vertex 96.5 38 1.2
      vertex 96.5 28 1.1
      vertex 96.5 28 1.2
    endloop
  endfacet
  facet normal 1 0 0
    outer loop
      vertex 95.9 28 1.1
      vertex 95.9 38 1.1
      vertex 95.9 38 1.2
    endloop
  endfacet
  facet normal 1 0 0
    outer loop
      vertex 95.9 28 1.1
      vertex 95.9 38 1.2
      vertex 95.9 28 1.2
    endloop
  endfacet
  facet normal 1 0 0
    outer loop
      vertex 95.9 38 1.1
      vertex 95.9 28 1.1
      vertex 95.9 38 0
    endloop
  endfacet
  facet normal 1 0 0
    outer loop
      vertex 95.9 38 0
      vertex 95.9 28 1.1
      vertex 95.9 28 0
    endloop
  endfacet
  facet normal -1 0 0
    outer loop
      vertex 98.1 28 0
      vertex 98.1 38 1.1
      vertex 98.1 38 0
    endloop
  endfacet
  facet normal -1 0 0
    outer loop
      vertex 98.1 28 1.1
      vertex 98.1 38 1.1
      vertex 98.1 28 0
    endloop
  endfacet
  facet normal -1 0 0
    outer loop
      vertex 98.1 38 1.1
      vertex 98.1 28 1.1
      vertex 98.1 38 1.2
    endloop
  endfacet
  facet normal -1 -0 0
    outer loop
      vertex 98.1 38 1.2
      vertex 98.1 28 1.1
      vertex 98.1 28 1.2
    endloop
  endfacet
  facet normal 1 0 0
    outer loop
      vertex 97.5 28 1.1
      vertex 97.5 38 1.1
      vertex 97.5 38 1.2
    endloop
  endfacet
  facet normal 1 0 0
    outer loop
      vertex 97.5 28 1.1
      vertex 97.5 38 1.2
      vertex 97.5 28 1.2
    endloop
  endfacet
  facet normal 1 0 0
    outer loop
      vertex 97.5 38 1.1
      vertex 97.5 28 1.1
      vertex 97.5 38 0
    endloop
  endfacet
  facet normal 1 0 0
    outer loop
      vertex 97.5 38 0
      vertex 97.5 28 1.1
      vertex 97.5 28 0
    endloop
  endfacet
  facet normal -1 0 0
    outer loop
      vertex 99.7 28 0
      vertex 99.7 38 1.1
      vertex 99.7 38 0
    endloop
  endfacet
  facet normal -1 0 0
    outer loop
      vertex 99.7 28 1.1
      vertex 99.7 38 1.1
      vertex 99.7 28 0
    endloop
  endfacet
  facet normal -1 0 0
    outer loop
      vertex 99.7 38 1.1
      vertex 99.7 28 1.1
      vertex 99.7 38 1.2
    endloop
  endfacet
  facet normal -1 -0 0
    outer loop
      vertex 99.7 38 1.2
      vertex 99.7 28 1.1
      vertex 99.7 28 1.2
    endloop
  endfacet
  facet normal 1 0 0
    outer loop
      vertex 99.1 28 1.1
      vertex 99.1 38 1.1
      vertex 99.1 38 1.2
    endloop
  endfacet
  facet normal 1 0 0
    outer loop
      vertex 99.1 28 1.1
      vertex 99.1 38 1.2
      vertex 99.1 28 1.2
    endloop
  endfacet
  facet normal 1 0 0
    outer loop
      vertex 99.1 38 1.1
      vertex 99.1 28 1.1
      vertex 99.1 38 0
    endloop
  endfacet
  facet normal 1 0 0
    outer loop
      vertex 99.1 38 0
      vertex 99.1 28 1.1
      vertex 99.1 28 0
    endloop
  endfacet
  facet normal -1 0 0
    outer loop
      vertex 101.3 28 0
      vertex 101.3 38 1.1
      vertex 101.3 38 0
    endloop
  endfacet
  facet normal -1 0 0
    outer loop
      vertex 101.3 28 1.1
      vertex 101.3 38 1.1
      vertex 101.3 28 0
    endloop
  endfacet
  facet normal -1 0 0
    outer loop
      vertex 101.3 38 1.1
      vertex 101.3 28 1.1
      vertex 101.3 38 1.2
    endloop
  endfacet
  facet normal -1 -0 0
    outer loop
      vertex 101.3 38 1.2
      vertex 101.3 28 1.1
      vertex 101.3 28 1.2
    endloop
  endfacet
  facet normal 1 0 0
    outer loop
      vertex 100.7 28 1.1
      vertex 100.7 38 1.1
      vertex 100.7 38 1.2
    endloop
  endfacet
  facet normal 1 0 0
    outer loop
      vertex 100.7 28 1.1
      vertex 100.7 38 1.2
      vertex 100.7 28 1.2
    endloop
  endfacet
  facet normal 1 0 0
    outer loop
      vertex 100.7 38 1.1
      vertex 100.7 28 1.1
      vertex 100.7 38 0
    endloop
  endfacet
  facet normal 1 0 0
    outer loop
      vertex 100.7 38 0
      vertex 100.7 28 1.1
      vertex 100.7 28 0
    endloop
  endfacet
  facet normal -1 0 0
    outer loop
      vertex 102.9 28 0
      vertex 102.9 38 1.1
      vertex 102.9 38 0
    endloop
  endfacet
  facet normal -1 0 0
    outer loop
      vertex 102.9 28 1.1
      vertex 102.9 38 1.1
      vertex 102.9 28 0
    endloop
  endfacet
  facet normal -1 0 0
    outer loop
      vertex 102.9 38 1.1
      vertex 102.9 28 1.1
      vertex 102.9 38 1.2
    endloop
  endfacet
  facet normal -1 -0 0
    outer loop
      vertex 102.9 38 1.2
      vertex 102.9 28 1.1
      vertex 102.9 28 1.2
    endloop
  endfacet
  facet normal 1 0 0
    outer loop
      vertex 102.3 28 1.1
      vertex 102.3 38 1.1
      vertex 102.3 38 1.2
    endloop
  endfacet
  facet normal 1 0 0
    outer loop
      vertex 102.3 28 1.1
      vertex 102.3 38 1.2
      vertex 102.3 28 1.2
    endloop
  endfacet
  facet normal 1 0 0
    outer loop
      vertex 102.3 38 1.1
      vertex 102.3 28 1.1
      vertex 102.3 38 0
    endloop
  endfacet
  facet normal 1 0 0
    outer loop
      vertex 102.3 38 0
      vertex 102.3 28 1.1
      vertex 102.3 28 0
    endloop
  endfacet
  facet normal -1 0 0
    outer loop
      vertex 104.5 28 0
      vertex 104.5 38 1.1
      vertex 104.5 38 0
    endloop
  endfacet
  facet normal -1 0 0
    outer loop
      vertex 104.5 28 1.1
      vertex 104.5 38 1.1
      vertex 104.5 28 0
    endloop
  endfacet
  facet normal -1 0 0
    outer loop
      vertex 104.5 38 1.1
      vertex 104.5 28 1.1
      vertex 104.5 38 1.2
    endloop
  endfacet
  facet normal -1 -0 0
    outer loop
      vertex 104.5 38 1.2
      vertex 104.5 28 1.1
      vertex 104.5 28 1.2
    endloop
  endfacet
  facet normal 1 0 0
    outer loop
      vertex 103.9 28 1.1
      vertex 103.9 38 1.1
      vertex 103.9 38 1.2
    endloop
  endfacet
  facet normal 1 0 0
    outer loop
      vertex 103.9 28 1.1
      vertex 103.9 38 1.2
      vertex 103.9 28 1.2
    endloop
  endfacet
  facet normal 1 0 0
    outer loop
      vertex 103.9 38 1.1
      vertex 103.9 28 1.1
      vertex 103.9 38 0
    endloop
  endfacet
  facet normal 1 0 0
    outer loop
      vertex 103.9 38 0
      vertex 103.9 28 1.1
      vertex 103.9 28 0
    endloop
  endfacet
  facet normal -1 0 0
    outer loop
      vertex 106.1 28 0
      vertex 106.1 38 1.1
      vertex 106.1 38 0
    endloop
  endfacet
  facet normal -1 0 0
    outer loop
      vertex 106.1 28 1.1
      vertex 106.1 38 1.1
      vertex 106.1 28 0
    endloop
  endfacet
  facet normal -1 0 0
    outer loop
      vertex 106.1 38 1.1
      vertex 106.1 28 1.1
      vertex 106.1 38 1.2
    endloop
  endfacet
  facet normal -1 -0 0
    outer loop
      vertex 106.1 38 1.2
      vertex 106.1 28 1.1
      vertex 106.1 28 1.2
    endloop
  endfacet
  facet normal 1 0 0
    outer loop
      vertex 105.5 28 1.1
      vertex 105.5 38 1.1
      vertex 105.5 38 1.2
    endloop
  endfacet
  facet normal 1 0 0
    outer loop
      vertex 105.5 28 1.1
      vertex 105.5 38 1.2
      vertex 105.5 28 1.2
    endloop
  endfacet
  facet normal 1 0 0
    outer loop
      vertex 105.5 38 1.1
      vertex 105.5 28 1.1
      vertex 105.5 38 0
    endloop
  endfacet
  facet normal 1 0 0
    outer loop
      vertex 105.5 38 0
      vertex 105.5 28 1.1
      vertex 105.5 28 0
    endloop
  endfacet
  facet normal -1 0 0
    outer loop
      vertex 107.7 28 0
      vertex 107.7 38 1.1
      vertex 107.7 38 0
    endloop
  endfacet
  facet normal -1 0 0
    outer loop
      vertex 107.7 28 1.1
      vertex 107.7 38 1.1
      vertex 107.7 28 0
    endloop
  endfacet
  facet normal -1 0 0
    outer loop
      vertex 107.7 38 1.1
      vertex 107.7 28 1.1
      vertex 107.7 38 1.2
    endloop
  endfacet
  facet normal -1 -0 0
    outer loop
      vertex 107.7 38 1.2
      vertex 107.7 28 1.1
      vertex 107.7 28 1.2
    endloop
  endfacet
  facet normal 1 0 0
    outer loop
      vertex 107.1 28 1.1
      vertex 107.1 38 1.1
      vertex 107.1 38 1.2
    endloop
  endfacet
  facet normal 1 0 0
    outer loop
      vertex 107.1 28 1.1
      vertex 107.1 38 1.2
      vertex 107.1 28 1.2
    endloop
  endfacet
  facet normal 1 0 0
    outer loop
      vertex 107.1 38 1.1
      vertex 107.1 28 1.1
      vertex 107.1 38 0
    endloop
  endfacet
  facet normal 1 0 0
    outer loop
      vertex 107.1 38 0
      vertex 107.1 28 1.1
      vertex 107.1 28 0
    endloop
  endfacet
  facet normal -1 0 0
    outer loop
      vertex 109.3 28 0
      vertex 109.3 38 1.1
      vertex 109.3 38 0
    endloop
  endfacet
  facet normal -1 0 0
    outer loop
      vertex 109.3 28 1.1
      vertex 109.3 38 1.1
      vertex 109.3 28 0
    endloop
  endfacet
  facet normal -1 0 0
    outer loop
      vertex 109.3 38 1.1
      vertex 109.3 28 1.1
      vertex 109.3 38 1.2
    endloop
  endfacet
  facet normal -1 -0 0
    outer loop
      vertex 109.3 38 1.2
      vertex 109.3 28 1.1
      vertex 109.3 28 1.2
    endloop
  endfacet
  facet normal 1 0 0
    outer loop
      vertex 108.7 28 1.1
      vertex 108.7 38 1.1
      vertex 108.7 38 1.2
    endloop
  endfacet
  facet normal 1 0 0
    outer loop
      vertex 108.7 28 1.1
      vertex 108.7 38 1.2
      vertex 108.7 28 1.2
    endloop
  endfacet
  facet normal 1 0 0
    outer loop
      vertex 108.7 38 1.1
      vertex 108.7 28 1.1
      vertex 108.7 38 0
    endloop
  endfacet
  facet normal 1 0 0
    outer loop
      vertex 108.7 38 0
      vertex 108.7 28 1.1
      vertex 108.7 28 0
    endloop
  endfacet
  facet normal -1 0 0
    outer loop
      vertex 110.9 28 0
      vertex 110.9 38 1.1
      vertex 110.9 38 0
    endloop
  endfacet
  facet normal -1 0 0
    outer loop
      vertex 110.9 28 1.1
      vertex 110.9 38 1.1
      vertex 110.9 28 0
    endloop
  endfacet
  facet normal -1 0 0
    outer loop
      vertex 110.9 38 1.1
      vertex 110.9 28 1.1
      vertex 110.9 38 1.2
    endloop
  endfacet
  facet normal -1 -0 0
    outer loop
      vertex 110.9 38 1.2
      vertex 110.9 28 1.1
      vertex 110.9 28 1.2
    endloop
  endfacet
  facet normal 1 0 0
    outer loop
      vertex 110.3 28 1.1
      vertex 110.3 38 1.1
      vertex 110.3 38 1.2
    endloop
  endfacet
  facet normal 1 0 0
    outer loop
      vertex 110.3 28 1.1
      vertex 110.3 38 1.2
      vertex 110.3 28 1.2
    endloop
  endfacet
  facet normal 1 0 0
    outer loop
      vertex 110.3 38 1.1
      vertex 110.3 28 1.1
      vertex 110.3 38 0
    endloop
  endfacet
  facet normal 1 0 0
    outer loop
      vertex 110.3 38 0
      vertex 110.3 28 1.1
      vertex 110.3 28 0
    endloop
  endfacet
  facet normal -1 0 0
    outer loop
      vertex 112.5 28 0
      vertex 112.5 38 1.1
      vertex 112.5 38 0
    endloop
  endfacet
  facet normal -1 0 0
    outer loop
      vertex 112.5 28 1.1
      vertex 112.5 38 1.1
      vertex 112.5 28 0
    endloop
  endfacet
  facet normal -1 0 0
    outer loop
      vertex 112.5 38 1.1
      vertex 112.5 28 1.1
      vertex 112.5 38 1.2
    endloop
  endfacet
  facet normal -1 -0 0
    outer loop
      vertex 112.5 38 1.2
      vertex 112.5 28 1.1
      vertex 112.5 28 1.2
    endloop
  endfacet
  facet normal 1 0 0
    outer loop
      vertex 111.9 28 1.1
      vertex 111.9 38 1.1
      vertex 111.9 38 1.2
    endloop
  endfacet
  facet normal 1 0 0
    outer loop
      vertex 111.9 28 1.1
      vertex 111.9 38 1.2
      vertex 111.9 28 1.2
    endloop
  endfacet
  facet normal 1 0 0
    outer loop
      vertex 111.9 38 1.1
      vertex 111.9 28 1.1
      vertex 111.9 38 0
    endloop
  endfacet
  facet normal 1 0 0
    outer loop
      vertex 111.9 38 0
      vertex 111.9 28 1.1
      vertex 111.9 28 0
    endloop
  endfacet
  facet normal -1 0 0
    outer loop
      vertex 114.1 28 0
      vertex 114.1 38 1.1
      vertex 114.1 38 0
    endloop
  endfacet
  facet normal -1 0 0
    outer loop
      vertex 114.1 28 1.1
      vertex 114.1 38 1.1
      vertex 114.1 28 0
    endloop
  endfacet
  facet normal -1 0 0
    outer loop
      vertex 114.1 38 1.1
      vertex 114.1 28 1.1
      vertex 114.1 38 1.2
    endloop
  endfacet
  facet normal -1 -0 0
    outer loop
      vertex 114.1 38 1.2
      vertex 114.1 28 1.1
      vertex 114.1 28 1.2
    endloop
  endfacet
  facet normal 1 0 0
    outer loop
      vertex 113.5 28 1.1
      vertex 113.5 38 1.1
      vertex 113.5 38 1.2
    endloop
  endfacet
  facet normal 1 0 0
    outer loop
      vertex 113.5 28 1.1
      vertex 113.5 38 1.2
      vertex 113.5 28 1.2
    endloop
  endfacet
  facet normal 1 0 0
    outer loop
      vertex 113.5 38 1.1
      vertex 113.5 28 1.1
      vertex 113.5 38 0
    endloop
  endfacet
  facet normal 1 0 0
    outer loop
      vertex 113.5 38 0
      vertex 113.5 28 1.1
      vertex 113.5 28 0
    endloop
  endfacet
  facet normal -1 0 0
    outer loop
      vertex 115.7 28 0
      vertex 115.7 38 1.1
      vertex 115.7 38 0
    endloop
  endfacet
  facet normal -1 0 0
    outer loop
      vertex 115.7 28 1.1
      vertex 115.7 38 1.1
      vertex 115.7 28 0
    endloop
  endfacet
  facet normal -1 0 0
    outer loop
      vertex 115.7 38 1.1
      vertex 115.7 28 1.1
      vertex 115.7 38 1.2
    endloop
  endfacet
  facet normal -1 -0 0
    outer loop
      vertex 115.7 38 1.2
      vertex 115.7 28 1.1
      vertex 115.7 28 1.2
    endloop
  endfacet
  facet normal 1 0 0
    outer loop
      vertex 115.1 28 1.1
      vertex 115.1 38 1.1
      vertex 115.1 38 1.2
    endloop
  endfacet
  facet normal 1 0 0
    outer loop
      vertex 115.1 28 1.1
      vertex 115.1 38 1.2
      vertex 115.1 28 1.2
    endloop
  endfacet
  facet normal 1 0 0
    outer loop
      vertex 115.1 38 1.1
      vertex 115.1 28 1.1
      vertex 115.1 38 0
    endloop
  endfacet
  facet normal 1 0 0
    outer loop
      vertex 115.1 38 0
      vertex 115.1 28 1.1
      vertex 115.1 28 0
    endloop
  endfacet
  facet normal -1 0 0
    outer loop
      vertex 117.3 28 0
      vertex 117.3 38 1.1
      vertex 117.3 38 0
    endloop
  endfacet
  facet normal -1 0 0
    outer loop
      vertex 117.3 28 1.1
      vertex 117.3 38 1.1
      vertex 117.3 28 0
    endloop
  endfacet
  facet normal -1 0 0
    outer loop
      vertex 117.3 38 1.1
      vertex 117.3 28 1.1
      vertex 117.3 38 1.2
    endloop
  endfacet
  facet normal -1 -0 0
    outer loop
      vertex 117.3 38 1.2
      vertex 117.3 28 1.1
      vertex 117.3 28 1.2
    endloop
  endfacet
  facet normal 1 0 0
    outer loop
      vertex 116.7 28 1.1
      vertex 116.7 38 1.1
      vertex 116.7 38 1.2
    endloop
  endfacet
  facet normal 1 0 0
    outer loop
      vertex 116.7 28 1.1
      vertex 116.7 38 1.2
      vertex 116.7 28 1.2
    endloop
  endfacet
  facet normal 1 0 0
    outer loop
      vertex 116.7 38 1.1
      vertex 116.7 28 1.1
      vertex 116.7 38 0
    endloop
  endfacet
  facet normal 1 0 0
    outer loop
      vertex 116.7 38 0
      vertex 116.7 28 1.1
      vertex 116.7 28 0
    endloop
  endfacet
  facet normal -1 0 0
    outer loop
      vertex 118.9 28 0
      vertex 118.9 38 1.1
      vertex 118.9 38 0
    endloop
  endfacet
  facet normal -1 0 0
    outer loop
      vertex 118.9 28 1.1
      vertex 118.9 38 1.1
      vertex 118.9 28 0
    endloop
  endfacet
  facet normal -1 0 0
    outer loop
      vertex 118.9 38 1.1
      vertex 118.9 28 1.1
      vertex 118.9 38 1.2
    endloop
  endfacet
  facet normal -1 -0 0
    outer loop
      vertex 118.9 38 1.2
      vertex 118.9 28 1.1
      vertex 118.9 28 1.2
    endloop
  endfacet
  facet normal 1 0 0
    outer loop
      vertex 118.3 28 1.1
      vertex 118.3 38 1.1
      vertex 118.3 38 1.2
    endloop
  endfacet
  facet normal 1 0 0
    outer loop
      vertex 118.3 28 1.1
      vertex 118.3 38 1.2
      vertex 118.3 28 1.2
    endloop
  endfacet
  facet normal 1 0 0
    outer loop
      vertex 118.3 38 1.1
      vertex 118.3 28 1.1
      vertex 118.3 38 0
    endloop
  endfacet
  facet normal 1 0 0
    outer loop
      vertex 118.3 38 0
      vertex 118.3 28 1.1
      vertex 118.3 28 0
    endloop
  endfacet
  facet normal -1 0 0
    outer loop
      vertex 120.5 28 0
      vertex 120.5 38 1.1
      vertex 120.5 38 0
    endloop
  endfacet
  facet normal -1 0 0
    outer loop
      vertex 120.5 28 1.1
      vertex 120.5 38 1.1
      vertex 120.5 28 0
    endloop
  endfacet
  facet normal -1 0 0
    outer loop
      vertex 120.5 38 1.1
      vertex 120.5 28 1.1
      vertex 120.5 38 1.2
    endloop
  endfacet
  facet normal -1 -0 0
    outer loop
      vertex 120.5 38 1.2
      vertex 120.5 28 1.1
      vertex 120.5 28 1.2
    endloop
  endfacet
  facet normal 1 0 0
    outer loop
      vertex 119.9 28 1.1
      vertex 119.9 38 1.1
      vertex 119.9 38 1.2
    endloop
  endfacet
  facet normal 1 0 0
    outer loop
      vertex 119.9 28 1.1
      vertex 119.9 38 1.2
      vertex 119.9 28 1.2
    endloop
  endfacet
  facet normal 1 0 0
    outer loop
      vertex 119.9 38 1.1
      vertex 119.9 28 1.1
      vertex 119.9 38 0
    endloop
  endfacet
  facet normal 1 0 0
    outer loop
      vertex 119.9 38 0
      vertex 119.9 28 1.1
      vertex 119.9 28 0
    endloop
  endfacet
  facet normal -1 0 0
    outer loop
      vertex 122.1 28 0
      vertex 122.1 38 1.1
      vertex 122.1 38 0
    endloop
  endfacet
  facet normal -1 0 0
    outer loop
      vertex 122.1 28 1.1
      vertex 122.1 38 1.1
      vertex 122.1 28 0
    endloop
  endfacet
  facet normal -1 0 0
    outer loop
      vertex 122.1 38 1.1
      vertex 122.1 28 1.1
      vertex 122.1 38 1.2
    endloop
  endfacet
  facet normal -1 -0 0
    outer loop
      vertex 122.1 38 1.2
      vertex 122.1 28 1.1
      vertex 122.1 28 1.2
    endloop
  endfacet
  facet normal 1 0 0
    outer loop
      vertex 121.5 28 1.1
      vertex 121.5 38 1.1
      vertex 121.5 38 1.2
    endloop
  endfacet
  facet normal 1 0 0
    outer loop
      vertex 121.5 28 1.1
      vertex 121.5 38 1.2
      vertex 121.5 28 1.2
    endloop
  endfacet
  facet normal 1 0 0
    outer loop
      vertex 121.5 38 1.1
      vertex 121.5 28 1.1
      vertex 121.5 38 0
    endloop
  endfacet
  facet normal 1 0 0
    outer loop
      vertex 121.5 38 0
      vertex 121.5 28 1.1
      vertex 121.5 28 0
    endloop
  endfacet
  facet normal -1 0 0
    outer loop
      vertex 123.7 28 0
      vertex 123.7 38 1.1
      vertex 123.7 38 0
    endloop
  endfacet
  facet normal -1 0 0
    outer loop
      vertex 123.7 28 1.1
      vertex 123.7 38 1.1
      vertex 123.7 28 0
    endloop
  endfacet
  facet normal -1 0 0
    outer loop
      vertex 123.7 38 1.1
      vertex 123.7 28 1.1
      vertex 123.7 38 1.2
    endloop
  endfacet
  facet normal -1 -0 0
    outer loop
      vertex 123.7 38 1.2
      vertex 123.7 28 1.1
      vertex 123.7 28 1.2
    endloop
  endfacet
  facet normal 1 0 0
    outer loop
      vertex 123.1 28 1.1
      vertex 123.1 38 1.1
      vertex 123.1 38 1.2
    endloop
  endfacet
  facet normal 1 0 0
    outer loop
      vertex 123.1 28 1.1
      vertex 123.1 38 1.2
      vertex 123.1 28 1.2
    endloop
  endfacet
  facet normal 1 0 0
    outer loop
      vertex 123.1 38 1.1
      vertex 123.1 28 1.1
      vertex 123.1 38 0
    endloop
  endfacet
  facet normal 1 0 0
    outer loop
      vertex 123.1 38 0
      vertex 123.1 28 1.1
      vertex 123.1 28 0
    endloop
  endfacet
  facet normal -1 0 0
    outer loop
      vertex 125.3 28 0
      vertex 125.3 38 1.1
      vertex 125.3 38 0
    endloop
  endfacet
  facet normal -1 0 0
    outer loop
      vertex 125.3 28 1.1
      vertex 125.3 38 1.1
      vertex 125.3 28 0
    endloop
  endfacet
  facet normal -1 0 0
    outer loop
      vertex 125.3 38 1.1
      vertex 125.3 28 1.1
      vertex 125.3 38 1.2
    endloop
  endfacet
  facet normal -1 -0 0
    outer loop
      vertex 125.3 38 1.2
      vertex 125.3 28 1.1
      vertex 125.3 28 1.2
    endloop
  endfacet
  facet normal 1 0 0
    outer loop
      vertex 124.7 28 1.1
      vertex 124.7 38 1.1
      vertex 124.7 38 1.2
    endloop
  endfacet
  facet normal 1 0 0
    outer loop
      vertex 124.7 28 1.1
      vertex 124.7 38 1.2
      vertex 124.7 28 1.2
    endloop
  endfacet
  facet normal 1 0 0
    outer loop
      vertex 124.7 38 1.1
      vertex 124.7 28 1.1
      vertex 124.7 38 0
    endloop
  endfacet
  facet normal 1 0 0
    outer loop
      vertex 124.7 38 0
      vertex 124.7 28 1.1
      vertex 124.7 28 0
    endloop
  endfacet
  facet normal -1 0 0
    outer loop
      vertex 126.9 28 0
      vertex 126.9 38 1.1
      vertex 126.9 38 0
    endloop
  endfacet
  facet normal -1 0 0
    outer loop
      vertex 126.9 28 1.1
      vertex 126.9 38 1.1
      vertex 126.9 28 0
    endloop
  endfacet
  facet normal -1 0 0
    outer loop
      vertex 126.9 38 1.1
      vertex 126.9 28 1.1
      vertex 126.9 38 1.2
    endloop
  endfacet
  facet normal -1 -0 0
    outer loop
      vertex 126.9 38 1.2
      vertex 126.9 28 1.1
      vertex 126.9 28 1.2
    endloop
  endfacet
  facet normal 1 0 0
    outer loop
      vertex 126.3 28 1.1
      vertex 126.3 38 1.1
      vertex 126.3 38 1.2
    endloop
  endfacet
  facet normal 1 0 0
    outer loop
      vertex 126.3 28 1.1
      vertex 126.3 38 1.2
      vertex 126.3 28 1.2
    endloop
  endfacet
  facet normal 1 0 0
    outer loop
      vertex 126.3 38 1.1
      vertex 126.3 28 1.1
      vertex 126.3 38 0
    endloop
  endfacet
  facet normal 1 0 0
    outer loop
      vertex 126.3 38 0
      vertex 126.3 28 1.1
      vertex 126.3 28 0
    endloop
  endfacet
  facet normal -1 0 0
    outer loop
      vertex 128.5 28 0
      vertex 128.5 38 1.1
      vertex 128.5 38 0
    endloop
  endfacet
  facet normal -1 0 0
    outer loop
      vertex 128.5 28 1.1
      vertex 128.5 38 1.1
      vertex 128.5 28 0
    endloop
  endfacet
  facet normal -1 0 0
    outer loop
      vertex 128.5 38 1.1
      vertex 128.5 28 1.1
      vertex 128.5 38 1.2
    endloop
  endfacet
  facet normal -1 -0 0
    outer loop
      vertex 128.5 38 1.2
      vertex 128.5 28 1.1
      vertex 128.5 28 1.2
    endloop
  endfacet
  facet normal 1 0 0
    outer loop
      vertex 127.9 28 1.1
      vertex 127.9 38 1.1
      vertex 127.9 38 1.2
    endloop
  endfacet
  facet normal 1 0 0
    outer loop
      vertex 127.9 28 1.1
      vertex 127.9 38 1.2
      vertex 127.9 28 1.2
    endloop
  endfacet
  facet normal 1 0 0
    outer loop
      vertex 127.9 38 1.1
      vertex 127.9 28 1.1
      vertex 127.9 38 0
    endloop
  endfacet
  facet normal 1 0 0
    outer loop
      vertex 127.9 38 0
      vertex 127.9 28 1.1
      vertex 127.9 28 0
    endloop
  endfacet
  facet normal -1 0 0
    outer loop
      vertex 130.1 28 0
      vertex 130.1 38 1.1
      vertex 130.1 38 0
    endloop
  endfacet
  facet normal -1 0 0
    outer loop
      vertex 130.1 28 1.1
      vertex 130.1 38 1.1
      vertex 130.1 28 0
    endloop
  endfacet
  facet normal -1 0 0
    outer loop
      vertex 130.1 38 1.1
      vertex 130.1 28 1.1
      vertex 130.1 38 1.2
    endloop
  endfacet
  facet normal -1 -0 0
    outer loop
      vertex 130.1 38 1.2
      vertex 130.1 28 1.1
      vertex 130.1 28 1.2
    endloop
  endfacet
  facet normal 1 0 0
    outer loop
      vertex 129.5 28 1.1
      vertex 129.5 38 1.1
      vertex 129.5 38 1.2
    endloop
  endfacet
  facet normal 1 0 0
    outer loop
      vertex 129.5 28 1.1
      vertex 129.5 38 1.2
      vertex 129.5 28 1.2
    endloop
  endfacet
  facet normal 1 0 0
    outer loop
      vertex 129.5 38 1.1
      vertex 129.5 28 1.1
      vertex 129.5 38 0
    endloop
  endfacet
  facet normal 1 0 0
    outer loop
      vertex 129.5 38 0
      vertex 129.5 28 1.1
      vertex 129.5 28 0
    endloop
  endfacet
  facet normal -1 0 0
    outer loop
      vertex 131.7 28 0
      vertex 131.7 38 1.1
      vertex 131.7 38 0
    endloop
  endfacet
  facet normal -1 0 0
    outer loop
      vertex 131.7 28 1.1
      vertex 131.7 38 1.1
      vertex 131.7 28 0
    endloop
  endfacet
  facet normal -1 0 0
    outer loop
      vertex 131.7 38 1.1
      vertex 131.7 28 1.1
      vertex 131.7 38 1.2
    endloop
  endfacet
  facet normal -1 -0 0
    outer loop
      vertex 131.7 38 1.2
      vertex 131.7 28 1.1
      vertex 131.7 28 1.2
    endloop
  endfacet
  facet normal 1 0 0
    outer loop
      vertex 131.1 28 1.1
      vertex 131.1 38 1.1
      vertex 131.1 38 1.2
    endloop
  endfacet
  facet normal 1 0 0
    outer loop
      vertex 131.1 28 1.1
      vertex 131.1 38 1.2
      vertex 131.1 28 1.2
    endloop
  endfacet
  facet normal 1 0 0
    outer loop
      vertex 131.1 38 1.1
      vertex 131.1 28 1.1
      vertex 131.1 38 0
    endloop
  endfacet
  facet normal 1 0 0
    outer loop
      vertex 131.1 38 0
      vertex 131.1 28 1.1
      vertex 131.1 28 0
    endloop
  endfacet
  facet normal -1 0 0
    outer loop
      vertex 133.3 28 0
      vertex 133.3 38 1.1
      vertex 133.3 38 0
    endloop
  endfacet
  facet normal -1 0 0
    outer loop
      vertex 133.3 28 1.1
      vertex 133.3 38 1.1
      vertex 133.3 28 0
    endloop
  endfacet
  facet normal -1 0 0
    outer loop
      vertex 133.3 38 1.1
      vertex 133.3 28 1.1
      vertex 133.3 38 1.2
    endloop
  endfacet
  facet normal -1 -0 0
    outer loop
      vertex 133.3 38 1.2
      vertex 133.3 28 1.1
      vertex 133.3 28 1.2
    endloop
  endfacet
  facet normal 1 0 0
    outer loop
      vertex 132.7 28 1.1
      vertex 132.7 38 1.1
      vertex 132.7 38 1.2
    endloop
  endfacet
  facet normal 1 0 0
    outer loop
      vertex 132.7 28 1.1
      vertex 132.7 38 1.2
      vertex 132.7 28 1.2
    endloop
  endfacet
  facet normal 1 0 0
    outer loop
      vertex 132.7 38 1.1
      vertex 132.7 28 1.1
      vertex 132.7 38 0
    endloop
  endfacet
  facet normal 1 0 0
    outer loop
      vertex 132.7 38 0
      vertex 132.7 28 1.1
      vertex 132.7 28 0
    endloop
  endfacet
  facet normal 1 -0 0
    outer loop
      vertex 138 24 1.2
      vertex 138 42 0
      vertex 138 42 1.2
    endloop
  endfacet
  facet normal 1 0 0
    outer loop
      vertex 138 42 0
      vertex 138 24 1.2
      vertex 138 24 0
    endloop
  endfacet
  facet normal 0 0 1
    outer loop
      vertex 138 42 1.2
      vertex 136 40 1.2
      vertex 138 24 1.2
    endloop
  endfacet
  facet normal 0 0 1
    outer loop
      vertex 138 42 1.2
      vertex 74 40 1.2
      vertex 136 40 1.2
    endloop
  endfacet
  facet normal 0 0 1
    outer loop
      vertex 74 40 1.2
      vertex 72 42 1.2
      vertex 74 26 1.2
    endloop
  endfacet
  facet normal -0 0 1
    outer loop
      vertex 72 42 1.2
      vertex 74 40 1.2
      vertex 138 42 1.2
    endloop
  endfacet
  facet normal -0 0 1
    outer loop
      vertex 136 26 1.2
      vertex 138 24 1.2
      vertex 136 40 1.2
    endloop
  endfacet
  facet normal -0 0 1
    outer loop
      vertex 74 26 1.2
      vertex 138 24 1.2
      vertex 136 26 1.2
    endloop
  endfacet
  facet normal 0 0 1
    outer loop
      vertex 74 26 1.2
      vertex 72 24 1.2
      vertex 138 24 1.2
    endloop
  endfacet
  facet normal 0 0 1
    outer loop
      vertex 72 24 1.2
      vertex 74 26 1.2
      vertex 72 42 1.2
    endloop
  endfacet
  facet normal -0 0 1
    outer loop
      vertex 76 38 1.2
      vertex 76.7 28 1.2
      vertex 76.7 38 1.2
    endloop
  endfacet
  facet normal 0 0 1
    outer loop
      vertex 76.7 28 1.2
      vertex 76 38 1.2
      vertex 76 28 1.2
    endloop
  endfacet
  facet normal -0 0 1
    outer loop
      vertex 77.3 38 1.2
      vertex 78.3 28 1.2
      vertex 78.3 38 1.2
    endloop
  endfacet
  facet normal 0 0 1
    outer loop
      vertex 78.3 28 1.2
      vertex 77.3 38 1.2
      vertex 77.3 28 1.2
    endloop
  endfacet
  facet normal -0 0 1
    outer loop
      vertex 78.9 38 1.2
      vertex 79.9 28 1.2
      vertex 79.9 38 1.2
    endloop
  endfacet
  facet normal 0 0 1
    outer loop
      vertex 79.9 28 1.2
      vertex 78.9 38 1.2
      vertex 78.9 28 1.2
    endloop
  endfacet
  facet normal -0 0 1
    outer loop
      vertex 80.5 38 1.2
      vertex 81.5 28 1.2
      vertex 81.5 38 1.2
    endloop
  endfacet
  facet normal 0 0 1
    outer loop
      vertex 81.5 28 1.2
      vertex 80.5 38 1.2
      vertex 80.5 28 1.2
    endloop
  endfacet
  facet normal -0 0 1
    outer loop
      vertex 82.1 38 1.2
      vertex 83.1 28 1.2
      vertex 83.1 38 1.2
    endloop
  endfacet
  facet normal 0 0 1
    outer loop
      vertex 83.1 28 1.2
      vertex 82.1 38 1.2
      vertex 82.1 28 1.2
    endloop
  endfacet
  facet normal -0 0 1
    outer loop
      vertex 83.7 38 1.2
      vertex 84.7 28 1.2
      vertex 84.7 38 1.2
    endloop
  endfacet
  facet normal 0 0 1
    outer loop
      vertex 84.7 28 1.2
      vertex 83.7 38 1.2
      vertex 83.7 28 1.2
    endloop
  endfacet
  facet normal -0 0 1
    outer loop
      vertex 85.3 38 1.2
      vertex 86.3 28 1.2
      vertex 86.3 38 1.2
    endloop
  endfacet
  facet normal 0 0 1
    outer loop
      vertex 86.3 28 1.2
      vertex 85.3 38 1.2
      vertex 85.3 28 1.2
    endloop
  endfacet
  facet normal -0 0 1
    outer loop
      vertex 86.9 38 1.2
      vertex 87.9 28 1.2
      vertex 87.9 38 1.2
    endloop
  endfacet
  facet normal 0 0 1
    outer loop
      vertex 87.9 28 1.2
      vertex 86.9 38 1.2
      vertex 86.9 28 1.2
    endloop
  endfacet
  facet normal -0 0 1
    outer loop
      vertex 88.5 38 1.2
      vertex 89.5 28 1.2
      vertex 89.5 38 1.2
    endloop
  endfacet
  facet normal 0 0 1
    outer loop
      vertex 89.5 28 1.2
      vertex 88.5 38 1.2
      vertex 88.5 28 1.2
    endloop
  endfacet
  facet normal -0 0 1
    outer loop
      vertex 90.1 38 1.2
      vertex 91.1 28 1.2
      vertex 91.1 38 1.2
    endloop
  endfacet
  facet normal 0 0 1
    outer loop
      vertex 91.1 28 1.2
      vertex 90.1 38 1.2
      vertex 90.1 28 1.2
    endloop
  endfacet
  facet normal -0 0 1
    outer loop
      vertex 91.7 38 1.2
      vertex 92.7 28 1.2
      vertex 92.7 38 1.2
    endloop
  endfacet
  facet normal 0 0 1
    outer loop
      vertex 92.7 28 1.2
      vertex 91.7 38 1.2
      vertex 91.7 28 1.2
    endloop
  endfacet
  facet normal -0 0 1
    outer loop
      vertex 93.3 38 1.2
      vertex 94.3 28 1.2
      vertex 94.3 38 1.2
    endloop
  endfacet
  facet normal 0 0 1
    outer loop
      vertex 94.3 28 1.2
      vertex 93.3 38 1.2
      vertex 93.3 28 1.2
    endloop
  endfacet
  facet normal -0 0 1
    outer loop
      vertex 94.9 38 1.2
      vertex 95.9 28 1.2
      vertex 95.9 38 1.2
    endloop
  endfacet
  facet normal 0 0 1
    outer loop
      vertex 95.9 28 1.2
      vertex 94.9 38 1.2
      vertex 94.9 28 1.2
    endloop
  endfacet
  facet normal -0 0 1
    outer loop
      vertex 96.5 38 1.2
      vertex 97.5 28 1.2
      vertex 97.5 38 1.2
    endloop
  endfacet
  facet normal 0 0 1
    outer loop
      vertex 97.5 28 1.2
      vertex 96.5 38 1.2
      vertex 96.5 28 1.2
    endloop
  endfacet
  facet normal -0 0 1
    outer loop
      vertex 98.1 38 1.2
      vertex 99.1 28 1.2
      vertex 99.1 38 1.2
    endloop
  endfacet
  facet normal 0 0 1
    outer loop
      vertex 99.1 28 1.2
      vertex 98.1 38 1.2
      vertex 98.1 28 1.2
    endloop
  endfacet
  facet normal -0 0 1
    outer loop
      vertex 99.7 38 1.2
      vertex 100.7 28 1.2
      vertex 100.7 38 1.2
    endloop
  endfacet
  facet normal 0 0 1
    outer loop
      vertex 100.7 28 1.2
      vertex 99.7 38 1.2
      vertex 99.7 28 1.2
    endloop
  endfacet
  facet normal -0 0 1
    outer loop
      vertex 101.3 38 1.2
      vertex 102.3 28 1.2
      vertex 102.3 38 1.2
    endloop
  endfacet
  facet normal 0 0 1
    outer loop
      vertex 102.3 28 1.2
      vertex 101.3 38 1.2
      vertex 101.3 28 1.2
    endloop
  endfacet
  facet normal -0 0 1
    outer loop
      vertex 102.9 38 1.2
      vertex 103.9 28 1.2
      vertex 103.9 38 1.2
    endloop
  endfacet
  facet normal 0 0 1
    outer loop
      vertex 103.9 28 1.2
      vertex 102.9 38 1.2
      vertex 102.9 28 1.2
    endloop
  endfacet
  facet normal -0 0 1
    outer loop
      vertex 104.5 38 1.2
      vertex 105.5 28 1.2
      vertex 105.5 38 1.2
    endloop
  endfacet
  facet normal 0 0 1
    outer loop
      vertex 105.5 28 1.2
      vertex 104.5 38 1.2
      vertex 104.5 28 1.2
    endloop
  endfacet
  facet normal -0 0 1
    outer loop
      vertex 106.1 38 1.2
      vertex 107.1 28 1.2
      vertex 107.1 38 1.2
    endloop
  endfacet
  facet normal 0 0 1
    outer loop
      vertex 107.1 28 1.2
      vertex 106.1 38 1.2
      vertex 106.1 28 1.2
    endloop
  endfacet
  facet normal -0 0 1
    outer loop
      vertex 107.7 38 1.2
      vertex 108.7 28 1.2
      vertex 108.7 38 1.2
    endloop
  endfacet
  facet normal 0 0 1
    outer loop
      vertex 108.7 28 1.2
      vertex 107.7 38 1.2
      vertex 107.7 28 1.2
    endloop
  endfacet
  facet normal -0 0 1
    outer loop
      vertex 109.3 38 1.2
      vertex 110.3 28 1.2
      vertex 110.3 38 1.2
    endloop
  endfacet
  facet normal 0 0 1
    outer loop
      vertex 110.3 28 1.2
      vertex 109.3 38 1.2
      vertex 109.3 28 1.2
    endloop
  endfacet
  facet normal -0 0 1
    outer loop
      vertex 110.9 38 1.2
      vertex 111.9 28 1.2
      vertex 111.9 38 1.2
    endloop
  endfacet
  facet normal 0 0 1
    outer loop
      vertex 111.9 28 1.2
      vertex 110.9 38 1.2
      vertex 110.9 28 1.2
    endloop
  endfacet
  facet normal -0 0 1
    outer loop
      vertex 112.5 38 1.2
      vertex 113.5 28 1.2
      vertex 113.5 38 1.2
    endloop
  endfacet
  facet normal 0 0 1
    outer loop
      vertex 113.5 28 1.2
      vertex 112.5 38 1.2
      vertex 112.5 28 1.2
    endloop
  endfacet
  facet normal -0 0 1
    outer loop
      vertex 114.1 38 1.2
      vertex 115.1 28 1.2
      vertex 115.1 38 1.2
    endloop
  endfacet
  facet normal 0 0 1
    outer loop
      vertex 115.1 28 1.2
      vertex 114.1 38 1.2
      vertex 114.1 28 1.2
    endloop
  endfacet
  facet normal -0 0 1
    outer loop
      vertex 115.7 38 1.2
      vertex 116.7 28 1.2
      vertex 116.7 38 1.2
    endloop
  endfacet
  facet normal 0 0 1
    outer loop
      vertex 116.7 28 1.2
      vertex 115.7 38 1.2
      vertex 115.7 28 1.2
    endloop
  endfacet
  facet normal -0 0 1
    outer loop
      vertex 117.3 38 1.2
      vertex 118.3 28 1.2
      vertex 118.3 38 1.2
    endloop
  endfacet
  facet normal 0 0 1
    outer loop
      vertex 118.3 28 1.2
      vertex 117.3 38 1.2
      vertex 117.3 28 1.2
    endloop
  endfacet
  facet normal -0 0 1
    outer loop
      vertex 118.9 38 1.2
      vertex 119.9 28 1.2
      vertex 119.9 38 1.2
    endloop
  endfacet
  facet normal 0 0 1
    outer loop
      vertex 119.9 28 1.2
      vertex 118.9 38 1.2
      vertex 118.9 28 1.2
    endloop
  endfacet
  facet normal -0 0 1
    outer loop
      vertex 120.5 38 1.2
      vertex 121.5 28 1.2
      vertex 121.5 38 1.2
    endloop
  endfacet
  facet normal 0 0 1
    outer loop
      vertex 121.5 28 1.2
      vertex 120.5 38 1.2
      vertex 120.5 28 1.2
    endloop
  endfacet
  facet normal -0 0 1
    outer loop
      vertex 122.1 38 1.2
      vertex 123.1 28 1.2
      vertex 123.1 38 1.2
    endloop
  endfacet
  facet normal 0 0 1
    outer loop
      vertex 123.1 28 1.2
      vertex 122.1 38 1.2
      vertex 122.1 28 1.2
    endloop
  endfacet
  facet normal -0 0 1
    outer loop
      vertex 123.7 38 1.2
      vertex 124.7 28 1.2
      vertex 124.7 38 1.2
    endloop
  endfacet
  facet normal 0 0 1
    outer loop
      vertex 124.7 28 1.2
      vertex 123.7 38 1.2
      vertex 123.7 28 1.2
    endloop
  endfacet
  facet normal -0 0 1
    outer loop
      vertex 125.3 38 1.2
      vertex 126.3 28 1.2
      vertex 126.3 38 1.2
    endloop
  endfacet
  facet normal 0 0 1
    outer loop
      vertex 126.3 28 1.2
      vertex 125.3 38 1.2
      vertex 125.3 28 1.2
    endloop
  endfacet
  facet normal -0 0 1
    outer loop
      vertex 126.9 38 1.2
      vertex 127.9 28 1.2
      vertex 127.9 38 1.2
    endloop
  endfacet
  facet normal 0 0 1
    outer loop
      vertex 127.9 28 1.2
      vertex 126.9 38 1.2
      vertex 126.9 28 1.2
    endloop
  endfacet
  facet normal -0 0 1
    outer loop
      vertex 128.5 38 1.2
      vertex 129.5 28 1.2
      vertex 129.5 38 1.2
    endloop
  endfacet
  facet normal 0 0 1
    outer loop
      vertex 129.5 28 1.2
      vertex 128.5 38 1.2
      vertex 128.5 28 1.2
    endloop
  endfacet
  facet normal -0 0 1
    outer loop
      vertex 130.1 38 1.2
      vertex 131.1 28 1.2
      vertex 131.1 38 1.2
    endloop
  endfacet
  facet normal 0 0 1
    outer loop
      vertex 131.1 28 1.2
      vertex 130.1 38 1.2
      vertex 130.1 28 1.2
    endloop
  endfacet
  facet normal -0 0 1
    outer loop
      vertex 131.7 38 1.2
      vertex 132.7 28 1.2
      vertex 132.7 38 1.2
    endloop
  endfacet
  facet normal 0 0 1
    outer loop
      vertex 132.7 28 1.2
      vertex 131.7 38 1.2
      vertex 131.7 28 1.2
    endloop
  endfacet
  facet normal -0 0 1
    outer loop
      vertex 133.3 38 1.2
      vertex 134 28 1.2
      vertex 134 38 1.2
    endloop
  endfacet
  facet normal 0 0 1
    outer loop
      vertex 134 28 1.2
      vertex 133.3 38 1.2
      vertex 133.3 28 1.2
    endloop
  endfacet
  facet normal 0 0 -1
    outer loop
      vertex 138 24 0
      vertex 133.3 28 0
      vertex 138 42 0
    endloop
  endfacet
  facet normal 0 0 -1
    outer loop
      vertex 138 24 0
      vertex 132.7 28 0
      vertex 133.3 28 0
    endloop
  endfacet
  facet normal 0 0 -1
    outer loop
      vertex 132.7 28 0
      vertex 131.7 28 0
      vertex 132.7 38 0
    endloop
  endfacet
  facet normal 0 0 -1
    outer loop
      vertex 138 24 0
      vertex 131.7 28 0
      vertex 132.7 28 0
    endloop
  endfacet
  facet normal 0 0 -1
    outer loop
      vertex 138 24 0
      vertex 131.1 28 0
      vertex 131.7 28 0
    endloop
  endfacet
  facet normal 0 0 -1
    outer loop
      vertex 131.1 28 0
      vertex 130.1 28 0
      vertex 131.1 38 0
    endloop
  endfacet
  facet normal 0 0 -1
    outer loop
      vertex 138 24 0
      vertex 130.1 28 0
      vertex 131.1 28 0
    endloop
  endfacet
  facet normal 0 0 -1
    outer loop
      vertex 138 24 0
      vertex 129.5 28 0
      vertex 130.1 28 0
    endloop
  endfacet
  facet normal 0 0 -1
    outer loop
      vertex 129.5 28 0
      vertex 128.5 28 0
      vertex 129.5 38 0
    endloop
  endfacet
  facet normal 0 0 -1
    outer loop
      vertex 138 24 0
      vertex 128.5 28 0
      vertex 129.5 28 0
    endloop
  endfacet
  facet normal 0 0 -1
    outer loop
      vertex 138 24 0
      vertex 127.9 28 0
      vertex 128.5 28 0
    endloop
  endfacet
  facet normal 0 0 -1
    outer loop
      vertex 127.9 28 0
      vertex 126.9 28 0
      vertex 127.9 38 0
    endloop
  endfacet
  facet normal 0 0 -1
    outer loop
      vertex 138 24 0
      vertex 126.9 28 0
      vertex 127.9 28 0
    endloop
  endfacet
  facet normal 0 0 -1
    outer loop
      vertex 138 24 0
      vertex 126.3 28 0
      vertex 126.9 28 0
    endloop
  endfacet
  facet normal 0 0 -1
    outer loop
      vertex 126.3 28 0
      vertex 125.3 28 0
      vertex 126.3 38 0
    endloop
  endfacet
  facet normal 0 0 -1
    outer loop
      vertex 138 24 0
      vertex 125.3 28 0
      vertex 126.3 28 0
    endloop
  endfacet
  facet normal 0 0 -1
    outer loop
      vertex 138 24 0
      vertex 124.7 28 0
      vertex 125.3 28 0
    endloop
  endfacet
  facet normal 0 0 -1
    outer loop
      vertex 124.7 28 0
      vertex 123.7 28 0
      vertex 124.7 38 0
    endloop
  endfacet
  facet normal 0 0 -1
    outer loop
      vertex 138 24 0
      vertex 123.7 28 0
      vertex 124.7 28 0
    endloop
  endfacet
  facet normal 0 0 -1
    outer loop
      vertex 138 24 0
      vertex 123.1 28 0
      vertex 123.7 28 0
    endloop
  endfacet
  facet normal 0 0 -1
    outer loop
      vertex 123.1 28 0
      vertex 122.1 28 0
      vertex 123.1 38 0
    endloop
  endfacet
  facet normal 0 0 -1
    outer loop
      vertex 138 24 0
      vertex 122.1 28 0
      vertex 123.1 28 0
    endloop
  endfacet
  facet normal 0 0 -1
    outer loop
      vertex 138 24 0
      vertex 121.5 28 0
      vertex 122.1 28 0
    endloop
  endfacet
  facet normal 0 0 -1
    outer loop
      vertex 121.5 28 0
      vertex 120.5 28 0
      vertex 121.5 38 0
    endloop
  endfacet
  facet normal 0 0 -1
    outer loop
      vertex 138 24 0
      vertex 120.5 28 0
      vertex 121.5 28 0
    endloop
  endfacet
  facet normal 0 0 -1
    outer loop
      vertex 138 24 0
      vertex 119.9 28 0
      vertex 120.5 28 0
    endloop
  endfacet
  facet normal 0 0 -1
    outer loop
      vertex 119.9 28 0
      vertex 118.9 28 0
      vertex 119.9 38 0
    endloop
  endfacet
  facet normal 0 0 -1
    outer loop
      vertex 138 24 0
      vertex 118.9 28 0
      vertex 119.9 28 0
    endloop
  endfacet
  facet normal 0 0 -1
    outer loop
      vertex 138 24 0
      vertex 118.3 28 0
      vertex 118.9 28 0
    endloop
  endfacet
  facet normal 0 0 -1
    outer loop
      vertex 118.3 28 0
      vertex 117.3 28 0
      vertex 118.3 38 0
    endloop
  endfacet
  facet normal 0 0 -1
    outer loop
      vertex 138 24 0
      vertex 117.3 28 0
      vertex 118.3 28 0
    endloop
  endfacet
  facet normal 0 0 -1
    outer loop
      vertex 138 24 0
      vertex 116.7 28 0
      vertex 117.3 28 0
    endloop
  endfacet
  facet normal 0 0 -1
    outer loop
      vertex 116.7 28 0
      vertex 115.7 28 0
      vertex 116.7 38 0
    endloop
  endfacet
  facet normal 0 0 -1
    outer loop
      vertex 138 24 0
      vertex 115.7 28 0
      vertex 116.7 28 0
    endloop
  endfacet
  facet normal 0 0 -1
    outer loop
      vertex 138 24 0
      vertex 115.1 28 0
      vertex 115.7 28 0
    endloop
  endfacet
  facet normal 0 0 -1
    outer loop
      vertex 115.1 28 0
      vertex 114.1 28 0
      vertex 115.1 38 0
    endloop
  endfacet
  facet normal 0 0 -1
    outer loop
      vertex 138 24 0
      vertex 114.1 28 0
      vertex 115.1 28 0
    endloop
  endfacet
  facet normal 0 0 -1
    outer loop
      vertex 138 24 0
      vertex 113.5 28 0
      vertex 114.1 28 0
    endloop
  endfacet
  facet normal 0 0 -1
    outer loop
      vertex 113.5 28 0
      vertex 112.5 28 0
      vertex 113.5 38 0
    endloop
  endfacet
  facet normal 0 0 -1
    outer loop
      vertex 138 24 0
      vertex 112.5 28 0
      vertex 113.5 28 0
    endloop
  endfacet
  facet normal 0 0 -1
    outer loop
      vertex 138 24 0
      vertex 111.9 28 0
      vertex 112.5 28 0
    endloop
  endfacet
  facet normal 0 0 -1
    outer loop
      vertex 111.9 28 0
      vertex 110.9 28 0
      vertex 111.9 38 0
    endloop
  endfacet
  facet normal 0 0 -1
    outer loop
      vertex 138 24 0
      vertex 110.9 28 0
      vertex 111.9 28 0
    endloop
  endfacet
  facet normal 0 0 -1
    outer loop
      vertex 138 24 0
      vertex 110.3 28 0
      vertex 110.9 28 0
    endloop
  endfacet
  facet normal 0 0 -1
    outer loop
      vertex 110.3 28 0
      vertex 109.3 28 0
      vertex 110.3 38 0
    endloop
  endfacet
  facet normal 0 0 -1
    outer loop
      vertex 138 24 0
      vertex 109.3 28 0
      vertex 110.3 28 0
    endloop
  endfacet
  facet normal 0 0 -1
    outer loop
      vertex 138 24 0
      vertex 108.7 28 0
      vertex 109.3 28 0
    endloop
  endfacet
  facet normal 0 0 -1
    outer loop
      vertex 108.7 28 0
      vertex 107.7 28 0
      vertex 108.7 38 0
    endloop
  endfacet
  facet normal 0 0 -1
    outer loop
      vertex 138 24 0
      vertex 107.7 28 0
      vertex 108.7 28 0
    endloop
  endfacet
  facet normal 0 0 -1
    outer loop
      vertex 138 24 0
      vertex 107.1 28 0
      vertex 107.7 28 0
    endloop
  endfacet
  facet normal 0 0 -1
    outer loop
      vertex 107.1 28 0
      vertex 106.1 28 0
      vertex 107.1 38 0
    endloop
  endfacet
  facet normal 0 0 -1
    outer loop
      vertex 138 24 0
      vertex 106.1 28 0
      vertex 107.1 28 0
    endloop
  endfacet
  facet normal 0 0 -1
    outer loop
      vertex 138 24 0
      vertex 105.5 28 0
      vertex 106.1 28 0
    endloop
  endfacet
  facet normal 0 0 -1
    outer loop
      vertex 105.5 28 0
      vertex 104.5 28 0
      vertex 105.5 38 0
    endloop
  endfacet
  facet normal 0 0 -1
    outer loop
      vertex 138 24 0
      vertex 104.5 28 0
      vertex 105.5 28 0
    endloop
  endfacet
  facet normal 0 0 -1
    outer loop
      vertex 138 24 0
      vertex 103.9 28 0
      vertex 104.5 28 0
    endloop
  endfacet
  facet normal 0 0 -1
    outer loop
      vertex 103.9 28 0
      vertex 102.9 28 0
      vertex 103.9 38 0
    endloop
  endfacet
  facet normal 0 0 -1
    outer loop
      vertex 72 24 0
      vertex 103.9 28 0
      vertex 138 24 0
    endloop
  endfacet
  facet normal -0 0 -1
    outer loop
      vertex 103.9 28 0
      vertex 72 24 0
      vertex 102.9 28 0
    endloop
  endfacet
  facet normal 0 0 -1
    outer loop
      vertex 102.3 28 0
      vertex 101.3 28 0
      vertex 102.3 38 0
    endloop
  endfacet
  facet normal -0 0 -1
    outer loop
      vertex 102.9 28 0
      vertex 72 24 0
      vertex 102.3 28 0
    endloop
  endfacet
  facet normal -0 0 -1
    outer loop
      vertex 102.3 28 0
      vertex 72 24 0
      vertex 101.3 28 0
    endloop
  endfacet
  facet normal 0 0 -1
    outer loop
      vertex 100.7 28 0
      vertex 99.7 28 0
      vertex 100.7 38 0
    endloop
  endfacet
  facet normal -0 0 -1
    outer loop
      vertex 101.3 28 0
      vertex 72 24 0
      vertex 100.7 28 0
    endloop
  endfacet
  facet normal -0 0 -1
    outer loop
      vertex 100.7 28 0
      vertex 72 24 0
      vertex 99.7 28 0
    endloop
  endfacet
  facet normal 0 0 -1
    outer loop
      vertex 99.1 28 0
      vertex 98.1 28 0
      vertex 99.1 38 0
    endloop
  endfacet
  facet normal -0 0 -1
    outer loop
      vertex 99.7 28 0
      vertex 72 24 0
      vertex 99.1 28 0
    endloop
  endfacet
  facet normal -0 0 -1
    outer loop
      vertex 99.1 28 0
      vertex 72 24 0
      vertex 98.1 28 0
    endloop
  endfacet
  facet normal 0 0 -1
    outer loop
      vertex 97.5 28 0
      vertex 96.5 28 0
      vertex 97.5 38 0
    endloop
  endfacet
  facet normal -0 0 -1
    outer loop
      vertex 98.1 28 0
      vertex 72 24 0
      vertex 97.5 28 0
    endloop
  endfacet
  facet normal -0 0 -1
    outer loop
      vertex 97.5 28 0
      vertex 72 24 0
      vertex 96.5 28 0
    endloop
  endfacet
  facet normal 0 0 -1
    outer loop
      vertex 95.9 28 0
      vertex 94.9 28 0
      vertex 95.9 38 0
    endloop
  endfacet
  facet normal -0 0 -1
    outer loop
      vertex 96.5 28 0
      vertex 72 24 0
      vertex 95.9 28 0
    endloop
  endfacet
  facet normal -0 0 -1
    outer loop
      vertex 95.9 28 0
      vertex 72 24 0
      vertex 94.9 28 0
    endloop
  endfacet
  facet normal 0 0 -1
    outer loop
      vertex 94.3 28 0
      vertex 93.3 28 0
      vertex 94.3 38 0
    endloop
  endfacet
  facet normal -0 0 -1
    outer loop
      vertex 94.9 28 0
      vertex 72 24 0
      vertex 94.3 28 0
    endloop
  endfacet
  facet normal -0 0 -1
    outer loop
      vertex 94.3 28 0
      vertex 72 24 0
      vertex 93.3 28 0
    endloop
  endfacet
  facet normal 0 0 -1
    outer loop
      vertex 92.7 28 0
      vertex 91.7 28 0
      vertex 92.7 38 0
    endloop
  endfacet
  facet normal -0 0 -1
    outer loop
      vertex 93.3 28 0
      vertex 72 24 0
      vertex 92.7 28 0
    endloop
  endfacet
  facet normal -0 0 -1
    outer loop
      vertex 92.7 28 0
      vertex 72 24 0
      vertex 91.7 28 0
    endloop
  endfacet
  facet normal 0 0 -1
    outer loop
      vertex 91.1 28 0
      vertex 90.1 28 0
      vertex 91.1 38 0
    endloop
  endfacet
  facet normal -0 0 -1
    outer loop
      vertex 91.7 28 0
      vertex 72 24 0
      vertex 91.1 28 0
    endloop
  endfacet
  facet normal -0 0 -1
    outer loop
      vertex 91.1 28 0
      vertex 72 24 0
      vertex 90.1 28 0
    endloop
  endfacet
  facet normal 0 0 -1
    outer loop
      vertex 89.5 28 0
      vertex 88.5 28 0
      vertex 89.5 38 0
    endloop
  endfacet
  facet normal -0 0 -1
    outer loop
      vertex 90.1 28 0
      vertex 72 24 0
      vertex 89.5 28 0
    endloop
  endfacet
  facet normal -0 0 -1
    outer loop
      vertex 89.5 28 0
      vertex 72 24 0
      vertex 88.5 28 0
    endloop
  endfacet
  facet normal 0 0 -1
    outer loop
      vertex 87.9 28 0
      vertex 86.9 28 0
      vertex 87.9 38 0
    endloop
  endfacet
  facet normal -0 0 -1
    outer loop
      vertex 88.5 28 0
      vertex 72 24 0
      vertex 87.9 28 0
    endloop
  endfacet
  facet normal -0 0 -1
    outer loop
      vertex 87.9 28 0
      vertex 72 24 0
      vertex 86.9 28 0
    endloop
  endfacet
  facet normal 0 0 -1
    outer loop
      vertex 86.3 28 0
      vertex 85.3 28 0
      vertex 86.3 38 0
    endloop
  endfacet
  facet normal -0 0 -1
    outer loop
      vertex 86.9 28 0
      vertex 72 24 0
      vertex 86.3 28 0
    endloop
  endfacet
  facet normal -0 0 -1
    outer loop
      vertex 86.3 28 0
      vertex 72 24 0
      vertex 85.3 28 0
    endloop
  endfacet
  facet normal 0 0 -1
    outer loop
      vertex 84.7 28 0
      vertex 83.7 28 0
      vertex 84.7 38 0
    endloop
  endfacet
  facet normal -0 0 -1
    outer loop
      vertex 85.3 28 0
      vertex 72 24 0
      vertex 84.7 28 0
    endloop
  endfacet
  facet normal -0 0 -1
    outer loop
      vertex 84.7 28 0
      vertex 72 24 0
      vertex 83.7 28 0
    endloop
  endfacet
  facet normal 0 0 -1
    outer loop
      vertex 83.1 28 0
      vertex 82.1 28 0
      vertex 83.1 38 0
    endloop
  endfacet
  facet normal -0 0 -1
    outer loop
      vertex 83.7 28 0
      vertex 72 24 0
      vertex 83.1 28 0
    endloop
  endfacet
  facet normal -0 0 -1
    outer loop
      vertex 83.1 28 0
      vertex 72 24 0
      vertex 82.1 28 0
    endloop
  endfacet
  facet normal 0 0 -1
    outer loop
      vertex 81.5 28 0
      vertex 80.5 28 0
      vertex 81.5 38 0
    endloop
  endfacet
  facet normal -0 0 -1
    outer loop
      vertex 82.1 28 0
      vertex 72 24 0
      vertex 81.5 28 0
    endloop
  endfacet
  facet normal -0 0 -1
    outer loop
      vertex 81.5 28 0
      vertex 72 24 0
      vertex 80.5 28 0
    endloop
  endfacet
  facet normal 0 0 -1
    outer loop
      vertex 79.9 28 0
      vertex 78.9 28 0
      vertex 79.9 38 0
    endloop
  endfacet
  facet normal -0 0 -1
    outer loop
      vertex 80.5 28 0
      vertex 72 24 0
      vertex 79.9 28 0
    endloop
  endfacet
  facet normal -0 0 -1
    outer loop
      vertex 79.9 28 0
      vertex 72 24 0
      vertex 78.9 28 0
    endloop
  endfacet
  facet normal 0 0 -1
    outer loop
      vertex 78.3 28 0
      vertex 77.3 28 0
      vertex 78.3 38 0
    endloop
  endfacet
  facet normal -0 0 -1
    outer loop
      vertex 78.9 28 0
      vertex 72 24 0
      vertex 78.3 28 0
    endloop
  endfacet
  facet normal -0 0 -1
    outer loop
      vertex 78.3 28 0
      vertex 72 24 0
      vertex 77.3 28 0
    endloop
  endfacet
  facet normal -0 0 -1
    outer loop
      vertex 76.7 28 0
      vertex 72 24 0
      vertex 76.7 38 0
    endloop
  endfacet
  facet normal -0 0 -1
    outer loop
      vertex 77.3 28 0
      vertex 72 24 0
      vertex 76.7 28 0
    endloop
  endfacet
  facet normal 0 0 -1
    outer loop
      vertex 133.3 38 0
      vertex 138 42 0
      vertex 133.3 28 0
    endloop
  endfacet
  facet normal 0 0 -1
    outer loop
      vertex 132.7 38 0
      vertex 138 42 0
      vertex 133.3 38 0
    endloop
  endfacet
  facet normal 0 0 -1
    outer loop
      vertex 131.7 38 0
      vertex 132.7 38 0
      vertex 131.7 28 0
    endloop
  endfacet
  facet normal 0 0 -1
    outer loop
      vertex 131.7 38 0
      vertex 138 42 0
      vertex 132.7 38 0
    endloop
  endfacet
  facet normal 0 0 -1
    outer loop
      vertex 131.1 38 0
      vertex 138 42 0
      vertex 131.7 38 0
    endloop
  endfacet
  facet normal 0 0 -1
    outer loop
      vertex 130.1 38 0
      vertex 131.1 38 0
      vertex 130.1 28 0
    endloop
  endfacet
  facet normal 0 0 -1
    outer loop
      vertex 130.1 38 0
      vertex 138 42 0
      vertex 131.1 38 0
    endloop
  endfacet
  facet normal 0 0 -1
    outer loop
      vertex 129.5 38 0
      vertex 138 42 0
      vertex 130.1 38 0
    endloop
  endfacet
  facet normal 0 0 -1
    outer loop
      vertex 128.5 38 0
      vertex 129.5 38 0
      vertex 128.5 28 0
    endloop
  endfacet
  facet normal 0 0 -1
    outer loop
      vertex 128.5 38 0
      vertex 138 42 0
      vertex 129.5 38 0
    endloop
  endfacet
  facet normal 0 0 -1
    outer loop
      vertex 127.9 38 0
      vertex 138 42 0
      vertex 128.5 38 0
    endloop
  endfacet
  facet normal 0 0 -1
    outer loop
      vertex 126.9 38 0
      vertex 127.9 38 0
      vertex 126.9 28 0
    endloop
  endfacet
  facet normal 0 0 -1
    outer loop
      vertex 126.9 38 0
      vertex 138 42 0
      vertex 127.9 38 0
    endloop
  endfacet
  facet normal 0 0 -1
    outer loop
      vertex 126.3 38 0
      vertex 138 42 0
      vertex 126.9 38 0
    endloop
  endfacet
  facet normal 0 0 -1
    outer loop
      vertex 125.3 38 0
      vertex 126.3 38 0
      vertex 125.3 28 0
    endloop
  endfacet
  facet normal 0 0 -1
    outer loop
      vertex 125.3 38 0
      vertex 138 42 0
      vertex 126.3 38 0
    endloop
  endfacet
  facet normal 0 0 -1
    outer loop
      vertex 124.7 38 0
      vertex 138 42 0
      vertex 125.3 38 0
    endloop
  endfacet
  facet normal 0 0 -1
    outer loop
      vertex 123.7 38 0
      vertex 124.7 38 0
      vertex 123.7 28 0
    endloop
  endfacet
  facet normal 0 0 -1
    outer loop
      vertex 123.7 38 0
      vertex 138 42 0
      vertex 124.7 38 0
    endloop
  endfacet
  facet normal 0 0 -1
    outer loop
      vertex 123.1 38 0
      vertex 138 42 0
      vertex 123.7 38 0
    endloop
  endfacet
  facet normal 0 0 -1
    outer loop
      vertex 122.1 38 0
      vertex 123.1 38 0
      vertex 122.1 28 0
    endloop
  endfacet
  facet normal 0 0 -1
    outer loop
      vertex 122.1 38 0
      vertex 138 42 0
      vertex 123.1 38 0
    endloop
  endfacet
  facet normal 0 0 -1
    outer loop
      vertex 121.5 38 0
      vertex 138 42 0
      vertex 122.1 38 0
    endloop
  endfacet
  facet normal 0 0 -1
    outer loop
      vertex 120.5 38 0
      vertex 121.5 38 0
      vertex 120.5 28 0
    endloop
  endfacet
  facet normal 0 0 -1
    outer loop
      vertex 120.5 38 0
      vertex 138 42 0
      vertex 121.5 38 0
    endloop
  endfacet
  facet normal 0 0 -1
    outer loop
      vertex 119.9 38 0
      vertex 138 42 0
      vertex 120.5 38 0
    endloop
  endfacet
  facet normal 0 0 -1
    outer loop
      vertex 118.9 38 0
      vertex 119.9 38 0
      vertex 118.9 28 0
    endloop
  endfacet
  facet normal 0 0 -1
    outer loop
      vertex 118.9 38 0
      vertex 138 42 0
      vertex 119.9 38 0
    endloop
  endfacet
  facet normal 0 0 -1
    outer loop
      vertex 118.3 38 0
      vertex 138 42 0
      vertex 118.9 38 0
    endloop
  endfacet
  facet normal 0 0 -1
    outer loop
      vertex 117.3 38 0
      vertex 118.3 38 0
      vertex 117.3 28 0
    endloop
  endfacet
  facet normal 0 0 -1
    outer loop
      vertex 117.3 38 0
      vertex 138 42 0
      vertex 118.3 38 0
    endloop
  endfacet
  facet normal 0 0 -1
    outer loop
      vertex 116.7 38 0
      vertex 138 42 0
      vertex 117.3 38 0
    endloop
  endfacet
  facet normal 0 0 -1
    outer loop
      vertex 115.7 38 0
      vertex 116.7 38 0
      vertex 115.7 28 0
    endloop
  endfacet
  facet normal 0 0 -1
    outer loop
      vertex 115.7 38 0
      vertex 138 42 0
      vertex 116.7 38 0
    endloop
  endfacet
  facet normal 0 0 -1
    outer loop
      vertex 115.1 38 0
      vertex 138 42 0
      vertex 115.7 38 0
    endloop
  endfacet
  facet normal 0 0 -1
    outer loop
      vertex 114.1 38 0
      vertex 115.1 38 0
      vertex 114.1 28 0
    endloop
  endfacet
  facet normal 0 0 -1
    outer loop
      vertex 114.1 38 0
      vertex 138 42 0
      vertex 115.1 38 0
    endloop
  endfacet
  facet normal 0 0 -1
    outer loop
      vertex 113.5 38 0
      vertex 138 42 0
      vertex 114.1 38 0
    endloop
  endfacet
  facet normal 0 0 -1
    outer loop
      vertex 112.5 38 0
      vertex 113.5 38 0
      vertex 112.5 28 0
    endloop
  endfacet
  facet normal 0 0 -1
    outer loop
      vertex 112.5 38 0
      vertex 138 42 0
      vertex 113.5 38 0
    endloop
  endfacet
  facet normal 0 0 -1
    outer loop
      vertex 111.9 38 0
      vertex 138 42 0
      vertex 112.5 38 0
    endloop
  endfacet
  facet normal 0 0 -1
    outer loop
      vertex 110.9 38 0
      vertex 111.9 38 0
      vertex 110.9 28 0
    endloop
  endfacet
  facet normal 0 0 -1
    outer loop
      vertex 110.9 38 0
      vertex 138 42 0
      vertex 111.9 38 0
    endloop
  endfacet
  facet normal 0 0 -1
    outer loop
      vertex 110.3 38 0
      vertex 138 42 0
      vertex 110.9 38 0
    endloop
  endfacet
  facet normal 0 0 -1
    outer loop
      vertex 109.3 38 0
      vertex 110.3 38 0
      vertex 109.3 28 0
    endloop
  endfacet
  facet normal 0 0 -1
    outer loop
      vertex 109.3 38 0
      vertex 138 42 0
      vertex 110.3 38 0
    endloop
  endfacet
  facet normal 0 0 -1
    outer loop
      vertex 108.7 38 0
      vertex 138 42 0
      vertex 109.3 38 0
    endloop
  endfacet
  facet normal 0 0 -1
    outer loop
      vertex 107.7 38 0
      vertex 108.7 38 0
      vertex 107.7 28 0
    endloop
  endfacet
  facet normal 0 0 -1
    outer loop
      vertex 107.7 38 0
      vertex 138 42 0
      vertex 108.7 38 0
    endloop
  endfacet
  facet normal 0 0 -1
    outer loop
      vertex 107.1 38 0
      vertex 138 42 0
      vertex 107.7 38 0
    endloop
  endfacet
  facet normal 0 0 -1
    outer loop
      vertex 106.1 38 0
      vertex 107.1 38 0
      vertex 106.1 28 0
    endloop
  endfacet
  facet normal 0 0 -1
    outer loop
      vertex 106.1 38 0
      vertex 138 42 0
      vertex 107.1 38 0
    endloop
  endfacet
  facet normal 0 0 -1
    outer loop
      vertex 105.5 38 0
      vertex 138 42 0
      vertex 106.1 38 0
    endloop
  endfacet
  facet normal 0 0 -1
    outer loop
      vertex 104.5 38 0
      vertex 105.5 38 0
      vertex 104.5 28 0
    endloop
  endfacet
  facet normal 0 0 -1
    outer loop
      vertex 104.5 38 0
      vertex 138 42 0
      vertex 105.5 38 0
    endloop
  endfacet
  facet normal 0 0 -1
    outer loop
      vertex 103.9 38 0
      vertex 138 42 0
      vertex 104.5 38 0
    endloop
  endfacet
  facet normal 0 0 -1
    outer loop
      vertex 102.9 38 0
      vertex 103.9 38 0
      vertex 102.9 28 0
    endloop
  endfacet
  facet normal 0 0 -1
    outer loop
      vertex 72 42 0
      vertex 103.9 38 0
      vertex 102.9 38 0
    endloop
  endfacet
  facet normal 0 0 -1
    outer loop
      vertex 72 42 0
      vertex 102.9 38 0
      vertex 102.3 38 0
    endloop
  endfacet
  facet normal 0 0 -1
    outer loop
      vertex 101.3 38 0
      vertex 102.3 38 0
      vertex 101.3 28 0
    endloop
  endfacet
  facet normal 0 0 -1
    outer loop
      vertex 72 42 0
      vertex 102.3 38 0
      vertex 101.3 38 0
    endloop
  endfacet
  facet normal 0 0 -1
    outer loop
      vertex 72 42 0
      vertex 101.3 38 0
      vertex 100.7 38 0
    endloop
  endfacet
  facet normal 0 0 -1
    outer loop
      vertex 99.7 38 0
      vertex 100.7 38 0
      vertex 99.7 28 0
    endloop
  endfacet
  facet normal 0 0 -1
    outer loop
      vertex 72 42 0
      vertex 100.7 38 0
      vertex 99.7 38 0
    endloop
  endfacet
  facet normal 0 0 -1
    outer loop
      vertex 72 42 0
      vertex 99.7 38 0
      vertex 99.1 38 0
    endloop
  endfacet
  facet normal 0 0 -1
    outer loop
      vertex 98.1 38 0
      vertex 99.1 38 0
      vertex 98.1 28 0
    endloop
  endfacet
  facet normal 0 0 -1
    outer loop
      vertex 72 42 0
      vertex 99.1 38 0
      vertex 98.1 38 0
    endloop
  endfacet
  facet normal 0 0 -1
    outer loop
      vertex 72 42 0
      vertex 98.1 38 0
      vertex 97.5 38 0
    endloop
  endfacet
  facet normal 0 0 -1
    outer loop
      vertex 96.5 38 0
      vertex 97.5 38 0
      vertex 96.5 28 0
    endloop
  endfacet
  facet normal 0 0 -1
    outer loop
      vertex 72 42 0
      vertex 97.5 38 0
      vertex 96.5 38 0
    endloop
  endfacet
  facet normal 0 0 -1
    outer loop
      vertex 72 42 0
      vertex 96.5 38 0
      vertex 95.9 38 0
    endloop
  endfacet
  facet normal 0 0 -1
    outer loop
      vertex 94.9 38 0
      vertex 95.9 38 0
      vertex 94.9 28 0
    endloop
  endfacet
  facet normal 0 0 -1
    outer loop
      vertex 72 42 0
      vertex 95.9 38 0
      vertex 94.9 38 0
    endloop
  endfacet
  facet normal 0 0 -1
    outer loop
      vertex 72 42 0
      vertex 94.9 38 0
      vertex 94.3 38 0
    endloop
  endfacet
  facet normal 0 0 -1
    outer loop
      vertex 93.3 38 0
      vertex 94.3 38 0
      vertex 93.3 28 0
    endloop
  endfacet
  facet normal 0 0 -1
    outer loop
      vertex 72 42 0
      vertex 94.3 38 0
      vertex 93.3 38 0
    endloop
  endfacet
  facet normal 0 0 -1
    outer loop
      vertex 72 42 0
      vertex 93.3 38 0
      vertex 92.7 38 0
    endloop
  endfacet
  facet normal 0 0 -1
    outer loop
      vertex 91.7 38 0
      vertex 92.7 38 0
      vertex 91.7 28 0
    endloop
  endfacet
  facet normal 0 0 -1
    outer loop
      vertex 72 42 0
      vertex 92.7 38 0
      vertex 91.7 38 0
    endloop
  endfacet
  facet normal 0 0 -1
    outer loop
      vertex 72 42 0
      vertex 91.7 38 0
      vertex 91.1 38 0
    endloop
  endfacet
  facet normal 0 0 -1
    outer loop
      vertex 90.1 38 0
      vertex 91.1 38 0
      vertex 90.1 28 0
    endloop
  endfacet
  facet normal 0 0 -1
    outer loop
      vertex 72 42 0
      vertex 91.1 38 0
      vertex 90.1 38 0
    endloop
  endfacet
  facet normal 0 0 -1
    outer loop
      vertex 72 42 0
      vertex 90.1 38 0
      vertex 89.5 38 0
    endloop
  endfacet
  facet normal 0 0 -1
    outer loop
      vertex 88.5 38 0
      vertex 89.5 38 0
      vertex 88.5 28 0
    endloop
  endfacet
  facet normal 0 0 -1
    outer loop
      vertex 72 42 0
      vertex 89.5 38 0
      vertex 88.5 38 0
    endloop
  endfacet
  facet normal 0 0 -1
    outer loop
      vertex 72 42 0
      vertex 88.5 38 0
      vertex 87.9 38 0
    endloop
  endfacet
  facet normal 0 0 -1
    outer loop
      vertex 86.9 38 0
      vertex 87.9 38 0
      vertex 86.9 28 0
    endloop
  endfacet
  facet normal 0 0 -1
    outer loop
      vertex 72 42 0
      vertex 87.9 38 0
      vertex 86.9 38 0
    endloop
  endfacet
  facet normal 0 0 -1
    outer loop
      vertex 72 42 0
      vertex 86.9 38 0
      vertex 86.3 38 0
    endloop
  endfacet
  facet normal 0 0 -1
    outer loop
      vertex 85.3 38 0
      vertex 86.3 38 0
      vertex 85.3 28 0
    endloop
  endfacet
  facet normal 0 0 -1
    outer loop
      vertex 72 42 0
      vertex 86.3 38 0
      vertex 85.3 38 0
    endloop
  endfacet
  facet normal 0 0 -1
    outer loop
      vertex 72 42 0
      vertex 85.3 38 0
      vertex 84.7 38 0
    endloop
  endfacet
  facet normal 0 0 -1
    outer loop
      vertex 83.7 38 0
      vertex 84.7 38 0
      vertex 83.7 28 0
    endloop
  endfacet
  facet normal 0 0 -1
    outer loop
      vertex 72 42 0
      vertex 84.7 38 0
      vertex 83.7 38 0
    endloop
  endfacet
  facet normal 0 0 -1
    outer loop
      vertex 72 42 0
      vertex 83.7 38 0
      vertex 83.1 38 0
    endloop
  endfacet
  facet normal 0 0 -1
    outer loop
      vertex 82.1 38 0
      vertex 83.1 38 0
      vertex 82.1 28 0
    endloop
  endfacet
  facet normal 0 0 -1
    outer loop
      vertex 72 42 0
      vertex 83.1 38 0
      vertex 82.1 38 0
    endloop
  endfacet
  facet normal 0 0 -1
    outer loop
      vertex 72 42 0
      vertex 82.1 38 0
      vertex 81.5 38 0
    endloop
  endfacet
  facet normal 0 0 -1
    outer loop
      vertex 80.5 38 0
      vertex 81.5 38 0
      vertex 80.5 28 0
    endloop
  endfacet
  facet normal 0 0 -1
    outer loop
      vertex 72 42 0
      vertex 81.5 38 0
      vertex 80.5 38 0
    endloop
  endfacet
  facet normal 0 0 -1
    outer loop
      vertex 72 42 0
      vertex 80.5 38 0
      vertex 79.9 38 0
    endloop
  endfacet
  facet normal 0 0 -1
    outer loop
      vertex 78.9 38 0
      vertex 79.9 38 0
      vertex 78.9 28 0
    endloop
  endfacet
  facet normal 0 0 -1
    outer loop
      vertex 72 42 0
      vertex 79.9 38 0
      vertex 78.9 38 0
    endloop
  endfacet
  facet normal 0 0 -1
    outer loop
      vertex 72 42 0
      vertex 78.9 38 0
      vertex 78.3 38 0
    endloop
  endfacet
  facet normal 0 0 -1
    outer loop
      vertex 77.3 38 0
      vertex 78.3 38 0
      vertex 77.3 28 0
    endloop
  endfacet
  facet normal 0 0 -1
    outer loop
      vertex 72 42 0
      vertex 78.3 38 0
      vertex 77.3 38 0
    endloop
  endfacet
  facet normal 0 0 -1
    outer loop
      vertex 72 42 0
      vertex 77.3 38 0
      vertex 76.7 38 0
    endloop
  endfacet
  facet normal 0 0 -1
    outer loop
      vertex 103.9 38 0
      vertex 72 42 0
      vertex 138 42 0
    endloop
  endfacet
  facet normal 0 0 -1
    outer loop
      vertex 72 42 0
      vertex 76.7 38 0
      vertex 72 24 0
    endloop
  endfacet
  facet normal -1 0 0
    outer loop
      vertex 72 24 0
      vertex 72 42 1.2
      vertex 72 42 0
    endloop
  endfacet
  facet normal -1 -0 0
    outer loop
      vertex 72 42 1.2
      vertex 72 24 0
      vertex 72 24 1.2
    endloop
  endfacet
  facet normal 0 1 -0
    outer loop
      vertex 138 42 0
      vertex 72 42 1.2
      vertex 138 42 1.2
    endloop
  endfacet
  facet normal 0 1 0
    outer loop
      vertex 72 42 1.2
      vertex 138 42 0
      vertex 72 42 0
    endloop
  endfacet
  facet normal 0 -1 0
    outer loop
      vertex 72 24 0
      vertex 138 24 1.2
      vertex 72 24 1.2
    endloop
  endfacet
  facet normal 0 -1 -0
    outer loop
      vertex 138 24 1.2
      vertex 72 24 0
      vertex 138 24 0
    endloop
  endfacet
  facet normal 0 0 1
    outer loop
      vertex 136 40 4
      vertex 134 38 4
      vertex 136 26 4
    endloop
  endfacet
  facet normal 0 0 1
    outer loop
      vertex 136 40 4
      vertex 76 38 4
      vertex 134 38 4
    endloop
  endfacet
  facet normal 0 0 1
    outer loop
      vertex 76 38 4
      vertex 74 40 4
      vertex 76 28 4
    endloop
  endfacet
  facet normal -0 0 1
    outer loop
      vertex 74 40 4
      vertex 76 38 4
      vertex 136 40 4
    endloop
  endfacet
  facet normal -0 0 1
    outer loop
      vertex 134 28 4
      vertex 136 26 4
      vertex 134 38 4
    endloop
  endfacet
  facet normal -0 0 1
    outer loop
      vertex 76 28 4
      vertex 136 26 4
      vertex 134 28 4
    endloop
  endfacet
  facet normal 0 0 1
    outer loop
      vertex 76 28 4
      vertex 74 26 4
      vertex 136 26 4
    endloop
  endfacet
  facet normal 0 0 1
    outer loop
      vertex 74 26 4
      vertex 76 28 4
      vertex 74 40 4
    endloop
  endfacet
  facet normal 0 1 -0
    outer loop
      vertex 136 40 1.2
      vertex 74 40 4
      vertex 136 40 4
    endloop
  endfacet
  facet normal 0 1 0
    outer loop
      vertex 74 40 4
      vertex 136 40 1.2
      vertex 74 40 1.2
    endloop
  endfacet
  facet normal -1 0 0
    outer loop
      vertex 74 26 1.2
      vertex 74 40 4
      vertex 74 40 1.2
    endloop
  endfacet
  facet normal -1 -0 0
    outer loop
      vertex 74 40 4
      vertex 74 26 1.2
      vertex 74 26 4
    endloop
  endfacet
  facet normal 0 -1 0
    outer loop
      vertex 74 26 1.2
      vertex 136 26 4
      vertex 74 26 4
    endloop
  endfacet
  facet normal 0 -1 -0
    outer loop
      vertex 136 26 4
      vertex 74 26 1.2
      vertex 136 26 1.2
    endloop
  endfacet
  facet normal 1 -0 0
    outer loop
      vertex 136 26 4
      vertex 136 40 1.2
      vertex 136 40 4
    endloop
  endfacet
  facet normal 1 0 0
    outer loop
      vertex 136 40 1.2
      vertex 136 26 4
      vertex 136 26 1.2
    endloop
  endfacet
  facet normal 1 -0 0
    outer loop
      vertex 76 28 4
      vertex 76 38 1.2
      vertex 76 38 4
    endloop
  endfacet
  facet normal 1 0 0
    outer loop
      vertex 76 38 1.2
      vertex 76 28 4
      vertex 76 28 1.2
    endloop
  endfacet
  facet normal -1 0 0
    outer loop
      vertex 134 28 1.2
      vertex 134 38 4
      vertex 134 38 1.2
    endloop
  endfacet
  facet normal -1 -0 0
    outer loop
      vertex 134 38 4
      vertex 134 28 1.2
      vertex 134 28 4
    endloop
  endfacet
  facet normal -1 0 0
    outer loop
      vertex 5.3 52 0
      vertex 5.3 62 1.1
      vertex 5.3 62 0
    endloop
  endfacet
  facet normal -1 0 0
    outer loop
      vertex 5.3 52 1.1
      vertex 5.3 62 1.1
      vertex 5.3 52 0
    endloop
  endfacet
  facet normal -1 0 0
    outer loop
      vertex 5.3 62 1.1
      vertex 5.3 52 1.1
      vertex 5.3 62 1.2
    endloop
  endfacet
  facet normal -1 -0 0
    outer loop
      vertex 5.3 62 1.2
      vertex 5.3 52 1.1
      vertex 5.3 52 1.2
    endloop
  endfacet
  facet normal 1 0 0
    outer loop
      vertex 4.7 52 1.1
      vertex 4.7 62 1.1
      vertex 4.7 62 1.2
    endloop
  endfacet
  facet normal 1 0 0
    outer loop
      vertex 4.7 52 1.1
      vertex 4.7 62 1.2
      vertex 4.7 52 1.2
    endloop
  endfacet
  facet normal 1 0 0
    outer loop
      vertex 4.7 62 1.1
      vertex 4.7 52 1.1
      vertex 4.7 62 0
    endloop
  endfacet
  facet normal 1 0 0
    outer loop
      vertex 4.7 62 0
      vertex 4.7 52 1.1
      vertex 4.7 52 0
    endloop
  endfacet
  facet normal 0 -1 0
    outer loop
      vertex 60.7 62 1.1
      vertex 61.3 62 1.2
      vertex 60.7 62 1.2
    endloop
  endfacet
  facet normal 0 -1 -0
    outer loop
      vertex 61.3 62 1.2
      vertex 60.7 62 1.1
      vertex 61.3 62 1.1
    endloop
  endfacet
  facet normal 0 -1 0
    outer loop
      vertex 59.1 62 1.1
      vertex 59.7 62 1.2
      vertex 59.1 62 1.2
    endloop
  endfacet
  facet normal 0 -1 -0
    outer loop
      vertex 59.7 62 1.2
      vertex 59.1 62 1.1
      vertex 59.7 62 1.1
    endloop
  endfacet
  facet normal 0 -1 0
    outer loop
      vertex 57.5 62 1.1
      vertex 58.1 62 1.2
      vertex 57.5 62 1.2
    endloop
  endfacet
  facet normal 0 -1 -0
    outer loop
      vertex 58.1 62 1.2
      vertex 57.5 62 1.1
      vertex 58.1 62 1.1
    endloop
  endfacet
  facet normal 0 -1 0
    outer loop
      vertex 55.9 62 1.1
      vertex 56.5 62 1.2
      vertex 55.9 62 1.2
    endloop
  endfacet
  facet normal 0 -1 -0
    outer loop
      vertex 56.5 62 1.2
      vertex 55.9 62 1.1
      vertex 56.5 62 1.1
    endloop
  endfacet
  facet normal 0 -1 0
    outer loop
      vertex 54.3 62 1.1
      vertex 54.9 62 1.2
      vertex 54.3 62 1.2
    endloop
  endfacet
  facet normal 0 -1 -0
    outer loop
      vertex 54.9 62 1.2
      vertex 54.3 62 1.1
      vertex 54.9 62 1.1
    endloop
  endfacet
  facet normal 0 -1 0
    outer loop
      vertex 52.7 62 1.1
      vertex 53.3 62 1.2
      vertex 52.7 62 1.2
    endloop
  endfacet
  facet normal 0 -1 -0
    outer loop
      vertex 53.3 62 1.2
      vertex 52.7 62 1.1
      vertex 53.3 62 1.1
    endloop
  endfacet
  facet normal 0 -1 0
    outer loop
      vertex 51.1 62 1.1
      vertex 51.7 62 1.2
      vertex 51.1 62 1.2
    endloop
  endfacet
  facet normal 0 -1 -0
    outer loop
      vertex 51.7 62 1.2
      vertex 51.1 62 1.1
      vertex 51.7 62 1.1
    endloop
  endfacet
  facet normal 0 -1 0
    outer loop
      vertex 49.5 62 1.1
      vertex 50.1 62 1.2
      vertex 49.5 62 1.2
    endloop
  endfacet
  facet normal 0 -1 -0
    outer loop
      vertex 50.1 62 1.2
      vertex 49.5 62 1.1
      vertex 50.1 62 1.1
    endloop
  endfacet
  facet normal 0 -1 0
    outer loop
      vertex 47.9 62 1.1
      vertex 48.5 62 1.2
      vertex 47.9 62 1.2
    endloop
  endfacet
  facet normal 0 -1 -0
    outer loop
      vertex 48.5 62 1.2
      vertex 47.9 62 1.1
      vertex 48.5 62 1.1
    endloop
  endfacet
  facet normal 0 -1 0
    outer loop
      vertex 46.3 62 1.1
      vertex 46.9 62 1.2
      vertex 46.3 62 1.2
    endloop
  endfacet
  facet normal 0 -1 -0
    outer loop
      vertex 46.9 62 1.2
      vertex 46.3 62 1.1
      vertex 46.9 62 1.1
    endloop
  endfacet
  facet normal 0 -1 0
    outer loop
      vertex 44.7 62 1.1
      vertex 45.3 62 1.2
      vertex 44.7 62 1.2
    endloop
  endfacet
  facet normal 0 -1 -0
    outer loop
      vertex 45.3 62 1.2
      vertex 44.7 62 1.1
      vertex 45.3 62 1.1
    endloop
  endfacet
  facet normal 0 -1 0
    outer loop
      vertex 43.1 62 1.1
      vertex 43.7 62 1.2
      vertex 43.1 62 1.2
    endloop
  endfacet
  facet normal 0 -1 -0
    outer loop
      vertex 43.7 62 1.2
      vertex 43.1 62 1.1
      vertex 43.7 62 1.1
    endloop
  endfacet
  facet normal 0 -1 0
    outer loop
      vertex 41.5 62 1.1
      vertex 42.1 62 1.2
      vertex 41.5 62 1.2
    endloop
  endfacet
  facet normal 0 -1 -0
    outer loop
      vertex 42.1 62 1.2
      vertex 41.5 62 1.1
      vertex 42.1 62 1.1
    endloop
  endfacet
  facet normal 0 -1 0
    outer loop
      vertex 39.9 62 1.1
      vertex 40.5 62 1.2
      vertex 39.9 62 1.2
    endloop
  endfacet
  facet normal 0 -1 -0
    outer loop
      vertex 40.5 62 1.2
      vertex 39.9 62 1.1
      vertex 40.5 62 1.1
    endloop
  endfacet
  facet normal 0 -1 0
    outer loop
      vertex 38.3 62 1.1
      vertex 38.9 62 1.2
      vertex 38.3 62 1.2
    endloop
  endfacet
  facet normal 0 -1 -0
    outer loop
      vertex 38.9 62 1.2
      vertex 38.3 62 1.1
      vertex 38.9 62 1.1
    endloop
  endfacet
  facet normal 0 -1 0
    outer loop
      vertex 36.7 62 1.1
      vertex 37.3 62 1.2
      vertex 36.7 62 1.2
    endloop
  endfacet
  facet normal 0 -1 -0
    outer loop
      vertex 37.3 62 1.2
      vertex 36.7 62 1.1
      vertex 37.3 62 1.1
    endloop
  endfacet
  facet normal 0 -1 0
    outer loop
      vertex 35.1 62 1.1
      vertex 35.7 62 1.2
      vertex 35.1 62 1.2
    endloop
  endfacet
  facet normal 0 -1 -0
    outer loop
      vertex 35.7 62 1.2
      vertex 35.1 62 1.1
      vertex 35.7 62 1.1
    endloop
  endfacet
  facet normal 0 -1 0
    outer loop
      vertex 33.5 62 1.1
      vertex 34.1 62 1.2
      vertex 33.5 62 1.2
    endloop
  endfacet
  facet normal 0 -1 -0
    outer loop
      vertex 34.1 62 1.2
      vertex 33.5 62 1.1
      vertex 34.1 62 1.1
    endloop
  endfacet
  facet normal 0 -1 0
    outer loop
      vertex 31.9 62 1.1
      vertex 32.5 62 1.2
      vertex 31.9 62 1.2
    endloop
  endfacet
  facet normal 0 -1 -0
    outer loop
      vertex 32.5 62 1.2
      vertex 31.9 62 1.1
      vertex 32.5 62 1.1
    endloop
  endfacet
  facet normal 0 -1 0
    outer loop
      vertex 30.3 62 1.1
      vertex 30.9 62 1.2
      vertex 30.3 62 1.2
    endloop
  endfacet
  facet normal 0 -1 -0
    outer loop
      vertex 30.9 62 1.2
      vertex 30.3 62 1.1
      vertex 30.9 62 1.1
    endloop
  endfacet
  facet normal 0 -1 0
    outer loop
      vertex 28.7 62 1.1
      vertex 29.3 62 1.2
      vertex 28.7 62 1.2
    endloop
  endfacet
  facet normal 0 -1 -0
    outer loop
      vertex 29.3 62 1.2
      vertex 28.7 62 1.1
      vertex 29.3 62 1.1
    endloop
  endfacet
  facet normal 0 -1 0
    outer loop
      vertex 27.1 62 1.1
      vertex 27.7 62 1.2
      vertex 27.1 62 1.2
    endloop
  endfacet
  facet normal 0 -1 -0
    outer loop
      vertex 27.7 62 1.2
      vertex 27.1 62 1.1
      vertex 27.7 62 1.1
    endloop
  endfacet
  facet normal 0 -1 0
    outer loop
      vertex 25.5 62 1.1
      vertex 26.1 62 1.2
      vertex 25.5 62 1.2
    endloop
  endfacet
  facet normal 0 -1 -0
    outer loop
      vertex 26.1 62 1.2
      vertex 25.5 62 1.1
      vertex 26.1 62 1.1
    endloop
  endfacet
  facet normal 0 -1 0
    outer loop
      vertex 23.9 62 1.1
      vertex 24.5 62 1.2
      vertex 23.9 62 1.2
    endloop
  endfacet
  facet normal 0 -1 -0
    outer loop
      vertex 24.5 62 1.2
      vertex 23.9 62 1.1
      vertex 24.5 62 1.1
    endloop
  endfacet
  facet normal 0 -1 0
    outer loop
      vertex 22.3 62 1.1
      vertex 22.9 62 1.2
      vertex 22.3 62 1.2
    endloop
  endfacet
  facet normal 0 -1 -0
    outer loop
      vertex 22.9 62 1.2
      vertex 22.3 62 1.1
      vertex 22.9 62 1.1
    endloop
  endfacet
  facet normal 0 -1 0
    outer loop
      vertex 20.7 62 1.1
      vertex 21.3 62 1.2
      vertex 20.7 62 1.2
    endloop
  endfacet
  facet normal 0 -1 -0
    outer loop
      vertex 21.3 62 1.2
      vertex 20.7 62 1.1
      vertex 21.3 62 1.1
    endloop
  endfacet
  facet normal 0 -1 0
    outer loop
      vertex 19.1 62 1.1
      vertex 19.7 62 1.2
      vertex 19.1 62 1.2
    endloop
  endfacet
  facet normal 0 -1 -0
    outer loop
      vertex 19.7 62 1.2
      vertex 19.1 62 1.1
      vertex 19.7 62 1.1
    endloop
  endfacet
  facet normal 0 -1 0
    outer loop
      vertex 17.5 62 1.1
      vertex 18.1 62 1.2
      vertex 17.5 62 1.2
    endloop
  endfacet
  facet normal 0 -1 -0
    outer loop
      vertex 18.1 62 1.2
      vertex 17.5 62 1.1
      vertex 18.1 62 1.1
    endloop
  endfacet
  facet normal 0 -1 0
    outer loop
      vertex 15.9 62 1.1
      vertex 16.5 62 1.2
      vertex 15.9 62 1.2
    endloop
  endfacet
  facet normal 0 -1 -0
    outer loop
      vertex 16.5 62 1.2
      vertex 15.9 62 1.1
      vertex 16.5 62 1.1
    endloop
  endfacet
  facet normal 0 -1 0
    outer loop
      vertex 14.3 62 1.1
      vertex 14.9 62 1.2
      vertex 14.3 62 1.2
    endloop
  endfacet
  facet normal 0 -1 -0
    outer loop
      vertex 14.9 62 1.2
      vertex 14.3 62 1.1
      vertex 14.9 62 1.1
    endloop
  endfacet
  facet normal 0 -1 0
    outer loop
      vertex 12.7 62 1.1
      vertex 13.3 62 1.2
      vertex 12.7 62 1.2
    endloop
  endfacet
  facet normal 0 -1 -0
    outer loop
      vertex 13.3 62 1.2
      vertex 12.7 62 1.1
      vertex 13.3 62 1.1
    endloop
  endfacet
  facet normal 0 -1 0
    outer loop
      vertex 11.1 62 1.1
      vertex 11.7 62 1.2
      vertex 11.1 62 1.2
    endloop
  endfacet
  facet normal 0 -1 -0
    outer loop
      vertex 11.7 62 1.2
      vertex 11.1 62 1.1
      vertex 11.7 62 1.1
    endloop
  endfacet
  facet normal 0 -1 0
    outer loop
      vertex 9.5 62 1.1
      vertex 10.1 62 1.2
      vertex 9.5 62 1.2
    endloop
  endfacet
  facet normal 0 -1 -0
    outer loop
      vertex 10.1 62 1.2
      vertex 9.5 62 1.1
      vertex 10.1 62 1.1
    endloop
  endfacet
  facet normal 0 -1 0
    outer loop
      vertex 7.9 62 1.1
      vertex 8.5 62 1.2
      vertex 7.9 62 1.2
    endloop
  endfacet
  facet normal 0 -1 -0
    outer loop
      vertex 8.5 62 1.2
      vertex 7.9 62 1.1
      vertex 8.5 62 1.1
    endloop
  endfacet
  facet normal 0 -1 0
    outer loop
      vertex 6.3 62 1.1
      vertex 6.9 62 1.2
      vertex 6.3 62 1.2
    endloop
  endfacet
  facet normal 0 -1 -0
    outer loop
      vertex 6.9 62 1.2
      vertex 6.3 62 1.1
      vertex 6.9 62 1.1
    endloop
  endfacet
  facet normal 0 -1 0
    outer loop
      vertex 4.7 62 1.1
      vertex 5.3 62 1.2
      vertex 4.7 62 1.2
    endloop
  endfacet
  facet normal 0 -1 -0
    outer loop
      vertex 5.3 62 1.2
      vertex 4.7 62 1.1
      vertex 5.3 62 1.1
    endloop
  endfacet
  facet normal 0 -1 0
    outer loop
      vertex 4.7 62 1.2
      vertex 4 62 4
      vertex 4 62 1.2
    endloop
  endfacet
  facet normal 0 -1 0
    outer loop
      vertex 5.3 62 1.2
      vertex 4 62 4
      vertex 4.7 62 1.2
    endloop
  endfacet
  facet normal 0 -1 0
    outer loop
      vertex 6.3 62 1.2
      vertex 4 62 4
      vertex 5.3 62 1.2
    endloop
  endfacet
  facet normal 0 -1 0
    outer loop
      vertex 6.9 62 1.2
      vertex 4 62 4
      vertex 6.3 62 1.2
    endloop
  endfacet
  facet normal 0 -1 0
    outer loop
      vertex 7.9 62 1.2
      vertex 4 62 4
      vertex 6.9 62 1.2
    endloop
  endfacet
  facet normal 0 -1 0
    outer loop
      vertex 8.5 62 1.2
      vertex 4 62 4
      vertex 7.9 62 1.2
    endloop
  endfacet
  facet normal 0 -1 0
    outer loop
      vertex 9.5 62 1.2
      vertex 4 62 4
      vertex 8.5 62 1.2
    endloop
  endfacet
  facet normal 0 -1 0
    outer loop
      vertex 10.1 62 1.2
      vertex 4 62 4
      vertex 9.5 62 1.2
    endloop
  endfacet
  facet normal 0 -1 0
    outer loop
      vertex 11.1 62 1.2
      vertex 4 62 4
      vertex 10.1 62 1.2
    endloop
  endfacet
  facet normal 0 -1 0
    outer loop
      vertex 11.7 62 1.2
      vertex 4 62 4
      vertex 11.1 62 1.2
    endloop
  endfacet
  facet normal 0 -1 0
    outer loop
      vertex 12.7 62 1.2
      vertex 4 62 4
      vertex 11.7 62 1.2
    endloop
  endfacet
  facet normal 0 -1 0
    outer loop
      vertex 13.3 62 1.2
      vertex 4 62 4
      vertex 12.7 62 1.2
    endloop
  endfacet
  facet normal 0 -1 0
    outer loop
      vertex 14.3 62 1.2
      vertex 4 62 4
      vertex 13.3 62 1.2
    endloop
  endfacet
  facet normal 0 -1 0
    outer loop
      vertex 14.9 62 1.2
      vertex 4 62 4
      vertex 14.3 62 1.2
    endloop
  endfacet
  facet normal 0 -1 0
    outer loop
      vertex 15.9 62 1.2
      vertex 4 62 4
      vertex 14.9 62 1.2
    endloop
  endfacet
  facet normal 0 -1 0
    outer loop
      vertex 16.5 62 1.2
      vertex 4 62 4
      vertex 15.9 62 1.2
    endloop
  endfacet
  facet normal 0 -1 0
    outer loop
      vertex 17.5 62 1.2
      vertex 4 62 4
      vertex 16.5 62 1.2
    endloop
  endfacet
  facet normal 0 -1 0
    outer loop
      vertex 18.1 62 1.2
      vertex 4 62 4
      vertex 17.5 62 1.2
    endloop
  endfacet
  facet normal 0 -1 0
    outer loop
      vertex 19.1 62 1.2
      vertex 4 62 4
      vertex 18.1 62 1.2
    endloop
  endfacet
  facet normal 0 -1 0
    outer loop
      vertex 19.7 62 1.2
      vertex 4 62 4
      vertex 19.1 62 1.2
    endloop
  endfacet
  facet normal 0 -1 0
    outer loop
      vertex 20.7 62 1.2
      vertex 4 62 4
      vertex 19.7 62 1.2
    endloop
  endfacet
  facet normal 0 -1 0
    outer loop
      vertex 21.3 62 1.2
      vertex 4 62 4
      vertex 20.7 62 1.2
    endloop
  endfacet
  facet normal 0 -1 0
    outer loop
      vertex 22.3 62 1.2
      vertex 4 62 4
      vertex 21.3 62 1.2
    endloop
  endfacet
  facet normal 0 -1 0
    outer loop
      vertex 22.9 62 1.2
      vertex 4 62 4
      vertex 22.3 62 1.2
    endloop
  endfacet
  facet normal 0 -1 0
    outer loop
      vertex 23.9 62 1.2
      vertex 4 62 4
      vertex 22.9 62 1.2
    endloop
  endfacet
  facet normal 0 -1 0
    outer loop
      vertex 24.5 62 1.2
      vertex 4 62 4
      vertex 23.9 62 1.2
    endloop
  endfacet
  facet normal 0 -1 0
    outer loop
      vertex 25.5 62 1.2
      vertex 4 62 4
      vertex 24.5 62 1.2
    endloop
  endfacet
  facet normal 0 -1 0
    outer loop
      vertex 26.1 62 1.2
      vertex 4 62 4
      vertex 25.5 62 1.2
    endloop
  endfacet
  facet normal 0 -1 0
    outer loop
      vertex 27.1 62 1.2
      vertex 4 62 4
      vertex 26.1 62 1.2
    endloop
  endfacet
  facet normal 0 -1 0
    outer loop
      vertex 27.7 62 1.2
      vertex 4 62 4
      vertex 27.1 62 1.2
    endloop
  endfacet
  facet normal 0 -1 0
    outer loop
      vertex 28.7 62 1.2
      vertex 4 62 4
      vertex 27.7 62 1.2
    endloop
  endfacet
  facet normal 0 -1 0
    outer loop
      vertex 29.3 62 1.2
      vertex 4 62 4
      vertex 28.7 62 1.2
    endloop
  endfacet
  facet normal 0 -1 0
    outer loop
      vertex 30.3 62 1.2
      vertex 4 62 4
      vertex 29.3 62 1.2
    endloop
  endfacet
  facet normal 0 -1 0
    outer loop
      vertex 30.9 62 1.2
      vertex 4 62 4
      vertex 30.3 62 1.2
    endloop
  endfacet
  facet normal 0 -1 0
    outer loop
      vertex 31.9 62 1.2
      vertex 4 62 4
      vertex 30.9 62 1.2
    endloop
  endfacet
  facet normal 0 -1 0
    outer loop
      vertex 4 62 4
      vertex 31.9 62 1.2
      vertex 62 62 4
    endloop
  endfacet
  facet normal 0 -1 0
    outer loop
      vertex 32.5 62 1.2
      vertex 62 62 4
      vertex 31.9 62 1.2
    endloop
  endfacet
  facet normal 0 -1 0
    outer loop
      vertex 33.5 62 1.2
      vertex 62 62 4
      vertex 32.5 62 1.2
    endloop
  endfacet
  facet normal 0 -1 0
    outer loop
      vertex 34.1 62 1.2
      vertex 62 62 4
      vertex 33.5 62 1.2
    endloop
  endfacet
  facet normal 0 -1 0
    outer loop
      vertex 35.1 62 1.2
      vertex 62 62 4
      vertex 34.1 62 1.2
    endloop
  endfacet
  facet normal 0 -1 0
    outer loop
      vertex 35.7 62 1.2
      vertex 62 62 4
      vertex 35.1 62 1.2
    endloop
  endfacet
  facet normal 0 -1 0
    outer loop
      vertex 36.7 62 1.2
      vertex 62 62 4
      vertex 35.7 62 1.2
    endloop
  endfacet
  facet normal 0 -1 0
    outer loop
      vertex 37.3 62 1.2
      vertex 62 62 4
      vertex 36.7 62 1.2
    endloop
  endfacet
  facet normal 0 -1 0
    outer loop
      vertex 38.3 62 1.2
      vertex 62 62 4
      vertex 37.3 62 1.2
    endloop
  endfacet
  facet normal 0 -1 0
    outer loop
      vertex 38.9 62 1.2
      vertex 62 62 4
      vertex 38.3 62 1.2
    endloop
  endfacet
  facet normal 0 -1 0
    outer loop
      vertex 39.9 62 1.2
      vertex 62 62 4
      vertex 38.9 62 1.2
    endloop
  endfacet
  facet normal 0 -1 0
    outer loop
      vertex 40.5 62 1.2
      vertex 62 62 4
      vertex 39.9 62 1.2
    endloop
  endfacet
  facet normal 0 -1 0
    outer loop
      vertex 41.5 62 1.2
      vertex 62 62 4
      vertex 40.5 62 1.2
    endloop
  endfacet
  facet normal 0 -1 0
    outer loop
      vertex 42.1 62 1.2
      vertex 62 62 4
      vertex 41.5 62 1.2
    endloop
  endfacet
  facet normal 0 -1 0
    outer loop
      vertex 43.1 62 1.2
      vertex 62 62 4
      vertex 42.1 62 1.2
    endloop
  endfacet
  facet normal 0 -1 0
    outer loop
      vertex 43.7 62 1.2
      vertex 62 62 4
      vertex 43.1 62 1.2
    endloop
  endfacet
  facet normal 0 -1 0
    outer loop
      vertex 44.7 62 1.2
      vertex 62 62 4
      vertex 43.7 62 1.2
    endloop
  endfacet
  facet normal 0 -1 0
    outer loop
      vertex 45.3 62 1.2
      vertex 62 62 4
      vertex 44.7 62 1.2
    endloop
  endfacet
  facet normal 0 -1 0
    outer loop
      vertex 46.3 62 1.2
      vertex 62 62 4
      vertex 45.3 62 1.2
    endloop
  endfacet
  facet normal 0 -1 0
    outer loop
      vertex 46.9 62 1.2
      vertex 62 62 4
      vertex 46.3 62 1.2
    endloop
  endfacet
  facet normal 0 -1 0
    outer loop
      vertex 47.9 62 1.2
      vertex 62 62 4
      vertex 46.9 62 1.2
    endloop
  endfacet
  facet normal 0 -1 0
    outer loop
      vertex 48.5 62 1.2
      vertex 62 62 4
      vertex 47.9 62 1.2
    endloop
  endfacet
  facet normal 0 -1 0
    outer loop
      vertex 49.5 62 1.2
      vertex 62 62 4
      vertex 48.5 62 1.2
    endloop
  endfacet
  facet normal 0 -1 0
    outer loop
      vertex 50.1 62 1.2
      vertex 62 62 4
      vertex 49.5 62 1.2
    endloop
  endfacet
  facet normal 0 -1 0
    outer loop
      vertex 51.1 62 1.2
      vertex 62 62 4
      vertex 50.1 62 1.2
    endloop
  endfacet
  facet normal 0 -1 0
    outer loop
      vertex 51.7 62 1.2
      vertex 62 62 4
      vertex 51.1 62 1.2
    endloop
  endfacet
  facet normal 0 -1 0
    outer loop
      vertex 52.7 62 1.2
      vertex 62 62 4
      vertex 51.7 62 1.2
    endloop
  endfacet
  facet normal 0 -1 0
    outer loop
      vertex 53.3 62 1.2
      vertex 62 62 4
      vertex 52.7 62 1.2
    endloop
  endfacet
  facet normal 0 -1 0
    outer loop
      vertex 54.3 62 1.2
      vertex 62 62 4
      vertex 53.3 62 1.2
    endloop
  endfacet
  facet normal 0 -1 0
    outer loop
      vertex 54.9 62 1.2
      vertex 62 62 4
      vertex 54.3 62 1.2
    endloop
  endfacet
  facet normal 0 -1 0
    outer loop
      vertex 55.9 62 1.2
      vertex 62 62 4
      vertex 54.9 62 1.2
    endloop
  endfacet
  facet normal 0 -1 0
    outer loop
      vertex 56.5 62 1.2
      vertex 62 62 4
      vertex 55.9 62 1.2
    endloop
  endfacet
  facet normal 0 -1 0
    outer loop
      vertex 57.5 62 1.2
      vertex 62 62 4
      vertex 56.5 62 1.2
    endloop
  endfacet
  facet normal 0 -1 0
    outer loop
      vertex 58.1 62 1.2
      vertex 62 62 4
      vertex 57.5 62 1.2
    endloop
  endfacet
  facet normal 0 -1 0
    outer loop
      vertex 59.1 62 1.2
      vertex 62 62 4
      vertex 58.1 62 1.2
    endloop
  endfacet
  facet normal 0 -1 0
    outer loop
      vertex 59.7 62 1.2
      vertex 62 62 4
      vertex 59.1 62 1.2
    endloop
  endfacet
  facet normal 0 -1 0
    outer loop
      vertex 60.7 62 1.2
      vertex 62 62 4
      vertex 59.7 62 1.2
    endloop
  endfacet
  facet normal 0 -1 0
    outer loop
      vertex 61.3 62 1.2
      vertex 62 62 4
      vertex 60.7 62 1.2
    endloop
  endfacet
  facet normal 0 -1 -0
    outer loop
      vertex 62 62 4
      vertex 61.3 62 1.2
      vertex 62 62 1.2
    endloop
  endfacet
  facet normal 0 -1 0
    outer loop
      vertex 4.7 62 0
      vertex 5.3 62 1.1
      vertex 4.7 62 1.1
    endloop
  endfacet
  facet normal 0 -1 -0
    outer loop
      vertex 5.3 62 1.1
      vertex 4.7 62 0
      vertex 5.3 62 0
    endloop
  endfacet
  facet normal 0 -1 0
    outer loop
      vertex 6.3 62 0
      vertex 6.9 62 1.1
      vertex 6.3 62 1.1
    endloop
  endfacet
  facet normal 0 -1 -0
    outer loop
      vertex 6.9 62 1.1
      vertex 6.3 62 0
      vertex 6.9 62 0
    endloop
  endfacet
  facet normal 0 -1 0
    outer loop
      vertex 7.9 62 0
      vertex 8.5 62 1.1
      vertex 7.9 62 1.1
    endloop
  endfacet
  facet normal 0 -1 -0
    outer loop
      vertex 8.5 62 1.1
      vertex 7.9 62 0
      vertex 8.5 62 0
    endloop
  endfacet
  facet normal 0 -1 0
    outer loop
      vertex 9.5 62 0
      vertex 10.1 62 1.1
      vertex 9.5 62 1.1
    endloop
  endfacet
  facet normal 0 -1 -0
    outer loop
      vertex 10.1 62 1.1
      vertex 9.5 62 0
      vertex 10.1 62 0
    endloop
  endfacet
  facet normal 0 -1 0
    outer loop
      vertex 11.1 62 0
      vertex 11.7 62 1.1
      vertex 11.1 62 1.1
    endloop
  endfacet
  facet normal 0 -1 -0
    outer loop
      vertex 11.7 62 1.1
      vertex 11.1 62 0
      vertex 11.7 62 0
    endloop
  endfacet
  facet normal 0 -1 0
    outer loop
      vertex 12.7 62 0
      vertex 13.3 62 1.1
      vertex 12.7 62 1.1
    endloop
  endfacet
  facet normal 0 -1 -0
    outer loop
      vertex 13.3 62 1.1
      vertex 12.7 62 0
      vertex 13.3 62 0
    endloop
  endfacet
  facet normal 0 -1 0
    outer loop
      vertex 14.3 62 0
      vertex 14.9 62 1.1
      vertex 14.3 62 1.1
    endloop
  endfacet
  facet normal 0 -1 -0
    outer loop
      vertex 14.9 62 1.1
      vertex 14.3 62 0
      vertex 14.9 62 0
    endloop
  endfacet
  facet normal 0 -1 0
    outer loop
      vertex 15.9 62 0
      vertex 16.5 62 1.1
      vertex 15.9 62 1.1
    endloop
  endfacet
  facet normal 0 -1 -0
    outer loop
      vertex 16.5 62 1.1
      vertex 15.9 62 0
      vertex 16.5 62 0
    endloop
  endfacet
  facet normal 0 -1 0
    outer loop
      vertex 17.5 62 0
      vertex 18.1 62 1.1
      vertex 17.5 62 1.1
    endloop
  endfacet
  facet normal 0 -1 -0
    outer loop
      vertex 18.1 62 1.1
      vertex 17.5 62 0
      vertex 18.1 62 0
    endloop
  endfacet
  facet normal 0 -1 0
    outer loop
      vertex 19.1 62 0
      vertex 19.7 62 1.1
      vertex 19.1 62 1.1
    endloop
  endfacet
  facet normal 0 -1 -0
    outer loop
      vertex 19.7 62 1.1
      vertex 19.1 62 0
      vertex 19.7 62 0
    endloop
  endfacet
  facet normal 0 -1 0
    outer loop
      vertex 20.7 62 0
      vertex 21.3 62 1.1
      vertex 20.7 62 1.1
    endloop
  endfacet
  facet normal 0 -1 -0
    outer loop
      vertex 21.3 62 1.1
      vertex 20.7 62 0
      vertex 21.3 62 0
    endloop
  endfacet
  facet normal 0 -1 0
    outer loop
      vertex 22.3 62 0
      vertex 22.9 62 1.1
      vertex 22.3 62 1.1
    endloop
  endfacet
  facet normal 0 -1 -0
    outer loop
      vertex 22.9 62 1.1
      vertex 22.3 62 0
      vertex 22.9 62 0
    endloop
  endfacet
  facet normal 0 -1 0
    outer loop
      vertex 23.9 62 0
      vertex 24.5 62 1.1
      vertex 23.9 62 1.1
    endloop
  endfacet
  facet normal 0 -1 -0
    outer loop
      vertex 24.5 62 1.1
      vertex 23.9 62 0
      vertex 24.5 62 0
    endloop
  endfacet
  facet normal 0 -1 0
    outer loop
      vertex 25.5 62 0
      vertex 26.1 62 1.1
      vertex 25.5 62 1.1
    endloop
  endfacet
  facet normal 0 -1 -0
    outer loop
      vertex 26.1 62 1.1
      vertex 25.5 62 0
      vertex 26.1 62 0
    endloop
  endfacet
  facet normal 0 -1 0
    outer loop
      vertex 27.1 62 0
      vertex 27.7 62 1.1
      vertex 27.1 62 1.1
    endloop
  endfacet
  facet normal 0 -1 -0
    outer loop
      vertex 27.7 62 1.1
      vertex 27.1 62 0
      vertex 27.7 62 0
    endloop
  endfacet
  facet normal 0 -1 0
    outer loop
      vertex 28.7 62 0
      vertex 29.3 62 1.1
      vertex 28.7 62 1.1
    endloop
  endfacet
  facet normal 0 -1 -0
    outer loop
      vertex 29.3 62 1.1
      vertex 28.7 62 0
      vertex 29.3 62 0
    endloop
  endfacet
  facet normal 0 -1 0
    outer loop
      vertex 30.3 62 0
      vertex 30.9 62 1.1
      vertex 30.3 62 1.1
    endloop
  endfacet
  facet normal 0 -1 -0
    outer loop
      vertex 30.9 62 1.1
      vertex 30.3 62 0
      vertex 30.9 62 0
    endloop
  endfacet
  facet normal 0 -1 0
    outer loop
      vertex 31.9 62 0
      vertex 32.5 62 1.1
      vertex 31.9 62 1.1
    endloop
  endfacet
  facet normal 0 -1 -0
    outer loop
      vertex 32.5 62 1.1
      vertex 31.9 62 0
      vertex 32.5 62 0
    endloop
  endfacet
  facet normal 0 -1 0
    outer loop
      vertex 33.5 62 0
      vertex 34.1 62 1.1
      vertex 33.5 62 1.1
    endloop
  endfacet
  facet normal 0 -1 -0
    outer loop
      vertex 34.1 62 1.1
      vertex 33.5 62 0
      vertex 34.1 62 0
    endloop
  endfacet
  facet normal 0 -1 0
    outer loop
      vertex 35.1 62 0
      vertex 35.7 62 1.1
      vertex 35.1 62 1.1
    endloop
  endfacet
  facet normal 0 -1 -0
    outer loop
      vertex 35.7 62 1.1
      vertex 35.1 62 0
      vertex 35.7 62 0
    endloop
  endfacet
  facet normal 0 -1 0
    outer loop
      vertex 36.7 62 0
      vertex 37.3 62 1.1
      vertex 36.7 62 1.1
    endloop
  endfacet
  facet normal 0 -1 -0
    outer loop
      vertex 37.3 62 1.1
      vertex 36.7 62 0
      vertex 37.3 62 0
    endloop
  endfacet
  facet normal 0 -1 0
    outer loop
      vertex 38.3 62 0
      vertex 38.9 62 1.1
      vertex 38.3 62 1.1
    endloop
  endfacet
  facet normal 0 -1 -0
    outer loop
      vertex 38.9 62 1.1
      vertex 38.3 62 0
      vertex 38.9 62 0
    endloop
  endfacet
  facet normal 0 -1 0
    outer loop
      vertex 39.9 62 0
      vertex 40.5 62 1.1
      vertex 39.9 62 1.1
    endloop
  endfacet
  facet normal 0 -1 -0
    outer loop
      vertex 40.5 62 1.1
      vertex 39.9 62 0
      vertex 40.5 62 0
    endloop
  endfacet
  facet normal 0 -1 0
    outer loop
      vertex 41.5 62 0
      vertex 42.1 62 1.1
      vertex 41.5 62 1.1
    endloop
  endfacet
  facet normal 0 -1 -0
    outer loop
      vertex 42.1 62 1.1
      vertex 41.5 62 0
      vertex 42.1 62 0
    endloop
  endfacet
  facet normal 0 -1 0
    outer loop
      vertex 43.1 62 0
      vertex 43.7 62 1.1
      vertex 43.1 62 1.1
    endloop
  endfacet
  facet normal 0 -1 -0
    outer loop
      vertex 43.7 62 1.1
      vertex 43.1 62 0
      vertex 43.7 62 0
    endloop
  endfacet
  facet normal 0 -1 0
    outer loop
      vertex 44.7 62 0
      vertex 45.3 62 1.1
      vertex 44.7 62 1.1
    endloop
  endfacet
  facet normal 0 -1 -0
    outer loop
      vertex 45.3 62 1.1
      vertex 44.7 62 0
      vertex 45.3 62 0
    endloop
  endfacet
  facet normal 0 -1 0
    outer loop
      vertex 46.3 62 0
      vertex 46.9 62 1.1
      vertex 46.3 62 1.1
    endloop
  endfacet
  facet normal 0 -1 -0
    outer loop
      vertex 46.9 62 1.1
      vertex 46.3 62 0
      vertex 46.9 62 0
    endloop
  endfacet
  facet normal 0 -1 0
    outer loop
      vertex 47.9 62 0
      vertex 48.5 62 1.1
      vertex 47.9 62 1.1
    endloop
  endfacet
  facet normal 0 -1 -0
    outer loop
      vertex 48.5 62 1.1
      vertex 47.9 62 0
      vertex 48.5 62 0
    endloop
  endfacet
  facet normal 0 -1 0
    outer loop
      vertex 49.5 62 0
      vertex 50.1 62 1.1
      vertex 49.5 62 1.1
    endloop
  endfacet
  facet normal 0 -1 -0
    outer loop
      vertex 50.1 62 1.1
      vertex 49.5 62 0
      vertex 50.1 62 0
    endloop
  endfacet
  facet normal 0 -1 0
    outer loop
      vertex 51.1 62 0
      vertex 51.7 62 1.1
      vertex 51.1 62 1.1
    endloop
  endfacet
  facet normal 0 -1 -0
    outer loop
      vertex 51.7 62 1.1
      vertex 51.1 62 0
      vertex 51.7 62 0
    endloop
  endfacet
  facet normal 0 -1 0
    outer loop
      vertex 52.7 62 0
      vertex 53.3 62 1.1
      vertex 52.7 62 1.1
    endloop
  endfacet
  facet normal 0 -1 -0
    outer loop
      vertex 53.3 62 1.1
      vertex 52.7 62 0
      vertex 53.3 62 0
    endloop
  endfacet
  facet normal 0 -1 0
    outer loop
      vertex 54.3 62 0
      vertex 54.9 62 1.1
      vertex 54.3 62 1.1
    endloop
  endfacet
  facet normal 0 -1 -0
    outer loop
      vertex 54.9 62 1.1
      vertex 54.3 62 0
      vertex 54.9 62 0
    endloop
  endfacet
  facet normal 0 -1 0
    outer loop
      vertex 55.9 62 0
      vertex 56.5 62 1.1
      vertex 55.9 62 1.1
    endloop
  endfacet
  facet normal 0 -1 -0
    outer loop
      vertex 56.5 62 1.1
      vertex 55.9 62 0
      vertex 56.5 62 0
    endloop
  endfacet
  facet normal 0 -1 0
    outer loop
      vertex 57.5 62 0
      vertex 58.1 62 1.1
      vertex 57.5 62 1.1
    endloop
  endfacet
  facet normal 0 -1 -0
    outer loop
      vertex 58.1 62 1.1
      vertex 57.5 62 0
      vertex 58.1 62 0
    endloop
  endfacet
  facet normal 0 -1 0
    outer loop
      vertex 59.1 62 0
      vertex 59.7 62 1.1
      vertex 59.1 62 1.1
    endloop
  endfacet
  facet normal 0 -1 -0
    outer loop
      vertex 59.7 62 1.1
      vertex 59.1 62 0
      vertex 59.7 62 0
    endloop
  endfacet
  facet normal 0 -1 0
    outer loop
      vertex 60.7 62 0
      vertex 61.3 62 1.1
      vertex 60.7 62 1.1
    endloop
  endfacet
  facet normal 0 -1 -0
    outer loop
      vertex 61.3 62 1.1
      vertex 60.7 62 0
      vertex 61.3 62 0
    endloop
  endfacet
  facet normal 0 1 -0
    outer loop
      vertex 5.3 52 1.1
      vertex 4.7 52 1.2
      vertex 5.3 52 1.2
    endloop
  endfacet
  facet normal 0 1 0
    outer loop
      vertex 4.7 52 1.2
      vertex 5.3 52 1.1
      vertex 4.7 52 1.1
    endloop
  endfacet
  facet normal 0 1 -0
    outer loop
      vertex 6.9 52 1.1
      vertex 6.3 52 1.2
      vertex 6.9 52 1.2
    endloop
  endfacet
  facet normal 0 1 0
    outer loop
      vertex 6.3 52 1.2
      vertex 6.9 52 1.1
      vertex 6.3 52 1.1
    endloop
  endfacet
  facet normal 0 1 -0
    outer loop
      vertex 8.5 52 1.1
      vertex 7.9 52 1.2
      vertex 8.5 52 1.2
    endloop
  endfacet
  facet normal 0 1 0
    outer loop
      vertex 7.9 52 1.2
      vertex 8.5 52 1.1
      vertex 7.9 52 1.1
    endloop
  endfacet
  facet normal 0 1 -0
    outer loop
      vertex 10.1 52 1.1
      vertex 9.5 52 1.2
      vertex 10.1 52 1.2
    endloop
  endfacet
  facet normal 0 1 0
    outer loop
      vertex 9.5 52 1.2
      vertex 10.1 52 1.1
      vertex 9.5 52 1.1
    endloop
  endfacet
  facet normal 0 1 -0
    outer loop
      vertex 11.7 52 1.1
      vertex 11.1 52 1.2
      vertex 11.7 52 1.2
    endloop
  endfacet
  facet normal 0 1 0
    outer loop
      vertex 11.1 52 1.2
      vertex 11.7 52 1.1
      vertex 11.1 52 1.1
    endloop
  endfacet
  facet normal 0 1 -0
    outer loop
      vertex 13.3 52 1.1
      vertex 12.7 52 1.2
      vertex 13.3 52 1.2
    endloop
  endfacet
  facet normal 0 1 0
    outer loop
      vertex 12.7 52 1.2
      vertex 13.3 52 1.1
      vertex 12.7 52 1.1
    endloop
  endfacet
  facet normal 0 1 -0
    outer loop
      vertex 14.9 52 1.1
      vertex 14.3 52 1.2
      vertex 14.9 52 1.2
    endloop
  endfacet
  facet normal 0 1 0
    outer loop
      vertex 14.3 52 1.2
      vertex 14.9 52 1.1
      vertex 14.3 52 1.1
    endloop
  endfacet
  facet normal 0 1 -0
    outer loop
      vertex 16.5 52 1.1
      vertex 15.9 52 1.2
      vertex 16.5 52 1.2
    endloop
  endfacet
  facet normal 0 1 0
    outer loop
      vertex 15.9 52 1.2
      vertex 16.5 52 1.1
      vertex 15.9 52 1.1
    endloop
  endfacet
  facet normal 0 1 -0
    outer loop
      vertex 18.1 52 1.1
      vertex 17.5 52 1.2
      vertex 18.1 52 1.2
    endloop
  endfacet
  facet normal 0 1 0
    outer loop
      vertex 17.5 52 1.2
      vertex 18.1 52 1.1
      vertex 17.5 52 1.1
    endloop
  endfacet
  facet normal 0 1 -0
    outer loop
      vertex 19.7 52 1.1
      vertex 19.1 52 1.2
      vertex 19.7 52 1.2
    endloop
  endfacet
  facet normal 0 1 0
    outer loop
      vertex 19.1 52 1.2
      vertex 19.7 52 1.1
      vertex 19.1 52 1.1
    endloop
  endfacet
  facet normal 0 1 -0
    outer loop
      vertex 21.3 52 1.1
      vertex 20.7 52 1.2
      vertex 21.3 52 1.2
    endloop
  endfacet
  facet normal 0 1 0
    outer loop
      vertex 20.7 52 1.2
      vertex 21.3 52 1.1
      vertex 20.7 52 1.1
    endloop
  endfacet
  facet normal 0 1 -0
    outer loop
      vertex 22.9 52 1.1
      vertex 22.3 52 1.2
      vertex 22.9 52 1.2
    endloop
  endfacet
  facet normal 0 1 0
    outer loop
      vertex 22.3 52 1.2
      vertex 22.9 52 1.1
      vertex 22.3 52 1.1
    endloop
  endfacet
  facet normal 0 1 -0
    outer loop
      vertex 24.5 52 1.1
      vertex 23.9 52 1.2
      vertex 24.5 52 1.2
    endloop
  endfacet
  facet normal 0 1 0
    outer loop
      vertex 23.9 52 1.2
      vertex 24.5 52 1.1
      vertex 23.9 52 1.1
    endloop
  endfacet
  facet normal 0 1 -0
    outer loop
      vertex 26.1 52 1.1
      vertex 25.5 52 1.2
      vertex 26.1 52 1.2
    endloop
  endfacet
  facet normal 0 1 0
    outer loop
      vertex 25.5 52 1.2
      vertex 26.1 52 1.1
      vertex 25.5 52 1.1
    endloop
  endfacet
  facet normal 0 1 -0
    outer loop
      vertex 27.7 52 1.1
      vertex 27.1 52 1.2
      vertex 27.7 52 1.2
    endloop
  endfacet
  facet normal 0 1 0
    outer loop
      vertex 27.1 52 1.2
      vertex 27.7 52 1.1
      vertex 27.1 52 1.1
    endloop
  endfacet
  facet normal 0 1 -0
    outer loop
      vertex 29.3 52 1.1
      vertex 28.7 52 1.2
      vertex 29.3 52 1.2
    endloop
  endfacet
  facet normal 0 1 0
    outer loop
      vertex 28.7 52 1.2
      vertex 29.3 52 1.1
      vertex 28.7 52 1.1
    endloop
  endfacet
  facet normal 0 1 -0
    outer loop
      vertex 30.9 52 1.1
      vertex 30.3 52 1.2
      vertex 30.9 52 1.2
    endloop
  endfacet
  facet normal 0 1 0
    outer loop
      vertex 30.3 52 1.2
      vertex 30.9 52 1.1
      vertex 30.3 52 1.1
    endloop
  endfacet
  facet normal 0 1 -0
    outer loop
      vertex 32.5 52 1.1
      vertex 31.9 52 1.2
      vertex 32.5 52 1.2
    endloop
  endfacet
  facet normal 0 1 0
    outer loop
      vertex 31.9 52 1.2
      vertex 32.5 52 1.1
      vertex 31.9 52 1.1
    endloop
  endfacet
  facet normal 0 1 -0
    outer loop
      vertex 34.1 52 1.1
      vertex 33.5 52 1.2
      vertex 34.1 52 1.2
    endloop
  endfacet
  facet normal 0 1 0
    outer loop
      vertex 33.5 52 1.2
      vertex 34.1 52 1.1
      vertex 33.5 52 1.1
    endloop
  endfacet
  facet normal 0 1 -0
    outer loop
      vertex 35.7 52 1.1
      vertex 35.1 52 1.2
      vertex 35.7 52 1.2
    endloop
  endfacet
  facet normal 0 1 0
    outer loop
      vertex 35.1 52 1.2
      vertex 35.7 52 1.1
      vertex 35.1 52 1.1
    endloop
  endfacet
  facet normal 0 1 -0
    outer loop
      vertex 37.3 52 1.1
      vertex 36.7 52 1.2
      vertex 37.3 52 1.2
    endloop
  endfacet
  facet normal 0 1 0
    outer loop
      vertex 36.7 52 1.2
      vertex 37.3 52 1.1
      vertex 36.7 52 1.1
    endloop
  endfacet
  facet normal 0 1 -0
    outer loop
      vertex 38.9 52 1.1
      vertex 38.3 52 1.2
      vertex 38.9 52 1.2
    endloop
  endfacet
  facet normal 0 1 0
    outer loop
      vertex 38.3 52 1.2
      vertex 38.9 52 1.1
      vertex 38.3 52 1.1
    endloop
  endfacet
  facet normal 0 1 -0
    outer loop
      vertex 40.5 52 1.1
      vertex 39.9 52 1.2
      vertex 40.5 52 1.2
    endloop
  endfacet
  facet normal 0 1 0
    outer loop
      vertex 39.9 52 1.2
      vertex 40.5 52 1.1
      vertex 39.9 52 1.1
    endloop
  endfacet
  facet normal 0 1 -0
    outer loop
      vertex 42.1 52 1.1
      vertex 41.5 52 1.2
      vertex 42.1 52 1.2
    endloop
  endfacet
  facet normal 0 1 0
    outer loop
      vertex 41.5 52 1.2
      vertex 42.1 52 1.1
      vertex 41.5 52 1.1
    endloop
  endfacet
  facet normal 0 1 -0
    outer loop
      vertex 43.7 52 1.1
      vertex 43.1 52 1.2
      vertex 43.7 52 1.2
    endloop
  endfacet
  facet normal 0 1 0
    outer loop
      vertex 43.1 52 1.2
      vertex 43.7 52 1.1
      vertex 43.1 52 1.1
    endloop
  endfacet
  facet normal 0 1 -0
    outer loop
      vertex 45.3 52 1.1
      vertex 44.7 52 1.2
      vertex 45.3 52 1.2
    endloop
  endfacet
  facet normal 0 1 0
    outer loop
      vertex 44.7 52 1.2
      vertex 45.3 52 1.1
      vertex 44.7 52 1.1
    endloop
  endfacet
  facet normal 0 1 -0
    outer loop
      vertex 46.9 52 1.1
      vertex 46.3 52 1.2
      vertex 46.9 52 1.2
    endloop
  endfacet
  facet normal 0 1 0
    outer loop
      vertex 46.3 52 1.2
      vertex 46.9 52 1.1
      vertex 46.3 52 1.1
    endloop
  endfacet
  facet normal 0 1 -0
    outer loop
      vertex 48.5 52 1.1
      vertex 47.9 52 1.2
      vertex 48.5 52 1.2
    endloop
  endfacet
  facet normal 0 1 0
    outer loop
      vertex 47.9 52 1.2
      vertex 48.5 52 1.1
      vertex 47.9 52 1.1
    endloop
  endfacet
  facet normal 0 1 -0
    outer loop
      vertex 50.1 52 1.1
      vertex 49.5 52 1.2
      vertex 50.1 52 1.2
    endloop
  endfacet
  facet normal 0 1 0
    outer loop
      vertex 49.5 52 1.2
      vertex 50.1 52 1.1
      vertex 49.5 52 1.1
    endloop
  endfacet
  facet normal 0 1 -0
    outer loop
      vertex 51.7 52 1.1
      vertex 51.1 52 1.2
      vertex 51.7 52 1.2
    endloop
  endfacet
  facet normal 0 1 0
    outer loop
      vertex 51.1 52 1.2
      vertex 51.7 52 1.1
      vertex 51.1 52 1.1
    endloop
  endfacet
  facet normal 0 1 -0
    outer loop
      vertex 53.3 52 1.1
      vertex 52.7 52 1.2
      vertex 53.3 52 1.2
    endloop
  endfacet
  facet normal 0 1 0
    outer loop
      vertex 52.7 52 1.2
      vertex 53.3 52 1.1
      vertex 52.7 52 1.1
    endloop
  endfacet
  facet normal 0 1 -0
    outer loop
      vertex 54.9 52 1.1
      vertex 54.3 52 1.2
      vertex 54.9 52 1.2
    endloop
  endfacet
  facet normal 0 1 0
    outer loop
      vertex 54.3 52 1.2
      vertex 54.9 52 1.1
      vertex 54.3 52 1.1
    endloop
  endfacet
  facet normal 0 1 -0
    outer loop
      vertex 56.5 52 1.1
      vertex 55.9 52 1.2
      vertex 56.5 52 1.2
    endloop
  endfacet
  facet normal 0 1 0
    outer loop
      vertex 55.9 52 1.2
      vertex 56.5 52 1.1
      vertex 55.9 52 1.1
    endloop
  endfacet
  facet normal 0 1 -0
    outer loop
      vertex 58.1 52 1.1
      vertex 57.5 52 1.2
      vertex 58.1 52 1.2
    endloop
  endfacet
  facet normal 0 1 0
    outer loop
      vertex 57.5 52 1.2
      vertex 58.1 52 1.1
      vertex 57.5 52 1.1
    endloop
  endfacet
  facet normal 0 1 -0
    outer loop
      vertex 59.7 52 1.1
      vertex 59.1 52 1.2
      vertex 59.7 52 1.2
    endloop
  endfacet
  facet normal 0 1 0
    outer loop
      vertex 59.1 52 1.2
      vertex 59.7 52 1.1
      vertex 59.1 52 1.1
    endloop
  endfacet
  facet normal 0 1 -0
    outer loop
      vertex 61.3 52 1.1
      vertex 60.7 52 1.2
      vertex 61.3 52 1.2
    endloop
  endfacet
  facet normal 0 1 0
    outer loop
      vertex 60.7 52 1.2
      vertex 61.3 52 1.1
      vertex 60.7 52 1.1
    endloop
  endfacet
  facet normal 0 1 0
    outer loop
      vertex 61.3 52 1.2
      vertex 62 52 4
      vertex 62 52 1.2
    endloop
  endfacet
  facet normal 0 1 0
    outer loop
      vertex 60.7 52 1.2
      vertex 62 52 4
      vertex 61.3 52 1.2
    endloop
  endfacet
  facet normal 0 1 0
    outer loop
      vertex 59.7 52 1.2
      vertex 62 52 4
      vertex 60.7 52 1.2
    endloop
  endfacet
  facet normal 0 1 0
    outer loop
      vertex 59.1 52 1.2
      vertex 62 52 4
      vertex 59.7 52 1.2
    endloop
  endfacet
  facet normal 0 1 0
    outer loop
      vertex 58.1 52 1.2
      vertex 62 52 4
      vertex 59.1 52 1.2
    endloop
  endfacet
  facet normal 0 1 0
    outer loop
      vertex 57.5 52 1.2
      vertex 62 52 4
      vertex 58.1 52 1.2
    endloop
  endfacet
  facet normal 0 1 0
    outer loop
      vertex 56.5 52 1.2
      vertex 62 52 4
      vertex 57.5 52 1.2
    endloop
  endfacet
  facet normal 0 1 0
    outer loop
      vertex 55.9 52 1.2
      vertex 62 52 4
      vertex 56.5 52 1.2
    endloop
  endfacet
  facet normal 0 1 0
    outer loop
      vertex 54.9 52 1.2
      vertex 62 52 4
      vertex 55.9 52 1.2
    endloop
  endfacet
  facet normal 0 1 0
    outer loop
      vertex 54.3 52 1.2
      vertex 62 52 4
      vertex 54.9 52 1.2
    endloop
  endfacet
  facet normal 0 1 0
    outer loop
      vertex 53.3 52 1.2
      vertex 62 52 4
      vertex 54.3 52 1.2
    endloop
  endfacet
  facet normal 0 1 0
    outer loop
      vertex 52.7 52 1.2
      vertex 62 52 4
      vertex 53.3 52 1.2
    endloop
  endfacet
  facet normal 0 1 0
    outer loop
      vertex 51.7 52 1.2
      vertex 62 52 4
      vertex 52.7 52 1.2
    endloop
  endfacet
  facet normal 0 1 0
    outer loop
      vertex 51.1 52 1.2
      vertex 62 52 4
      vertex 51.7 52 1.2
    endloop
  endfacet
  facet normal 0 1 0
    outer loop
      vertex 50.1 52 1.2
      vertex 62 52 4
      vertex 51.1 52 1.2
    endloop
  endfacet
  facet normal 0 1 0
    outer loop
      vertex 49.5 52 1.2
      vertex 62 52 4
      vertex 50.1 52 1.2
    endloop
  endfacet
  facet normal 0 1 0
    outer loop
      vertex 48.5 52 1.2
      vertex 62 52 4
      vertex 49.5 52 1.2
    endloop
  endfacet
  facet normal 0 1 0
    outer loop
      vertex 47.9 52 1.2
      vertex 62 52 4
      vertex 48.5 52 1.2
    endloop
  endfacet
  facet normal 0 1 0
    outer loop
      vertex 46.9 52 1.2
      vertex 62 52 4
      vertex 47.9 52 1.2
    endloop
  endfacet
  facet normal 0 1 0
    outer loop
      vertex 46.3 52 1.2
      vertex 62 52 4
      vertex 46.9 52 1.2
    endloop
  endfacet
  facet normal 0 1 0
    outer loop
      vertex 45.3 52 1.2
      vertex 62 52 4
      vertex 46.3 52 1.2
    endloop
  endfacet
  facet normal 0 1 0
    outer loop
      vertex 44.7 52 1.2
      vertex 62 52 4
      vertex 45.3 52 1.2
    endloop
  endfacet
  facet normal 0 1 0
    outer loop
      vertex 43.7 52 1.2
      vertex 62 52 4
      vertex 44.7 52 1.2
    endloop
  endfacet
  facet normal 0 1 0
    outer loop
      vertex 43.1 52 1.2
      vertex 62 52 4
      vertex 43.7 52 1.2
    endloop
  endfacet
  facet normal 0 1 0
    outer loop
      vertex 42.1 52 1.2
      vertex 62 52 4
      vertex 43.1 52 1.2
    endloop
  endfacet
  facet normal 0 1 0
    outer loop
      vertex 41.5 52 1.2
      vertex 62 52 4
      vertex 42.1 52 1.2
    endloop
  endfacet
  facet normal 0 1 0
    outer loop
      vertex 40.5 52 1.2
      vertex 62 52 4
      vertex 41.5 52 1.2
    endloop
  endfacet
  facet normal 0 1 0
    outer loop
      vertex 39.9 52 1.2
      vertex 62 52 4
      vertex 40.5 52 1.2
    endloop
  endfacet
  facet normal 0 1 0
    outer loop
      vertex 38.9 52 1.2
      vertex 62 52 4
      vertex 39.9 52 1.2
    endloop
  endfacet
  facet normal 0 1 0
    outer loop
      vertex 38.3 52 1.2
      vertex 62 52 4
      vertex 38.9 52 1.2
    endloop
  endfacet
  facet normal 0 1 0
    outer loop
      vertex 37.3 52 1.2
      vertex 62 52 4
      vertex 38.3 52 1.2
    endloop
  endfacet
  facet normal 0 1 0
    outer loop
      vertex 36.7 52 1.2
      vertex 62 52 4
      vertex 37.3 52 1.2
    endloop
  endfacet
  facet normal 0 1 0
    outer loop
      vertex 35.7 52 1.2
      vertex 62 52 4
      vertex 36.7 52 1.2
    endloop
  endfacet
  facet normal 0 1 0
    outer loop
      vertex 35.1 52 1.2
      vertex 62 52 4
      vertex 35.7 52 1.2
    endloop
  endfacet
  facet normal 0 1 0
    outer loop
      vertex 34.1 52 1.2
      vertex 62 52 4
      vertex 35.1 52 1.2
    endloop
  endfacet
  facet normal 0 1 0
    outer loop
      vertex 62 52 4
      vertex 34.1 52 1.2
      vertex 4 52 4
    endloop
  endfacet
  facet normal 0 1 -0
    outer loop
      vertex 33.5 52 1.2
      vertex 4 52 4
      vertex 34.1 52 1.2
    endloop
  endfacet
  facet normal 0 1 -0
    outer loop
      vertex 32.5 52 1.2
      vertex 4 52 4
      vertex 33.5 52 1.2
    endloop
  endfacet
  facet normal 0 1 -0
    outer loop
      vertex 31.9 52 1.2
      vertex 4 52 4
      vertex 32.5 52 1.2
    endloop
  endfacet
  facet normal 0 1 -0
    outer loop
      vertex 30.9 52 1.2
      vertex 4 52 4
      vertex 31.9 52 1.2
    endloop
  endfacet
  facet normal 0 1 -0
    outer loop
      vertex 30.3 52 1.2
      vertex 4 52 4
      vertex 30.9 52 1.2
    endloop
  endfacet
  facet normal 0 1 -0
    outer loop
      vertex 29.3 52 1.2
      vertex 4 52 4
      vertex 30.3 52 1.2
    endloop
  endfacet
  facet normal 0 1 -0
    outer loop
      vertex 28.7 52 1.2
      vertex 4 52 4
      vertex 29.3 52 1.2
    endloop
  endfacet
  facet normal 0 1 -0
    outer loop
      vertex 27.7 52 1.2
      vertex 4 52 4
      vertex 28.7 52 1.2
    endloop
  endfacet
  facet normal 0 1 -0
    outer loop
      vertex 27.1 52 1.2
      vertex 4 52 4
      vertex 27.7 52 1.2
    endloop
  endfacet
  facet normal 0 1 -0
    outer loop
      vertex 26.1 52 1.2
      vertex 4 52 4
      vertex 27.1 52 1.2
    endloop
  endfacet
  facet normal 0 1 -0
    outer loop
      vertex 25.5 52 1.2
      vertex 4 52 4
      vertex 26.1 52 1.2
    endloop
  endfacet
  facet normal 0 1 -0
    outer loop
      vertex 24.5 52 1.2
      vertex 4 52 4
      vertex 25.5 52 1.2
    endloop
  endfacet
  facet normal 0 1 -0
    outer loop
      vertex 23.9 52 1.2
      vertex 4 52 4
      vertex 24.5 52 1.2
    endloop
  endfacet
  facet normal 0 1 -0
    outer loop
      vertex 22.9 52 1.2
      vertex 4 52 4
      vertex 23.9 52 1.2
    endloop
  endfacet
  facet normal 0 1 -0
    outer loop
      vertex 22.3 52 1.2
      vertex 4 52 4
      vertex 22.9 52 1.2
    endloop
  endfacet
  facet normal 0 1 -0
    outer loop
      vertex 21.3 52 1.2
      vertex 4 52 4
      vertex 22.3 52 1.2
    endloop
  endfacet
  facet normal 0 1 -0
    outer loop
      vertex 20.7 52 1.2
      vertex 4 52 4
      vertex 21.3 52 1.2
    endloop
  endfacet
  facet normal 0 1 -0
    outer loop
      vertex 19.7 52 1.2
      vertex 4 52 4
      vertex 20.7 52 1.2
    endloop
  endfacet
  facet normal 0 1 -0
    outer loop
      vertex 19.1 52 1.2
      vertex 4 52 4
      vertex 19.7 52 1.2
    endloop
  endfacet
  facet normal 0 1 -0
    outer loop
      vertex 18.1 52 1.2
      vertex 4 52 4
      vertex 19.1 52 1.2
    endloop
  endfacet
  facet normal 0 1 -0
    outer loop
      vertex 17.5 52 1.2
      vertex 4 52 4
      vertex 18.1 52 1.2
    endloop
  endfacet
  facet normal 0 1 -0
    outer loop
      vertex 16.5 52 1.2
      vertex 4 52 4
      vertex 17.5 52 1.2
    endloop
  endfacet
  facet normal 0 1 -0
    outer loop
      vertex 15.9 52 1.2
      vertex 4 52 4
      vertex 16.5 52 1.2
    endloop
  endfacet
  facet normal 0 1 -0
    outer loop
      vertex 14.9 52 1.2
      vertex 4 52 4
      vertex 15.9 52 1.2
    endloop
  endfacet
  facet normal 0 1 -0
    outer loop
      vertex 14.3 52 1.2
      vertex 4 52 4
      vertex 14.9 52 1.2
    endloop
  endfacet
  facet normal 0 1 -0
    outer loop
      vertex 13.3 52 1.2
      vertex 4 52 4
      vertex 14.3 52 1.2
    endloop
  endfacet
  facet normal 0 1 -0
    outer loop
      vertex 12.7 52 1.2
      vertex 4 52 4
      vertex 13.3 52 1.2
    endloop
  endfacet
  facet normal 0 1 -0
    outer loop
      vertex 11.7 52 1.2
      vertex 4 52 4
      vertex 12.7 52 1.2
    endloop
  endfacet
  facet normal 0 1 -0
    outer loop
      vertex 11.1 52 1.2
      vertex 4 52 4
      vertex 11.7 52 1.2
    endloop
  endfacet
  facet normal 0 1 -0
    outer loop
      vertex 10.1 52 1.2
      vertex 4 52 4
      vertex 11.1 52 1.2
    endloop
  endfacet
  facet normal 0 1 -0
    outer loop
      vertex 9.5 52 1.2
      vertex 4 52 4
      vertex 10.1 52 1.2
    endloop
  endfacet
  facet normal 0 1 -0
    outer loop
      vertex 8.5 52 1.2
      vertex 4 52 4
      vertex 9.5 52 1.2
    endloop
  endfacet
  facet normal 0 1 -0
    outer loop
      vertex 7.9 52 1.2
      vertex 4 52 4
      vertex 8.5 52 1.2
    endloop
  endfacet
  facet normal 0 1 -0
    outer loop
      vertex 6.9 52 1.2
      vertex 4 52 4
      vertex 7.9 52 1.2
    endloop
  endfacet
  facet normal 0 1 -0
    outer loop
      vertex 6.3 52 1.2
      vertex 4 52 4
      vertex 6.9 52 1.2
    endloop
  endfacet
  facet normal 0 1 -0
    outer loop
      vertex 5.3 52 1.2
      vertex 4 52 4
      vertex 6.3 52 1.2
    endloop
  endfacet
  facet normal 0 1 -0
    outer loop
      vertex 4.7 52 1.2
      vertex 4 52 4
      vertex 5.3 52 1.2
    endloop
  endfacet
  facet normal 0 1 0
    outer loop
      vertex 4 52 4
      vertex 4.7 52 1.2
      vertex 4 52 1.2
    endloop
  endfacet
  facet normal 0 1 -0
    outer loop
      vertex 5.3 52 0
      vertex 4.7 52 1.1
      vertex 5.3 52 1.1
    endloop
  endfacet
  facet normal 0 1 0
    outer loop
      vertex 4.7 52 1.1
      vertex 5.3 52 0
      vertex 4.7 52 0
    endloop
  endfacet
  facet normal 0 1 -0
    outer loop
      vertex 6.9 52 0
      vertex 6.3 52 1.1
      vertex 6.9 52 1.1
    endloop
  endfacet
  facet normal 0 1 0
    outer loop
      vertex 6.3 52 1.1
      vertex 6.9 52 0
      vertex 6.3 52 0
    endloop
  endfacet
  facet normal 0 1 -0
    outer loop
      vertex 8.5 52 0
      vertex 7.9 52 1.1
      vertex 8.5 52 1.1
    endloop
  endfacet
  facet normal 0 1 0
    outer loop
      vertex 7.9 52 1.1
      vertex 8.5 52 0
      vertex 7.9 52 0
    endloop
  endfacet
  facet normal 0 1 -0
    outer loop
      vertex 10.1 52 0
      vertex 9.5 52 1.1
      vertex 10.1 52 1.1
    endloop
  endfacet
  facet normal 0 1 0
    outer loop
      vertex 9.5 52 1.1
      vertex 10.1 52 0
      vertex 9.5 52 0
    endloop
  endfacet
  facet normal 0 1 -0
    outer loop
      vertex 11.7 52 0
      vertex 11.1 52 1.1
      vertex 11.7 52 1.1
    endloop
  endfacet
  facet normal 0 1 0
    outer loop
      vertex 11.1 52 1.1
      vertex 11.7 52 0
      vertex 11.1 52 0
    endloop
  endfacet
  facet normal 0 1 -0
    outer loop
      vertex 13.3 52 0
      vertex 12.7 52 1.1
      vertex 13.3 52 1.1
    endloop
  endfacet
  facet normal 0 1 0
    outer loop
      vertex 12.7 52 1.1
      vertex 13.3 52 0
      vertex 12.7 52 0
    endloop
  endfacet
  facet normal 0 1 -0
    outer loop
      vertex 14.9 52 0
      vertex 14.3 52 1.1
      vertex 14.9 52 1.1
    endloop
  endfacet
  facet normal 0 1 0
    outer loop
      vertex 14.3 52 1.1
      vertex 14.9 52 0
      vertex 14.3 52 0
    endloop
  endfacet
  facet normal 0 1 -0
    outer loop
      vertex 16.5 52 0
      vertex 15.9 52 1.1
      vertex 16.5 52 1.1
    endloop
  endfacet
  facet normal 0 1 0
    outer loop
      vertex 15.9 52 1.1
      vertex 16.5 52 0
      vertex 15.9 52 0
    endloop
  endfacet
  facet normal 0 1 -0
    outer loop
      vertex 18.1 52 0
      vertex 17.5 52 1.1
      vertex 18.1 52 1.1
    endloop
  endfacet
  facet normal 0 1 0
    outer loop
      vertex 17.5 52 1.1
      vertex 18.1 52 0
      vertex 17.5 52 0
    endloop
  endfacet
  facet normal 0 1 -0
    outer loop
      vertex 19.7 52 0
      vertex 19.1 52 1.1
      vertex 19.7 52 1.1
    endloop
  endfacet
  facet normal 0 1 0
    outer loop
      vertex 19.1 52 1.1
      vertex 19.7 52 0
      vertex 19.1 52 0
    endloop
  endfacet
  facet normal 0 1 -0
    outer loop
      vertex 21.3 52 0
      vertex 20.7 52 1.1
      vertex 21.3 52 1.1
    endloop
  endfacet
  facet normal 0 1 0
    outer loop
      vertex 20.7 52 1.1
      vertex 21.3 52 0
      vertex 20.7 52 0
    endloop
  endfacet
  facet normal 0 1 -0
    outer loop
      vertex 22.9 52 0
      vertex 22.3 52 1.1
      vertex 22.9 52 1.1
    endloop
  endfacet
  facet normal 0 1 0
    outer loop
      vertex 22.3 52 1.1
      vertex 22.9 52 0
      vertex 22.3 52 0
    endloop
  endfacet
  facet normal 0 1 -0
    outer loop
      vertex 24.5 52 0
      vertex 23.9 52 1.1
      vertex 24.5 52 1.1
    endloop
  endfacet
  facet normal 0 1 0
    outer loop
      vertex 23.9 52 1.1
      vertex 24.5 52 0
      vertex 23.9 52 0
    endloop
  endfacet
  facet normal 0 1 -0
    outer loop
      vertex 26.1 52 0
      vertex 25.5 52 1.1
      vertex 26.1 52 1.1
    endloop
  endfacet
  facet normal 0 1 0
    outer loop
      vertex 25.5 52 1.1
      vertex 26.1 52 0
      vertex 25.5 52 0
    endloop
  endfacet
  facet normal 0 1 -0
    outer loop
      vertex 27.7 52 0
      vertex 27.1 52 1.1
      vertex 27.7 52 1.1
    endloop
  endfacet
  facet normal 0 1 0
    outer loop
      vertex 27.1 52 1.1
      vertex 27.7 52 0
      vertex 27.1 52 0
    endloop
  endfacet
  facet normal 0 1 -0
    outer loop
      vertex 29.3 52 0
      vertex 28.7 52 1.1
      vertex 29.3 52 1.1
    endloop
  endfacet
  facet normal 0 1 0
    outer loop
      vertex 28.7 52 1.1
      vertex 29.3 52 0
      vertex 28.7 52 0
    endloop
  endfacet
  facet normal 0 1 -0
    outer loop
      vertex 30.9 52 0
      vertex 30.3 52 1.1
      vertex 30.9 52 1.1
    endloop
  endfacet
  facet normal 0 1 0
    outer loop
      vertex 30.3 52 1.1
      vertex 30.9 52 0
      vertex 30.3 52 0
    endloop
  endfacet
  facet normal 0 1 -0
    outer loop
      vertex 32.5 52 0
      vertex 31.9 52 1.1
      vertex 32.5 52 1.1
    endloop
  endfacet
  facet normal 0 1 0
    outer loop
      vertex 31.9 52 1.1
      vertex 32.5 52 0
      vertex 31.9 52 0
    endloop
  endfacet
  facet normal 0 1 -0
    outer loop
      vertex 34.1 52 0
      vertex 33.5 52 1.1
      vertex 34.1 52 1.1
    endloop
  endfacet
  facet normal 0 1 0
    outer loop
      vertex 33.5 52 1.1
      vertex 34.1 52 0
      vertex 33.5 52 0
    endloop
  endfacet
  facet normal 0 1 -0
    outer loop
      vertex 35.7 52 0
      vertex 35.1 52 1.1
      vertex 35.7 52 1.1
    endloop
  endfacet
  facet normal 0 1 0
    outer loop
      vertex 35.1 52 1.1
      vertex 35.7 52 0
      vertex 35.1 52 0
    endloop
  endfacet
  facet normal 0 1 -0
    outer loop
      vertex 37.3 52 0
      vertex 36.7 52 1.1
      vertex 37.3 52 1.1
    endloop
  endfacet
  facet normal 0 1 0
    outer loop
      vertex 36.7 52 1.1
      vertex 37.3 52 0
      vertex 36.7 52 0
    endloop
  endfacet
  facet normal 0 1 -0
    outer loop
      vertex 38.9 52 0
      vertex 38.3 52 1.1
      vertex 38.9 52 1.1
    endloop
  endfacet
  facet normal 0 1 0
    outer loop
      vertex 38.3 52 1.1
      vertex 38.9 52 0
      vertex 38.3 52 0
    endloop
  endfacet
  facet normal 0 1 -0
    outer loop
      vertex 40.5 52 0
      vertex 39.9 52 1.1
      vertex 40.5 52 1.1
    endloop
  endfacet
  facet normal 0 1 0
    outer loop
      vertex 39.9 52 1.1
      vertex 40.5 52 0
      vertex 39.9 52 0
    endloop
  endfacet
  facet normal 0 1 -0
    outer loop
      vertex 42.1 52 0
      vertex 41.5 52 1.1
      vertex 42.1 52 1.1
    endloop
  endfacet
  facet normal 0 1 0
    outer loop
      vertex 41.5 52 1.1
      vertex 42.1 52 0
      vertex 41.5 52 0
    endloop
  endfacet
  facet normal 0 1 -0
    outer loop
      vertex 43.7 52 0
      vertex 43.1 52 1.1
      vertex 43.7 52 1.1
    endloop
  endfacet
  facet normal 0 1 0
    outer loop
      vertex 43.1 52 1.1
      vertex 43.7 52 0
      vertex 43.1 52 0
    endloop
  endfacet
  facet normal 0 1 -0
    outer loop
      vertex 45.3 52 0
      vertex 44.7 52 1.1
      vertex 45.3 52 1.1
    endloop
  endfacet
  facet normal 0 1 0
    outer loop
      vertex 44.7 52 1.1
      vertex 45.3 52 0
      vertex 44.7 52 0
    endloop
  endfacet
  facet normal 0 1 -0
    outer loop
      vertex 46.9 52 0
      vertex 46.3 52 1.1
      vertex 46.9 52 1.1
    endloop
  endfacet
  facet normal 0 1 0
    outer loop
      vertex 46.3 52 1.1
      vertex 46.9 52 0
      vertex 46.3 52 0
    endloop
  endfacet
  facet normal 0 1 -0
    outer loop
      vertex 48.5 52 0
      vertex 47.9 52 1.1
      vertex 48.5 52 1.1
    endloop
  endfacet
  facet normal 0 1 0
    outer loop
      vertex 47.9 52 1.1
      vertex 48.5 52 0
      vertex 47.9 52 0
    endloop
  endfacet
  facet normal 0 1 -0
    outer loop
      vertex 50.1 52 0
      vertex 49.5 52 1.1
      vertex 50.1 52 1.1
    endloop
  endfacet
  facet normal 0 1 0
    outer loop
      vertex 49.5 52 1.1
      vertex 50.1 52 0
      vertex 49.5 52 0
    endloop
  endfacet
  facet normal 0 1 -0
    outer loop
      vertex 51.7 52 0
      vertex 51.1 52 1.1
      vertex 51.7 52 1.1
    endloop
  endfacet
  facet normal 0 1 0
    outer loop
      vertex 51.1 52 1.1
      vertex 51.7 52 0
      vertex 51.1 52 0
    endloop
  endfacet
  facet normal 0 1 -0
    outer loop
      vertex 53.3 52 0
      vertex 52.7 52 1.1
      vertex 53.3 52 1.1
    endloop
  endfacet
  facet normal 0 1 0
    outer loop
      vertex 52.7 52 1.1
      vertex 53.3 52 0
      vertex 52.7 52 0
    endloop
  endfacet
  facet normal 0 1 -0
    outer loop
      vertex 54.9 52 0
      vertex 54.3 52 1.1
      vertex 54.9 52 1.1
    endloop
  endfacet
  facet normal 0 1 0
    outer loop
      vertex 54.3 52 1.1
      vertex 54.9 52 0
      vertex 54.3 52 0
    endloop
  endfacet
  facet normal 0 1 -0
    outer loop
      vertex 56.5 52 0
      vertex 55.9 52 1.1
      vertex 56.5 52 1.1
    endloop
  endfacet
  facet normal 0 1 0
    outer loop
      vertex 55.9 52 1.1
      vertex 56.5 52 0
      vertex 55.9 52 0
    endloop
  endfacet
  facet normal 0 1 -0
    outer loop
      vertex 58.1 52 0
      vertex 57.5 52 1.1
      vertex 58.1 52 1.1
    endloop
  endfacet
  facet normal 0 1 0
    outer loop
      vertex 57.5 52 1.1
      vertex 58.1 52 0
      vertex 57.5 52 0
    endloop
  endfacet
  facet normal 0 1 -0
    outer loop
      vertex 59.7 52 0
      vertex 59.1 52 1.1
      vertex 59.7 52 1.1
    endloop
  endfacet
  facet normal 0 1 0
    outer loop
      vertex 59.1 52 1.1
      vertex 59.7 52 0
      vertex 59.1 52 0
    endloop
  endfacet
  facet normal 0 1 -0
    outer loop
      vertex 61.3 52 0
      vertex 60.7 52 1.1
      vertex 61.3 52 1.1
    endloop
  endfacet
  facet normal 0 1 0
    outer loop
      vertex 60.7 52 1.1
      vertex 61.3 52 0
      vertex 60.7 52 0
    endloop
  endfacet
  facet normal -1 0 0
    outer loop
      vertex 6.9 52 0
      vertex 6.9 62 1.1
      vertex 6.9 62 0
    endloop
  endfacet
  facet normal -1 0 0
    outer loop
      vertex 6.9 52 1.1
      vertex 6.9 62 1.1
      vertex 6.9 52 0
    endloop
  endfacet
  facet normal -1 0 0
    outer loop
      vertex 6.9 62 1.1
      vertex 6.9 52 1.1
      vertex 6.9 62 1.2
    endloop
  endfacet
  facet normal -1 -0 0
    outer loop
      vertex 6.9 62 1.2
      vertex 6.9 52 1.1
      vertex 6.9 52 1.2
    endloop
  endfacet
  facet normal 1 0 0
    outer loop
      vertex 6.3 52 1.1
      vertex 6.3 62 1.1
      vertex 6.3 62 1.2
    endloop
  endfacet
  facet normal 1 0 0
    outer loop
      vertex 6.3 52 1.1
      vertex 6.3 62 1.2
      vertex 6.3 52 1.2
    endloop
  endfacet
  facet normal 1 0 0
    outer loop
      vertex 6.3 62 1.1
      vertex 6.3 52 1.1
      vertex 6.3 62 0
    endloop
  endfacet
  facet normal 1 0 0
    outer loop
      vertex 6.3 62 0
      vertex 6.3 52 1.1
      vertex 6.3 52 0
    endloop
  endfacet
  facet normal -1 0 0
    outer loop
      vertex 8.5 52 0
      vertex 8.5 62 1.1
      vertex 8.5 62 0
    endloop
  endfacet
  facet normal -1 0 0
    outer loop
      vertex 8.5 52 1.1
      vertex 8.5 62 1.1
      vertex 8.5 52 0
    endloop
  endfacet
  facet normal -1 0 0
    outer loop
      vertex 8.5 62 1.1
      vertex 8.5 52 1.1
      vertex 8.5 62 1.2
    endloop
  endfacet
  facet normal -1 -0 0
    outer loop
      vertex 8.5 62 1.2
      vertex 8.5 52 1.1
      vertex 8.5 52 1.2
    endloop
  endfacet
  facet normal 1 0 0
    outer loop
      vertex 7.9 52 1.1
      vertex 7.9 62 1.1
      vertex 7.9 62 1.2
    endloop
  endfacet
  facet normal 1 0 0
    outer loop
      vertex 7.9 52 1.1
      vertex 7.9 62 1.2
      vertex 7.9 52 1.2
    endloop
  endfacet
  facet normal 1 0 0
    outer loop
      vertex 7.9 62 1.1
      vertex 7.9 52 1.1
      vertex 7.9 62 0
    endloop
  endfacet
  facet normal 1 0 0
    outer loop
      vertex 7.9 62 0
      vertex 7.9 52 1.1
      vertex 7.9 52 0
    endloop
  endfacet
  facet normal -1 0 0
    outer loop
      vertex 10.1 52 0
      vertex 10.1 62 1.1
      vertex 10.1 62 0
    endloop
  endfacet
  facet normal -1 0 0
    outer loop
      vertex 10.1 52 1.1
      vertex 10.1 62 1.1
      vertex 10.1 52 0
    endloop
  endfacet
  facet normal -1 0 0
    outer loop
      vertex 10.1 62 1.1
      vertex 10.1 52 1.1
      vertex 10.1 62 1.2
    endloop
  endfacet
  facet normal -1 -0 0
    outer loop
      vertex 10.1 62 1.2
      vertex 10.1 52 1.1
      vertex 10.1 52 1.2
    endloop
  endfacet
  facet normal 1 0 0
    outer loop
      vertex 9.5 52 1.1
      vertex 9.5 62 1.1
      vertex 9.5 62 1.2
    endloop
  endfacet
  facet normal 1 0 0
    outer loop
      vertex 9.5 52 1.1
      vertex 9.5 62 1.2
      vertex 9.5 52 1.2
    endloop
  endfacet
  facet normal 1 0 0
    outer loop
      vertex 9.5 62 1.1
      vertex 9.5 52 1.1
      vertex 9.5 62 0
    endloop
  endfacet
  facet normal 1 0 0
    outer loop
      vertex 9.5 62 0
      vertex 9.5 52 1.1
      vertex 9.5 52 0
    endloop
  endfacet
  facet normal -1 0 0
    outer loop
      vertex 11.7 52 0
      vertex 11.7 62 1.1
      vertex 11.7 62 0
    endloop
  endfacet
  facet normal -1 0 0
    outer loop
      vertex 11.7 52 1.1
      vertex 11.7 62 1.1
      vertex 11.7 52 0
    endloop
  endfacet
  facet normal -1 0 0
    outer loop
      vertex 11.7 62 1.1
      vertex 11.7 52 1.1
      vertex 11.7 62 1.2
    endloop
  endfacet
  facet normal -1 -0 0
    outer loop
      vertex 11.7 62 1.2
      vertex 11.7 52 1.1
      vertex 11.7 52 1.2
    endloop
  endfacet
  facet normal 1 0 0
    outer loop
      vertex 11.1 52 1.1
      vertex 11.1 62 1.1
      vertex 11.1 62 1.2
    endloop
  endfacet
  facet normal 1 0 0
    outer loop
      vertex 11.1 52 1.1
      vertex 11.1 62 1.2
      vertex 11.1 52 1.2
    endloop
  endfacet
  facet normal 1 0 0
    outer loop
      vertex 11.1 62 1.1
      vertex 11.1 52 1.1
      vertex 11.1 62 0
    endloop
  endfacet
  facet normal 1 0 0
    outer loop
      vertex 11.1 62 0
      vertex 11.1 52 1.1
      vertex 11.1 52 0
    endloop
  endfacet
  facet normal -1 0 0
    outer loop
      vertex 13.3 52 0
      vertex 13.3 62 1.1
      vertex 13.3 62 0
    endloop
  endfacet
  facet normal -1 0 0
    outer loop
      vertex 13.3 52 1.1
      vertex 13.3 62 1.1
      vertex 13.3 52 0
    endloop
  endfacet
  facet normal -1 0 0
    outer loop
      vertex 13.3 62 1.1
      vertex 13.3 52 1.1
      vertex 13.3 62 1.2
    endloop
  endfacet
  facet normal -1 -0 0
    outer loop
      vertex 13.3 62 1.2
      vertex 13.3 52 1.1
      vertex 13.3 52 1.2
    endloop
  endfacet
  facet normal 1 0 0
    outer loop
      vertex 12.7 52 1.1
      vertex 12.7 62 1.1
      vertex 12.7 62 1.2
    endloop
  endfacet
  facet normal 1 0 0
    outer loop
      vertex 12.7 52 1.1
      vertex 12.7 62 1.2
      vertex 12.7 52 1.2
    endloop
  endfacet
  facet normal 1 0 0
    outer loop
      vertex 12.7 62 1.1
      vertex 12.7 52 1.1
      vertex 12.7 62 0
    endloop
  endfacet
  facet normal 1 0 0
    outer loop
      vertex 12.7 62 0
      vertex 12.7 52 1.1
      vertex 12.7 52 0
    endloop
  endfacet
  facet normal -1 0 0
    outer loop
      vertex 14.9 52 0
      vertex 14.9 62 1.1
      vertex 14.9 62 0
    endloop
  endfacet
  facet normal -1 0 0
    outer loop
      vertex 14.9 52 1.1
      vertex 14.9 62 1.1
      vertex 14.9 52 0
    endloop
  endfacet
  facet normal -1 0 0
    outer loop
      vertex 14.9 62 1.1
      vertex 14.9 52 1.1
      vertex 14.9 62 1.2
    endloop
  endfacet
  facet normal -1 -0 0
    outer loop
      vertex 14.9 62 1.2
      vertex 14.9 52 1.1
      vertex 14.9 52 1.2
    endloop
  endfacet
  facet normal 1 0 0
    outer loop
      vertex 14.3 52 1.1
      vertex 14.3 62 1.1
      vertex 14.3 62 1.2
    endloop
  endfacet
  facet normal 1 0 0
    outer loop
      vertex 14.3 52 1.1
      vertex 14.3 62 1.2
      vertex 14.3 52 1.2
    endloop
  endfacet
  facet normal 1 0 0
    outer loop
      vertex 14.3 62 1.1
      vertex 14.3 52 1.1
      vertex 14.3 62 0
    endloop
  endfacet
  facet normal 1 0 0
    outer loop
      vertex 14.3 62 0
      vertex 14.3 52 1.1
      vertex 14.3 52 0
    endloop
  endfacet
  facet normal -1 0 0
    outer loop
      vertex 16.5 52 0
      vertex 16.5 62 1.1
      vertex 16.5 62 0
    endloop
  endfacet
  facet normal -1 0 0
    outer loop
      vertex 16.5 52 1.1
      vertex 16.5 62 1.1
      vertex 16.5 52 0
    endloop
  endfacet
  facet normal -1 0 0
    outer loop
      vertex 16.5 62 1.1
      vertex 16.5 52 1.1
      vertex 16.5 62 1.2
    endloop
  endfacet
  facet normal -1 -0 0
    outer loop
      vertex 16.5 62 1.2
      vertex 16.5 52 1.1
      vertex 16.5 52 1.2
    endloop
  endfacet
  facet normal 1 0 0
    outer loop
      vertex 15.9 52 1.1
      vertex 15.9 62 1.1
      vertex 15.9 62 1.2
    endloop
  endfacet
  facet normal 1 0 0
    outer loop
      vertex 15.9 52 1.1
      vertex 15.9 62 1.2
      vertex 15.9 52 1.2
    endloop
  endfacet
  facet normal 1 0 0
    outer loop
      vertex 15.9 62 1.1
      vertex 15.9 52 1.1
      vertex 15.9 62 0
    endloop
  endfacet
  facet normal 1 0 0
    outer loop
      vertex 15.9 62 0
      vertex 15.9 52 1.1
      vertex 15.9 52 0
    endloop
  endfacet
  facet normal -1 0 0
    outer loop
      vertex 18.1 52 0
      vertex 18.1 62 1.1
      vertex 18.1 62 0
    endloop
  endfacet
  facet normal -1 0 0
    outer loop
      vertex 18.1 52 1.1
      vertex 18.1 62 1.1
      vertex 18.1 52 0
    endloop
  endfacet
  facet normal -1 0 0
    outer loop
      vertex 18.1 62 1.1
      vertex 18.1 52 1.1
      vertex 18.1 62 1.2
    endloop
  endfacet
  facet normal -1 -0 0
    outer loop
      vertex 18.1 62 1.2
      vertex 18.1 52 1.1
      vertex 18.1 52 1.2
    endloop
  endfacet
  facet normal 1 0 0
    outer loop
      vertex 17.5 52 1.1
      vertex 17.5 62 1.1
      vertex 17.5 62 1.2
    endloop
  endfacet
  facet normal 1 0 0
    outer loop
      vertex 17.5 52 1.1
      vertex 17.5 62 1.2
      vertex 17.5 52 1.2
    endloop
  endfacet
  facet normal 1 0 0
    outer loop
      vertex 17.5 62 1.1
      vertex 17.5 52 1.1
      vertex 17.5 62 0
    endloop
  endfacet
  facet normal 1 0 0
    outer loop
      vertex 17.5 62 0
      vertex 17.5 52 1.1
      vertex 17.5 52 0
    endloop
  endfacet
  facet normal -1 0 0
    outer loop
      vertex 19.7 52 0
      vertex 19.7 62 1.1
      vertex 19.7 62 0
    endloop
  endfacet
  facet normal -1 0 0
    outer loop
      vertex 19.7 52 1.1
      vertex 19.7 62 1.1
      vertex 19.7 52 0
    endloop
  endfacet
  facet normal -1 0 0
    outer loop
      vertex 19.7 62 1.1
      vertex 19.7 52 1.1
      vertex 19.7 62 1.2
    endloop
  endfacet
  facet normal -1 -0 0
    outer loop
      vertex 19.7 62 1.2
      vertex 19.7 52 1.1
      vertex 19.7 52 1.2
    endloop
  endfacet
  facet normal 1 0 0
    outer loop
      vertex 19.1 52 1.1
      vertex 19.1 62 1.1
      vertex 19.1 62 1.2
    endloop
  endfacet
  facet normal 1 0 0
    outer loop
      vertex 19.1 52 1.1
      vertex 19.1 62 1.2
      vertex 19.1 52 1.2
    endloop
  endfacet
  facet normal 1 0 0
    outer loop
      vertex 19.1 62 1.1
      vertex 19.1 52 1.1
      vertex 19.1 62 0
    endloop
  endfacet
  facet normal 1 0 0
    outer loop
      vertex 19.1 62 0
      vertex 19.1 52 1.1
      vertex 19.1 52 0
    endloop
  endfacet
  facet normal -1 0 0
    outer loop
      vertex 21.3 52 0
      vertex 21.3 62 1.1
      vertex 21.3 62 0
    endloop
  endfacet
  facet normal -1 0 0
    outer loop
      vertex 21.3 52 1.1
      vertex 21.3 62 1.1
      vertex 21.3 52 0
    endloop
  endfacet
  facet normal -1 0 0
    outer loop
      vertex 21.3 62 1.1
      vertex 21.3 52 1.1
      vertex 21.3 62 1.2
    endloop
  endfacet
  facet normal -1 -0 0
    outer loop
      vertex 21.3 62 1.2
      vertex 21.3 52 1.1
      vertex 21.3 52 1.2
    endloop
  endfacet
  facet normal 1 0 0
    outer loop
      vertex 20.7 52 1.1
      vertex 20.7 62 1.1
      vertex 20.7 62 1.2
    endloop
  endfacet
  facet normal 1 0 0
    outer loop
      vertex 20.7 52 1.1
      vertex 20.7 62 1.2
      vertex 20.7 52 1.2
    endloop
  endfacet
  facet normal 1 0 0
    outer loop
      vertex 20.7 62 1.1
      vertex 20.7 52 1.1
      vertex 20.7 62 0
    endloop
  endfacet
  facet normal 1 0 0
    outer loop
      vertex 20.7 62 0
      vertex 20.7 52 1.1
      vertex 20.7 52 0
    endloop
  endfacet
  facet normal -1 0 0
    outer loop
      vertex 22.9 52 0
      vertex 22.9 62 1.1
      vertex 22.9 62 0
    endloop
  endfacet
  facet normal -1 0 0
    outer loop
      vertex 22.9 52 1.1
      vertex 22.9 62 1.1
      vertex 22.9 52 0
    endloop
  endfacet
  facet normal -1 0 0
    outer loop
      vertex 22.9 62 1.1
      vertex 22.9 52 1.1
      vertex 22.9 62 1.2
    endloop
  endfacet
  facet normal -1 -0 0
    outer loop
      vertex 22.9 62 1.2
      vertex 22.9 52 1.1
      vertex 22.9 52 1.2
    endloop
  endfacet
  facet normal 1 0 0
    outer loop
      vertex 22.3 52 1.1
      vertex 22.3 62 1.1
      vertex 22.3 62 1.2
    endloop
  endfacet
  facet normal 1 0 0
    outer loop
      vertex 22.3 52 1.1
      vertex 22.3 62 1.2
      vertex 22.3 52 1.2
    endloop
  endfacet
  facet normal 1 0 0
    outer loop
      vertex 22.3 62 1.1
      vertex 22.3 52 1.1
      vertex 22.3 62 0
    endloop
  endfacet
  facet normal 1 0 0
    outer loop
      vertex 22.3 62 0
      vertex 22.3 52 1.1
      vertex 22.3 52 0
    endloop
  endfacet
  facet normal -1 0 0
    outer loop
      vertex 24.5 52 0
      vertex 24.5 62 1.1
      vertex 24.5 62 0
    endloop
  endfacet
  facet normal -1 0 0
    outer loop
      vertex 24.5 52 1.1
      vertex 24.5 62 1.1
      vertex 24.5 52 0
    endloop
  endfacet
  facet normal -1 0 0
    outer loop
      vertex 24.5 62 1.1
      vertex 24.5 52 1.1
      vertex 24.5 62 1.2
    endloop
  endfacet
  facet normal -1 -0 0
    outer loop
      vertex 24.5 62 1.2
      vertex 24.5 52 1.1
      vertex 24.5 52 1.2
    endloop
  endfacet
  facet normal 1 0 0
    outer loop
      vertex 23.9 52 1.1
      vertex 23.9 62 1.1
      vertex 23.9 62 1.2
    endloop
  endfacet
  facet normal 1 0 0
    outer loop
      vertex 23.9 52 1.1
      vertex 23.9 62 1.2
      vertex 23.9 52 1.2
    endloop
  endfacet
  facet normal 1 0 0
    outer loop
      vertex 23.9 62 1.1
      vertex 23.9 52 1.1
      vertex 23.9 62 0
    endloop
  endfacet
  facet normal 1 0 0
    outer loop
      vertex 23.9 62 0
      vertex 23.9 52 1.1
      vertex 23.9 52 0
    endloop
  endfacet
  facet normal -1 0 0
    outer loop
      vertex 26.1 52 0
      vertex 26.1 62 1.1
      vertex 26.1 62 0
    endloop
  endfacet
  facet normal -1 0 0
    outer loop
      vertex 26.1 52 1.1
      vertex 26.1 62 1.1
      vertex 26.1 52 0
    endloop
  endfacet
  facet normal -1 0 0
    outer loop
      vertex 26.1 62 1.1
      vertex 26.1 52 1.1
      vertex 26.1 62 1.2
    endloop
  endfacet
  facet normal -1 -0 0
    outer loop
      vertex 26.1 62 1.2
      vertex 26.1 52 1.1
      vertex 26.1 52 1.2
    endloop
  endfacet
  facet normal 1 0 0
    outer loop
      vertex 25.5 52 1.1
      vertex 25.5 62 1.1
      vertex 25.5 62 1.2
    endloop
  endfacet
  facet normal 1 0 0
    outer loop
      vertex 25.5 52 1.1
      vertex 25.5 62 1.2
      vertex 25.5 52 1.2
    endloop
  endfacet
  facet normal 1 0 0
    outer loop
      vertex 25.5 62 1.1
      vertex 25.5 52 1.1
      vertex 25.5 62 0
    endloop
  endfacet
  facet normal 1 0 0
    outer loop
      vertex 25.5 62 0
      vertex 25.5 52 1.1
      vertex 25.5 52 0
    endloop
  endfacet
  facet normal -1 0 0
    outer loop
      vertex 27.7 52 0
      vertex 27.7 62 1.1
      vertex 27.7 62 0
    endloop
  endfacet
  facet normal -1 0 0
    outer loop
      vertex 27.7 52 1.1
      vertex 27.7 62 1.1
      vertex 27.7 52 0
    endloop
  endfacet
  facet normal -1 0 0
    outer loop
      vertex 27.7 62 1.1
      vertex 27.7 52 1.1
      vertex 27.7 62 1.2
    endloop
  endfacet
  facet normal -1 -0 0
    outer loop
      vertex 27.7 62 1.2
      vertex 27.7 52 1.1
      vertex 27.7 52 1.2
    endloop
  endfacet
  facet normal 1 0 0
    outer loop
      vertex 27.1 52 1.1
      vertex 27.1 62 1.1
      vertex 27.1 62 1.2
    endloop
  endfacet
  facet normal 1 0 0
    outer loop
      vertex 27.1 52 1.1
      vertex 27.1 62 1.2
      vertex 27.1 52 1.2
    endloop
  endfacet
  facet normal 1 0 0
    outer loop
      vertex 27.1 62 1.1
      vertex 27.1 52 1.1
      vertex 27.1 62 0
    endloop
  endfacet
  facet normal 1 0 0
    outer loop
      vertex 27.1 62 0
      vertex 27.1 52 1.1
      vertex 27.1 52 0
    endloop
  endfacet
  facet normal -1 0 0
    outer loop
      vertex 29.3 52 0
      vertex 29.3 62 1.1
      vertex 29.3 62 0
    endloop
  endfacet
  facet normal -1 0 0
    outer loop
      vertex 29.3 52 1.1
      vertex 29.3 62 1.1
      vertex 29.3 52 0
    endloop
  endfacet
  facet normal -1 0 0
    outer loop
      vertex 29.3 62 1.1
      vertex 29.3 52 1.1
      vertex 29.3 62 1.2
    endloop
  endfacet
  facet normal -1 -0 0
    outer loop
      vertex 29.3 62 1.2
      vertex 29.3 52 1.1
      vertex 29.3 52 1.2
    endloop
  endfacet
  facet normal 1 0 0
    outer loop
      vertex 28.7 52 1.1
      vertex 28.7 62 1.1
      vertex 28.7 62 1.2
    endloop
  endfacet
  facet normal 1 0 0
    outer loop
      vertex 28.7 52 1.1
      vertex 28.7 62 1.2
      vertex 28.7 52 1.2
    endloop
  endfacet
  facet normal 1 0 0
    outer loop
      vertex 28.7 62 1.1
      vertex 28.7 52 1.1
      vertex 28.7 62 0
    endloop
  endfacet
  facet normal 1 0 0
    outer loop
      vertex 28.7 62 0
      vertex 28.7 52 1.1
      vertex 28.7 52 0
    endloop
  endfacet
  facet normal -1 0 0
    outer loop
      vertex 30.9 52 0
      vertex 30.9 62 1.1
      vertex 30.9 62 0
    endloop
  endfacet
  facet normal -1 0 0
    outer loop
      vertex 30.9 52 1.1
      vertex 30.9 62 1.1
      vertex 30.9 52 0
    endloop
  endfacet
  facet normal -1 0 0
    outer loop
      vertex 30.9 62 1.1
      vertex 30.9 52 1.1
      vertex 30.9 62 1.2
    endloop
  endfacet
  facet normal -1 -0 0
    outer loop
      vertex 30.9 62 1.2
      vertex 30.9 52 1.1
      vertex 30.9 52 1.2
    endloop
  endfacet
  facet normal 1 0 0
    outer loop
      vertex 30.3 52 1.1
      vertex 30.3 62 1.1
      vertex 30.3 62 1.2
    endloop
  endfacet
  facet normal 1 0 0
    outer loop
      vertex 30.3 52 1.1
      vertex 30.3 62 1.2
      vertex 30.3 52 1.2
    endloop
  endfacet
  facet normal 1 0 0
    outer loop
      vertex 30.3 62 1.1
      vertex 30.3 52 1.1
      vertex 30.3 62 0
    endloop
  endfacet
  facet normal 1 0 0
    outer loop
      vertex 30.3 62 0
      vertex 30.3 52 1.1
      vertex 30.3 52 0
    endloop
  endfacet
  facet normal -1 0 0
    outer loop
      vertex 32.5 52 0
      vertex 32.5 62 1.1
      vertex 32.5 62 0
    endloop
  endfacet
  facet normal -1 0 0
    outer loop
      vertex 32.5 52 1.1
      vertex 32.5 62 1.1
      vertex 32.5 52 0
    endloop
  endfacet
  facet normal -1 0 0
    outer loop
      vertex 32.5 62 1.1
      vertex 32.5 52 1.1
      vertex 32.5 62 1.2
    endloop
  endfacet
  facet normal -1 -0 0
    outer loop
      vertex 32.5 62 1.2
      vertex 32.5 52 1.1
      vertex 32.5 52 1.2
    endloop
  endfacet
  facet normal 1 0 0
    outer loop
      vertex 31.9 52 1.1
      vertex 31.9 62 1.1
      vertex 31.9 62 1.2
    endloop
  endfacet
  facet normal 1 0 0
    outer loop
      vertex 31.9 52 1.1
      vertex 31.9 62 1.2
      vertex 31.9 52 1.2
    endloop
  endfacet
  facet normal 1 0 0
    outer loop
      vertex 31.9 62 1.1
      vertex 31.9 52 1.1
      vertex 31.9 62 0
    endloop
  endfacet
  facet normal 1 0 0
    outer loop
      vertex 31.9 62 0
      vertex 31.9 52 1.1
      vertex 31.9 52 0
    endloop
  endfacet
  facet normal -1 0 0
    outer loop
      vertex 34.1 52 0
      vertex 34.1 62 1.1
      vertex 34.1 62 0
    endloop
  endfacet
  facet normal -1 0 0
    outer loop
      vertex 34.1 52 1.1
      vertex 34.1 62 1.1
      vertex 34.1 52 0
    endloop
  endfacet
  facet normal -1 0 0
    outer loop
      vertex 34.1 62 1.1
      vertex 34.1 52 1.1
      vertex 34.1 62 1.2
    endloop
  endfacet
  facet normal -1 -0 0
    outer loop
      vertex 34.1 62 1.2
      vertex 34.1 52 1.1
      vertex 34.1 52 1.2
    endloop
  endfacet
  facet normal 1 0 0
    outer loop
      vertex 33.5 52 1.1
      vertex 33.5 62 1.1
      vertex 33.5 62 1.2
    endloop
  endfacet
  facet normal 1 0 0
    outer loop
      vertex 33.5 52 1.1
      vertex 33.5 62 1.2
      vertex 33.5 52 1.2
    endloop
  endfacet
  facet normal 1 0 0
    outer loop
      vertex 33.5 62 1.1
      vertex 33.5 52 1.1
      vertex 33.5 62 0
    endloop
  endfacet
  facet normal 1 0 0
    outer loop
      vertex 33.5 62 0
      vertex 33.5 52 1.1
      vertex 33.5 52 0
    endloop
  endfacet
  facet normal -1 0 0
    outer loop
      vertex 35.7 52 0
      vertex 35.7 62 1.1
      vertex 35.7 62 0
    endloop
  endfacet
  facet normal -1 0 0
    outer loop
      vertex 35.7 52 1.1
      vertex 35.7 62 1.1
      vertex 35.7 52 0
    endloop
  endfacet
  facet normal -1 0 0
    outer loop
      vertex 35.7 62 1.1
      vertex 35.7 52 1.1
      vertex 35.7 62 1.2
    endloop
  endfacet
  facet normal -1 -0 0
    outer loop
      vertex 35.7 62 1.2
      vertex 35.7 52 1.1
      vertex 35.7 52 1.2
    endloop
  endfacet
  facet normal 1 0 0
    outer loop
      vertex 35.1 52 1.1
      vertex 35.1 62 1.1
      vertex 35.1 62 1.2
    endloop
  endfacet
  facet normal 1 0 0
    outer loop
      vertex 35.1 52 1.1
      vertex 35.1 62 1.2
      vertex 35.1 52 1.2
    endloop
  endfacet
  facet normal 1 0 0
    outer loop
      vertex 35.1 62 1.1
      vertex 35.1 52 1.1
      vertex 35.1 62 0
    endloop
  endfacet
  facet normal 1 0 0
    outer loop
      vertex 35.1 62 0
      vertex 35.1 52 1.1
      vertex 35.1 52 0
    endloop
  endfacet
  facet normal -1 0 0
    outer loop
      vertex 37.3 52 0
      vertex 37.3 62 1.1
      vertex 37.3 62 0
    endloop
  endfacet
  facet normal -1 0 0
    outer loop
      vertex 37.3 52 1.1
      vertex 37.3 62 1.1
      vertex 37.3 52 0
    endloop
  endfacet
  facet normal -1 0 0
    outer loop
      vertex 37.3 62 1.1
      vertex 37.3 52 1.1
      vertex 37.3 62 1.2
    endloop
  endfacet
  facet normal -1 -0 0
    outer loop
      vertex 37.3 62 1.2
      vertex 37.3 52 1.1
      vertex 37.3 52 1.2
    endloop
  endfacet
  facet normal 1 0 0
    outer loop
      vertex 36.7 52 1.1
      vertex 36.7 62 1.1
      vertex 36.7 62 1.2
    endloop
  endfacet
  facet normal 1 0 0
    outer loop
      vertex 36.7 52 1.1
      vertex 36.7 62 1.2
      vertex 36.7 52 1.2
    endloop
  endfacet
  facet normal 1 0 0
    outer loop
      vertex 36.7 62 1.1
      vertex 36.7 52 1.1
      vertex 36.7 62 0
    endloop
  endfacet
  facet normal 1 0 0
    outer loop
      vertex 36.7 62 0
      vertex 36.7 52 1.1
      vertex 36.7 52 0
    endloop
  endfacet
  facet normal -1 0 0
    outer loop
      vertex 38.9 52 0
      vertex 38.9 62 1.1
      vertex 38.9 62 0
    endloop
  endfacet
  facet normal -1 0 0
    outer loop
      vertex 38.9 52 1.1
      vertex 38.9 62 1.1
      vertex 38.9 52 0
    endloop
  endfacet
  facet normal -1 0 0
    outer loop
      vertex 38.9 62 1.1
      vertex 38.9 52 1.1
      vertex 38.9 62 1.2
    endloop
  endfacet
  facet normal -1 -0 0
    outer loop
      vertex 38.9 62 1.2
      vertex 38.9 52 1.1
      vertex 38.9 52 1.2
    endloop
  endfacet
  facet normal 1 0 0
    outer loop
      vertex 38.3 52 1.1
      vertex 38.3 62 1.1
      vertex 38.3 62 1.2
    endloop
  endfacet
  facet normal 1 0 0
    outer loop
      vertex 38.3 52 1.1
      vertex 38.3 62 1.2
      vertex 38.3 52 1.2
    endloop
  endfacet
  facet normal 1 0 0
    outer loop
      vertex 38.3 62 1.1
      vertex 38.3 52 1.1
      vertex 38.3 62 0
    endloop
  endfacet
  facet normal 1 0 0
    outer loop
      vertex 38.3 62 0
      vertex 38.3 52 1.1
      vertex 38.3 52 0
    endloop
  endfacet
  facet normal -1 0 0
    outer loop
      vertex 40.5 52 0
      vertex 40.5 62 1.1
      vertex 40.5 62 0
    endloop
  endfacet
  facet normal -1 0 0
    outer loop
      vertex 40.5 52 1.1
      vertex 40.5 62 1.1
      vertex 40.5 52 0
    endloop
  endfacet
  facet normal -1 0 0
    outer loop
      vertex 40.5 62 1.1
      vertex 40.5 52 1.1
      vertex 40.5 62 1.2
    endloop
  endfacet
  facet normal -1 -0 0
    outer loop
      vertex 40.5 62 1.2
      vertex 40.5 52 1.1
      vertex 40.5 52 1.2
    endloop
  endfacet
  facet normal 1 0 0
    outer loop
      vertex 39.9 52 1.1
      vertex 39.9 62 1.1
      vertex 39.9 62 1.2
    endloop
  endfacet
  facet normal 1 0 0
    outer loop
      vertex 39.9 52 1.1
      vertex 39.9 62 1.2
      vertex 39.9 52 1.2
    endloop
  endfacet
  facet normal 1 0 0
    outer loop
      vertex 39.9 62 1.1
      vertex 39.9 52 1.1
      vertex 39.9 62 0
    endloop
  endfacet
  facet normal 1 0 0
    outer loop
      vertex 39.9 62 0
      vertex 39.9 52 1.1
      vertex 39.9 52 0
    endloop
  endfacet
  facet normal -1 0 0
    outer loop
      vertex 42.1 52 0
      vertex 42.1 62 1.1
      vertex 42.1 62 0
    endloop
  endfacet
  facet normal -1 0 0
    outer loop
      vertex 42.1 52 1.1
      vertex 42.1 62 1.1
      vertex 42.1 52 0
    endloop
  endfacet
  facet normal -1 0 0
    outer loop
      vertex 42.1 62 1.1
      vertex 42.1 52 1.1
      vertex 42.1 62 1.2
    endloop
  endfacet
  facet normal -1 -0 0
    outer loop
      vertex 42.1 62 1.2
      vertex 42.1 52 1.1
      vertex 42.1 52 1.2
    endloop
  endfacet
  facet normal 1 0 0
    outer loop
      vertex 41.5 52 1.1
      vertex 41.5 62 1.1
      vertex 41.5 62 1.2
    endloop
  endfacet
  facet normal 1 0 0
    outer loop
      vertex 41.5 52 1.1
      vertex 41.5 62 1.2
      vertex 41.5 52 1.2
    endloop
  endfacet
  facet normal 1 0 0
    outer loop
      vertex 41.5 62 1.1
      vertex 41.5 52 1.1
      vertex 41.5 62 0
    endloop
  endfacet
  facet normal 1 0 0
    outer loop
      vertex 41.5 62 0
      vertex 41.5 52 1.1
      vertex 41.5 52 0
    endloop
  endfacet
  facet normal -1 0 0
    outer loop
      vertex 43.7 52 0
      vertex 43.7 62 1.1
      vertex 43.7 62 0
    endloop
  endfacet
  facet normal -1 0 0
    outer loop
      vertex 43.7 52 1.1
      vertex 43.7 62 1.1
      vertex 43.7 52 0
    endloop
  endfacet
  facet normal -1 0 0
    outer loop
      vertex 43.7 62 1.1
      vertex 43.7 52 1.1
      vertex 43.7 62 1.2
    endloop
  endfacet
  facet normal -1 -0 0
    outer loop
      vertex 43.7 62 1.2
      vertex 43.7 52 1.1
      vertex 43.7 52 1.2
    endloop
  endfacet
  facet normal 1 0 0
    outer loop
      vertex 43.1 52 1.1
      vertex 43.1 62 1.1
      vertex 43.1 62 1.2
    endloop
  endfacet
  facet normal 1 0 0
    outer loop
      vertex 43.1 52 1.1
      vertex 43.1 62 1.2
      vertex 43.1 52 1.2
    endloop
  endfacet
  facet normal 1 0 0
    outer loop
      vertex 43.1 62 1.1
      vertex 43.1 52 1.1
      vertex 43.1 62 0
    endloop
  endfacet
  facet normal 1 0 0
    outer loop
      vertex 43.1 62 0
      vertex 43.1 52 1.1
      vertex 43.1 52 0
    endloop
  endfacet
  facet normal -1 0 0
    outer loop
      vertex 45.3 52 0
      vertex 45.3 62 1.1
      vertex 45.3 62 0
    endloop
  endfacet
  facet normal -1 0 0
    outer loop
      vertex 45.3 52 1.1
      vertex 45.3 62 1.1
      vertex 45.3 52 0
    endloop
  endfacet
  facet normal -1 0 0
    outer loop
      vertex 45.3 62 1.1
      vertex 45.3 52 1.1
      vertex 45.3 62 1.2
    endloop
  endfacet
  facet normal -1 -0 0
    outer loop
      vertex 45.3 62 1.2
      vertex 45.3 52 1.1
      vertex 45.3 52 1.2
    endloop
  endfacet
  facet normal 1 0 0
    outer loop
      vertex 44.7 52 1.1
      vertex 44.7 62 1.1
      vertex 44.7 62 1.2
    endloop
  endfacet
  facet normal 1 0 0
    outer loop
      vertex 44.7 52 1.1
      vertex 44.7 62 1.2
      vertex 44.7 52 1.2
    endloop
  endfacet
  facet normal 1 0 0
    outer loop
      vertex 44.7 62 1.1
      vertex 44.7 52 1.1
      vertex 44.7 62 0
    endloop
  endfacet
  facet normal 1 0 0
    outer loop
      vertex 44.7 62 0
      vertex 44.7 52 1.1
      vertex 44.7 52 0
    endloop
  endfacet
  facet normal -1 0 0
    outer loop
      vertex 46.9 52 0
      vertex 46.9 62 1.1
      vertex 46.9 62 0
    endloop
  endfacet
  facet normal -1 0 0
    outer loop
      vertex 46.9 52 1.1
      vertex 46.9 62 1.1
      vertex 46.9 52 0
    endloop
  endfacet
  facet normal -1 0 0
    outer loop
      vertex 46.9 62 1.1
      vertex 46.9 52 1.1
      vertex 46.9 62 1.2
    endloop
  endfacet
  facet normal -1 -0 0
    outer loop
      vertex 46.9 62 1.2
      vertex 46.9 52 1.1
      vertex 46.9 52 1.2
    endloop
  endfacet
  facet normal 1 0 0
    outer loop
      vertex 46.3 52 1.1
      vertex 46.3 62 1.1
      vertex 46.3 62 1.2
    endloop
  endfacet
  facet normal 1 0 0
    outer loop
      vertex 46.3 52 1.1
      vertex 46.3 62 1.2
      vertex 46.3 52 1.2
    endloop
  endfacet
  facet normal 1 0 0
    outer loop
      vertex 46.3 62 1.1
      vertex 46.3 52 1.1
      vertex 46.3 62 0
    endloop
  endfacet
  facet normal 1 0 0
    outer loop
      vertex 46.3 62 0
      vertex 46.3 52 1.1
      vertex 46.3 52 0
    endloop
  endfacet
  facet normal -1 0 0
    outer loop
      vertex 48.5 52 0
      vertex 48.5 62 1.1
      vertex 48.5 62 0
    endloop
  endfacet
  facet normal -1 0 0
    outer loop
      vertex 48.5 52 1.1
      vertex 48.5 62 1.1
      vertex 48.5 52 0
    endloop
  endfacet
  facet normal -1 0 0
    outer loop
      vertex 48.5 62 1.1
      vertex 48.5 52 1.1
      vertex 48.5 62 1.2
    endloop
  endfacet
  facet normal -1 -0 0
    outer loop
      vertex 48.5 62 1.2
      vertex 48.5 52 1.1
      vertex 48.5 52 1.2
    endloop
  endfacet
  facet normal 1 0 0
    outer loop
      vertex 47.9 52 1.1
      vertex 47.9 62 1.1
      vertex 47.9 62 1.2
    endloop
  endfacet
  facet normal 1 0 0
    outer loop
      vertex 47.9 52 1.1
      vertex 47.9 62 1.2
      vertex 47.9 52 1.2
    endloop
  endfacet
  facet normal 1 0 0
    outer loop
      vertex 47.9 62 1.1
      vertex 47.9 52 1.1
      vertex 47.9 62 0
    endloop
  endfacet
  facet normal 1 0 0
    outer loop
      vertex 47.9 62 0
      vertex 47.9 52 1.1
      vertex 47.9 52 0
    endloop
  endfacet
  facet normal -1 0 0
    outer loop
      vertex 50.1 52 0
      vertex 50.1 62 1.1
      vertex 50.1 62 0
    endloop
  endfacet
  facet normal -1 0 0
    outer loop
      vertex 50.1 52 1.1
      vertex 50.1 62 1.1
      vertex 50.1 52 0
    endloop
  endfacet
  facet normal -1 0 0
    outer loop
      vertex 50.1 62 1.1
      vertex 50.1 52 1.1
      vertex 50.1 62 1.2
    endloop
  endfacet
  facet normal -1 -0 0
    outer loop
      vertex 50.1 62 1.2
      vertex 50.1 52 1.1
      vertex 50.1 52 1.2
    endloop
  endfacet
  facet normal 1 0 0
    outer loop
      vertex 49.5 52 1.1
      vertex 49.5 62 1.1
      vertex 49.5 62 1.2
    endloop
  endfacet
  facet normal 1 0 0
    outer loop
      vertex 49.5 52 1.1
      vertex 49.5 62 1.2
      vertex 49.5 52 1.2
    endloop
  endfacet
  facet normal 1 0 0
    outer loop
      vertex 49.5 62 1.1
      vertex 49.5 52 1.1
      vertex 49.5 62 0
    endloop
  endfacet
  facet normal 1 0 0
    outer loop
      vertex 49.5 62 0
      vertex 49.5 52 1.1
      vertex 49.5 52 0
    endloop
  endfacet
  facet normal -1 0 0
    outer loop
      vertex 51.7 52 0
      vertex 51.7 62 1.1
      vertex 51.7 62 0
    endloop
  endfacet
  facet normal -1 0 0
    outer loop
      vertex 51.7 52 1.1
      vertex 51.7 62 1.1
      vertex 51.7 52 0
    endloop
  endfacet
  facet normal -1 0 0
    outer loop
      vertex 51.7 62 1.1
      vertex 51.7 52 1.1
      vertex 51.7 62 1.2
    endloop
  endfacet
  facet normal -1 -0 0
    outer loop
      vertex 51.7 62 1.2
      vertex 51.7 52 1.1
      vertex 51.7 52 1.2
    endloop
  endfacet
  facet normal 1 0 0
    outer loop
      vertex 51.1 52 1.1
      vertex 51.1 62 1.1
      vertex 51.1 62 1.2
    endloop
  endfacet
  facet normal 1 0 0
    outer loop
      vertex 51.1 52 1.1
      vertex 51.1 62 1.2
      vertex 51.1 52 1.2
    endloop
  endfacet
  facet normal 1 0 0
    outer loop
      vertex 51.1 62 1.1
      vertex 51.1 52 1.1
      vertex 51.1 62 0
    endloop
  endfacet
  facet normal 1 0 0
    outer loop
      vertex 51.1 62 0
      vertex 51.1 52 1.1
      vertex 51.1 52 0
    endloop
  endfacet
  facet normal -1 0 0
    outer loop
      vertex 53.3 52 0
      vertex 53.3 62 1.1
      vertex 53.3 62 0
    endloop
  endfacet
  facet normal -1 0 0
    outer loop
      vertex 53.3 52 1.1
      vertex 53.3 62 1.1
      vertex 53.3 52 0
    endloop
  endfacet
  facet normal -1 0 0
    outer loop
      vertex 53.3 62 1.1
      vertex 53.3 52 1.1
      vertex 53.3 62 1.2
    endloop
  endfacet
  facet normal -1 -0 0
    outer loop
      vertex 53.3 62 1.2
      vertex 53.3 52 1.1
      vertex 53.3 52 1.2
    endloop
  endfacet
  facet normal 1 0 0
    outer loop
      vertex 52.7 52 1.1
      vertex 52.7 62 1.1
      vertex 52.7 62 1.2
    endloop
  endfacet
  facet normal 1 0 0
    outer loop
      vertex 52.7 52 1.1
      vertex 52.7 62 1.2
      vertex 52.7 52 1.2
    endloop
  endfacet
  facet normal 1 0 0
    outer loop
      vertex 52.7 62 1.1
      vertex 52.7 52 1.1
      vertex 52.7 62 0
    endloop
  endfacet
  facet normal 1 0 0
    outer loop
      vertex 52.7 62 0
      vertex 52.7 52 1.1
      vertex 52.7 52 0
    endloop
  endfacet
  facet normal -1 0 0
    outer loop
      vertex 54.9 52 0
      vertex 54.9 62 1.1
      vertex 54.9 62 0
    endloop
  endfacet
  facet normal -1 0 0
    outer loop
      vertex 54.9 52 1.1
      vertex 54.9 62 1.1
      vertex 54.9 52 0
    endloop
  endfacet
  facet normal -1 0 0
    outer loop
      vertex 54.9 62 1.1
      vertex 54.9 52 1.1
      vertex 54.9 62 1.2
    endloop
  endfacet
  facet normal -1 -0 0
    outer loop
      vertex 54.9 62 1.2
      vertex 54.9 52 1.1
      vertex 54.9 52 1.2
    endloop
  endfacet
  facet normal 1 0 0
    outer loop
      vertex 54.3 52 1.1
      vertex 54.3 62 1.1
      vertex 54.3 62 1.2
    endloop
  endfacet
  facet normal 1 0 0
    outer loop
      vertex 54.3 52 1.1
      vertex 54.3 62 1.2
      vertex 54.3 52 1.2
    endloop
  endfacet
  facet normal 1 0 0
    outer loop
      vertex 54.3 62 1.1
      vertex 54.3 52 1.1
      vertex 54.3 62 0
    endloop
  endfacet
  facet normal 1 0 0
    outer loop
      vertex 54.3 62 0
      vertex 54.3 52 1.1
      vertex 54.3 52 0
    endloop
  endfacet
  facet normal -1 0 0
    outer loop
      vertex 56.5 52 0
      vertex 56.5 62 1.1
      vertex 56.5 62 0
    endloop
  endfacet
  facet normal -1 0 0
    outer loop
      vertex 56.5 52 1.1
      vertex 56.5 62 1.1
      vertex 56.5 52 0
    endloop
  endfacet
  facet normal -1 0 0
    outer loop
      vertex 56.5 62 1.1
      vertex 56.5 52 1.1
      vertex 56.5 62 1.2
    endloop
  endfacet
  facet normal -1 -0 0
    outer loop
      vertex 56.5 62 1.2
      vertex 56.5 52 1.1
      vertex 56.5 52 1.2
    endloop
  endfacet
  facet normal 1 0 0
    outer loop
      vertex 55.9 52 1.1
      vertex 55.9 62 1.1
      vertex 55.9 62 1.2
    endloop
  endfacet
  facet normal 1 0 0
    outer loop
      vertex 55.9 52 1.1
      vertex 55.9 62 1.2
      vertex 55.9 52 1.2
    endloop
  endfacet
  facet normal 1 0 0
    outer loop
      vertex 55.9 62 1.1
      vertex 55.9 52 1.1
      vertex 55.9 62 0
    endloop
  endfacet
  facet normal 1 0 0
    outer loop
      vertex 55.9 62 0
      vertex 55.9 52 1.1
      vertex 55.9 52 0
    endloop
  endfacet
  facet normal -1 0 0
    outer loop
      vertex 58.1 52 0
      vertex 58.1 62 1.1
      vertex 58.1 62 0
    endloop
  endfacet
  facet normal -1 0 0
    outer loop
      vertex 58.1 52 1.1
      vertex 58.1 62 1.1
      vertex 58.1 52 0
    endloop
  endfacet
  facet normal -1 0 0
    outer loop
      vertex 58.1 62 1.1
      vertex 58.1 52 1.1
      vertex 58.1 62 1.2
    endloop
  endfacet
  facet normal -1 -0 0
    outer loop
      vertex 58.1 62 1.2
      vertex 58.1 52 1.1
      vertex 58.1 52 1.2
    endloop
  endfacet
  facet normal 1 0 0
    outer loop
      vertex 57.5 52 1.1
      vertex 57.5 62 1.1
      vertex 57.5 62 1.2
    endloop
  endfacet
  facet normal 1 0 0
    outer loop
      vertex 57.5 52 1.1
      vertex 57.5 62 1.2
      vertex 57.5 52 1.2
    endloop
  endfacet
  facet normal 1 0 0
    outer loop
      vertex 57.5 62 1.1
      vertex 57.5 52 1.1
      vertex 57.5 62 0
    endloop
  endfacet
  facet normal 1 0 0
    outer loop
      vertex 57.5 62 0
      vertex 57.5 52 1.1
      vertex 57.5 52 0
    endloop
  endfacet
  facet normal -1 0 0
    outer loop
      vertex 59.7 52 0
      vertex 59.7 62 1.1
      vertex 59.7 62 0
    endloop
  endfacet
  facet normal -1 0 0
    outer loop
      vertex 59.7 52 1.1
      vertex 59.7 62 1.1
      vertex 59.7 52 0
    endloop
  endfacet
  facet normal -1 0 0
    outer loop
      vertex 59.7 62 1.1
      vertex 59.7 52 1.1
      vertex 59.7 62 1.2
    endloop
  endfacet
  facet normal -1 -0 0
    outer loop
      vertex 59.7 62 1.2
      vertex 59.7 52 1.1
      vertex 59.7 52 1.2
    endloop
  endfacet
  facet normal 1 0 0
    outer loop
      vertex 59.1 52 1.1
      vertex 59.1 62 1.1
      vertex 59.1 62 1.2
    endloop
  endfacet
  facet normal 1 0 0
    outer loop
      vertex 59.1 52 1.1
      vertex 59.1 62 1.2
      vertex 59.1 52 1.2
    endloop
  endfacet
  facet normal 1 0 0
    outer loop
      vertex 59.1 62 1.1
      vertex 59.1 52 1.1
      vertex 59.1 62 0
    endloop
  endfacet
  facet normal 1 0 0
    outer loop
      vertex 59.1 62 0
      vertex 59.1 52 1.1
      vertex 59.1 52 0
    endloop
  endfacet
  facet normal -1 0 0
    outer loop
      vertex 61.3 52 0
      vertex 61.3 62 1.1
      vertex 61.3 62 0
    endloop
  endfacet
  facet normal -1 0 0
    outer loop
      vertex 61.3 52 1.1
      vertex 61.3 62 1.1
      vertex 61.3 52 0
    endloop
  endfacet
  facet normal -1 0 0
    outer loop
      vertex 61.3 62 1.1
      vertex 61.3 52 1.1
      vertex 61.3 62 1.2
    endloop
  endfacet
  facet normal -1 -0 0
    outer loop
      vertex 61.3 62 1.2
      vertex 61.3 52 1.1
      vertex 61.3 52 1.2
    endloop
  endfacet
  facet normal 1 0 0
    outer loop
      vertex 60.7 52 1.1
      vertex 60.7 62 1.1
      vertex 60.7 62 1.2
    endloop
  endfacet
  facet normal 1 0 0
    outer loop
      vertex 60.7 52 1.1
      vertex 60.7 62 1.2
      vertex 60.7 52 1.2
    endloop
  endfacet
  facet normal 1 0 0
    outer loop
      vertex 60.7 62 1.1
      vertex 60.7 52 1.1
      vertex 60.7 62 0
    endloop
  endfacet
  facet normal 1 0 0
    outer loop
      vertex 60.7 62 0
      vertex 60.7 52 1.1
      vertex 60.7 52 0
    endloop
  endfacet
  facet normal 1 -0 0
    outer loop
      vertex 66 48 1.2
      vertex 66 66 0
      vertex 66 66 1.2
    endloop
  endfacet
  facet normal 1 0 0
    outer loop
      vertex 66 66 0
      vertex 66 48 1.2
      vertex 66 48 0
    endloop
  endfacet
  facet normal 0 0 1
    outer loop
      vertex 66 66 1.2
      vertex 64 64 1.2
      vertex 66 48 1.2
    endloop
  endfacet
  facet normal 0 0 1
    outer loop
      vertex 66 66 1.2
      vertex 2 64 1.2
      vertex 64 64 1.2
    endloop
  endfacet
  facet normal 0 0 1
    outer loop
      vertex 2 64 1.2
      vertex 0 66 1.2
      vertex 2 50 1.2
    endloop
  endfacet
  facet normal -0 0 1
    outer loop
      vertex 0 66 1.2
      vertex 2 64 1.2
      vertex 66 66 1.2
    endloop
  endfacet
  facet normal -0 0 1
    outer loop
      vertex 64 50 1.2
      vertex 66 48 1.2
      vertex 64 64 1.2
    endloop
  endfacet
  facet normal -0 0 1
    outer loop
      vertex 2 50 1.2
      vertex 66 48 1.2
      vertex 64 50 1.2
    endloop
  endfacet
  facet normal 0 0 1
    outer loop
      vertex 2 50 1.2
      vertex 0 48 1.2
      vertex 66 48 1.2
    endloop
  endfacet
  facet normal 0 0 1
    outer loop
      vertex 0 48 1.2
      vertex 2 50 1.2
      vertex 0 66 1.2
    endloop
  endfacet
  facet normal -0 0 1
    outer loop
      vertex 4 62 1.2
      vertex 4.7 52 1.2
      vertex 4.7 62 1.2
    endloop
  endfacet
  facet normal 0 0 1
    outer loop
      vertex 4.7 52 1.2
      vertex 4 62 1.2
      vertex 4 52 1.2
    endloop
  endfacet
  facet normal -0 0 1
    outer loop
      vertex 5.3 62 1.2
      vertex 6.3 52 1.2
      vertex 6.3 62 1.2
    endloop
  endfacet
  facet normal 0 0 1
    outer loop
      vertex 6.3 52 1.2
      vertex 5.3 62 1.2
      vertex 5.3 52 1.2
    endloop
  endfacet
  facet normal -0 0 1
    outer loop
      vertex 6.9 62 1.2
      vertex 7.9 52 1.2
      vertex 7.9 62 1.2
    endloop
  endfacet
  facet normal 0 0 1
    outer loop
      vertex 7.9 52 1.2
      vertex 6.9 62 1.2
      vertex 6.9 52 1.2
    endloop
  endfacet
  facet normal -0 0 1
    outer loop
      vertex 8.5 62 1.2
      vertex 9.5 52 1.2
      vertex 9.5 62 1.2
    endloop
  endfacet
  facet normal 0 0 1
    outer loop
      vertex 9.5 52 1.2
      vertex 8.5 62 1.2
      vertex 8.5 52 1.2
    endloop
  endfacet
  facet normal -0 0 1
    outer loop
      vertex 10.1 62 1.2
      vertex 11.1 52 1.2
      vertex 11.1 62 1.2
    endloop
  endfacet
  facet normal 0 0 1
    outer loop
      vertex 11.1 52 1.2
      vertex 10.1 62 1.2
      vertex 10.1 52 1.2
    endloop
  endfacet
  facet normal -0 0 1
    outer loop
      vertex 11.7 62 1.2
      vertex 12.7 52 1.2
      vertex 12.7 62 1.2
    endloop
  endfacet
  facet normal 0 0 1
    outer loop
      vertex 12.7 52 1.2
      vertex 11.7 62 1.2
      vertex 11.7 52 1.2
    endloop
  endfacet
  facet normal -0 0 1
    outer loop
      vertex 13.3 62 1.2
      vertex 14.3 52 1.2
      vertex 14.3 62 1.2
    endloop
  endfacet
  facet normal 0 0 1
    outer loop
      vertex 14.3 52 1.2
      vertex 13.3 62 1.2
      vertex 13.3 52 1.2
    endloop
  endfacet
  facet normal -0 0 1
    outer loop
      vertex 14.9 62 1.2
      vertex 15.9 52 1.2
      vertex 15.9 62 1.2
    endloop
  endfacet
  facet normal 0 0 1
    outer loop
      vertex 15.9 52 1.2
      vertex 14.9 62 1.2
      vertex 14.9 52 1.2
    endloop
  endfacet
  facet normal -0 0 1
    outer loop
      vertex 16.5 62 1.2
      vertex 17.5 52 1.2
      vertex 17.5 62 1.2
    endloop
  endfacet
  facet normal 0 0 1
    outer loop
      vertex 17.5 52 1.2
      vertex 16.5 62 1.2
      vertex 16.5 52 1.2
    endloop
  endfacet
  facet normal -0 0 1
    outer loop
      vertex 18.1 62 1.2
      vertex 19.1 52 1.2
      vertex 19.1 62 1.2
    endloop
  endfacet
  facet normal 0 0 1
    outer loop
      vertex 19.1 52 1.2
      vertex 18.1 62 1.2
      vertex 18.1 52 1.2
    endloop
  endfacet
  facet normal -0 0 1
    outer loop
      vertex 19.7 62 1.2
      vertex 20.7 52 1.2
      vertex 20.7 62 1.2
    endloop
  endfacet
  facet normal 0 0 1
    outer loop
      vertex 20.7 52 1.2
      vertex 19.7 62 1.2
      vertex 19.7 52 1.2
    endloop
  endfacet
  facet normal -0 0 1
    outer loop
      vertex 21.3 62 1.2
      vertex 22.3 52 1.2
      vertex 22.3 62 1.2
    endloop
  endfacet
  facet normal 0 0 1
    outer loop
      vertex 22.3 52 1.2
      vertex 21.3 62 1.2
      vertex 21.3 52 1.2
    endloop
  endfacet
  facet normal -0 0 1
    outer loop
      vertex 22.9 62 1.2
      vertex 23.9 52 1.2
      vertex 23.9 62 1.2
    endloop
  endfacet
  facet normal 0 0 1
    outer loop
      vertex 23.9 52 1.2
      vertex 22.9 62 1.2
      vertex 22.9 52 1.2
    endloop
  endfacet
  facet normal -0 0 1
    outer loop
      vertex 24.5 62 1.2
      vertex 25.5 52 1.2
      vertex 25.5 62 1.2
    endloop
  endfacet
  facet normal 0 0 1
    outer loop
      vertex 25.5 52 1.2
      vertex 24.5 62 1.2
      vertex 24.5 52 1.2
    endloop
  endfacet
  facet normal -0 0 1
    outer loop
      vertex 26.1 62 1.2
      vertex 27.1 52 1.2
      vertex 27.1 62 1.2
    endloop
  endfacet
  facet normal 0 0 1
    outer loop
      vertex 27.1 52 1.2
      vertex 26.1 62 1.2
      vertex 26.1 52 1.2
    endloop
  endfacet
  facet normal -0 0 1
    outer loop
      vertex 27.7 62 1.2
      vertex 28.7 52 1.2
      vertex 28.7 62 1.2
    endloop
  endfacet
  facet normal 0 0 1
    outer loop
      vertex 28.7 52 1.2
      vertex 27.7 62 1.2
      vertex 27.7 52 1.2
    endloop
  endfacet
  facet normal -0 0 1
    outer loop
      vertex 29.3 62 1.2
      vertex 30.3 52 1.2
      vertex 30.3 62 1.2
    endloop
  endfacet
  facet normal 0 0 1
    outer loop
      vertex 30.3 52 1.2
      vertex 29.3 62 1.2
      vertex 29.3 52 1.2
    endloop
  endfacet
  facet normal -0 0 1
    outer loop
      vertex 30.9 62 1.2
      vertex 31.9 52 1.2
      vertex 31.9 62 1.2
    endloop
  endfacet
  facet normal 0 0 1
    outer loop
      vertex 31.9 52 1.2
      vertex 30.9 62 1.2
      vertex 30.9 52 1.2
    endloop
  endfacet
  facet normal -0 0 1
    outer loop
      vertex 32.5 62 1.2
      vertex 33.5 52 1.2
      vertex 33.5 62 1.2
    endloop
  endfacet
  facet normal 0 0 1
    outer loop
      vertex 33.5 52 1.2
      vertex 32.5 62 1.2
      vertex 32.5 52 1.2
    endloop
  endfacet
  facet normal -0 0 1
    outer loop
      vertex 34.1 62 1.2
      vertex 35.1 52 1.2
      vertex 35.1 62 1.2
    endloop
  endfacet
  facet normal 0 0 1
    outer loop
      vertex 35.1 52 1.2
      vertex 34.1 62 1.2
      vertex 34.1 52 1.2
    endloop
  endfacet
  facet normal -0 0 1
    outer loop
      vertex 35.7 62 1.2
      vertex 36.7 52 1.2
      vertex 36.7 62 1.2
    endloop
  endfacet
  facet normal 0 0 1
    outer loop
      vertex 36.7 52 1.2
      vertex 35.7 62 1.2
      vertex 35.7 52 1.2
    endloop
  endfacet
  facet normal -0 0 1
    outer loop
      vertex 37.3 62 1.2
      vertex 38.3 52 1.2
      vertex 38.3 62 1.2
    endloop
  endfacet
  facet normal 0 0 1
    outer loop
      vertex 38.3 52 1.2
      vertex 37.3 62 1.2
      vertex 37.3 52 1.2
    endloop
  endfacet
  facet normal -0 0 1
    outer loop
      vertex 38.9 62 1.2
      vertex 39.9 52 1.2
      vertex 39.9 62 1.2
    endloop
  endfacet
  facet normal 0 0 1
    outer loop
      vertex 39.9 52 1.2
      vertex 38.9 62 1.2
      vertex 38.9 52 1.2
    endloop
  endfacet
  facet normal -0 0 1
    outer loop
      vertex 40.5 62 1.2
      vertex 41.5 52 1.2
      vertex 41.5 62 1.2
    endloop
  endfacet
  facet normal 0 0 1
    outer loop
      vertex 41.5 52 1.2
      vertex 40.5 62 1.2
      vertex 40.5 52 1.2
    endloop
  endfacet
  facet normal -0 0 1
    outer loop
      vertex 42.1 62 1.2
      vertex 43.1 52 1.2
      vertex 43.1 62 1.2
    endloop
  endfacet
  facet normal 0 0 1
    outer loop
      vertex 43.1 52 1.2
      vertex 42.1 62 1.2
      vertex 42.1 52 1.2
    endloop
  endfacet
  facet normal -0 0 1
    outer loop
      vertex 43.7 62 1.2
      vertex 44.7 52 1.2
      vertex 44.7 62 1.2
    endloop
  endfacet
  facet normal 0 0 1
    outer loop
      vertex 44.7 52 1.2
      vertex 43.7 62 1.2
      vertex 43.7 52 1.2
    endloop
  endfacet
  facet normal -0 0 1
    outer loop
      vertex 45.3 62 1.2
      vertex 46.3 52 1.2
      vertex 46.3 62 1.2
    endloop
  endfacet
  facet normal 0 0 1
    outer loop
      vertex 46.3 52 1.2
      vertex 45.3 62 1.2
      vertex 45.3 52 1.2
    endloop
  endfacet
  facet normal -0 0 1
    outer loop
      vertex 46.9 62 1.2
      vertex 47.9 52 1.2
      vertex 47.9 62 1.2
    endloop
  endfacet
  facet normal 0 0 1
    outer loop
      vertex 47.9 52 1.2
      vertex 46.9 62 1.2
      vertex 46.9 52 1.2
    endloop
  endfacet
  facet normal -0 0 1
    outer loop
      vertex 48.5 62 1.2
      vertex 49.5 52 1.2
      vertex 49.5 62 1.2
    endloop
  endfacet
  facet normal 0 0 1
    outer loop
      vertex 49.5 52 1.2
      vertex 48.5 62 1.2
      vertex 48.5 52 1.2
    endloop
  endfacet
  facet normal -0 0 1
    outer loop
      vertex 50.1 62 1.2
      vertex 51.1 52 1.2
      vertex 51.1 62 1.2
    endloop
  endfacet
  facet normal 0 0 1
    outer loop
      vertex 51.1 52 1.2
      vertex 50.1 62 1.2
      vertex 50.1 52 1.2
    endloop
  endfacet
  facet normal -0 0 1
    outer loop
      vertex 51.7 62 1.2
      vertex 52.7 52 1.2
      vertex 52.7 62 1.2
    endloop
  endfacet
  facet normal 0 0 1
    outer loop
      vertex 52.7 52 1.2
      vertex 51.7 62 1.2
      vertex 51.7 52 1.2
    endloop
  endfacet
  facet normal -0 0 1
    outer loop
      vertex 53.3 62 1.2
      vertex 54.3 52 1.2
      vertex 54.3 62 1.2
    endloop
  endfacet
  facet normal 0 0 1
    outer loop
      vertex 54.3 52 1.2
      vertex 53.3 62 1.2
      vertex 53.3 52 1.2
    endloop
  endfacet
  facet normal -0 0 1
    outer loop
      vertex 54.9 62 1.2
      vertex 55.9 52 1.2
      vertex 55.9 62 1.2
    endloop
  endfacet
  facet normal 0 0 1
    outer loop
      vertex 55.9 52 1.2
      vertex 54.9 62 1.2
      vertex 54.9 52 1.2
    endloop
  endfacet
  facet normal -0 0 1
    outer loop
      vertex 56.5 62 1.2
      vertex 57.5 52 1.2
      vertex 57.5 62 1.2
    endloop
  endfacet
  facet normal 0 0 1
    outer loop
      vertex 57.5 52 1.2
      vertex 56.5 62 1.2
      vertex 56.5 52 1.2
    endloop
  endfacet
  facet normal -0 0 1
    outer loop
      vertex 58.1 62 1.2
      vertex 59.1 52 1.2
      vertex 59.1 62 1.2
    endloop
  endfacet
  facet normal 0 0 1
    outer loop
      vertex 59.1 52 1.2
      vertex 58.1 62 1.2
      vertex 58.1 52 1.2
    endloop
  endfacet
  facet normal -0 0 1
    outer loop
      vertex 59.7 62 1.2
      vertex 60.7 52 1.2
      vertex 60.7 62 1.2
    endloop
  endfacet
  facet normal 0 0 1
    outer loop
      vertex 60.7 52 1.2
      vertex 59.7 62 1.2
      vertex 59.7 52 1.2
    endloop
  endfacet
  facet normal -0 0 1
    outer loop
      vertex 61.3 62 1.2
      vertex 62 52 1.2
      vertex 62 62 1.2
    endloop
  endfacet
  facet normal 0 0 1
    outer loop
      vertex 62 52 1.2
      vertex 61.3 62 1.2
      vertex 61.3 52 1.2
    endloop
  endfacet
  facet normal 0 0 -1
    outer loop
      vertex 66 48 0
      vertex 61.3 52 0
      vertex 66 66 0
    endloop
  endfacet
  facet normal 0 0 -1
    outer loop
      vertex 66 48 0
      vertex 60.7 52 0
      vertex 61.3 52 0
    endloop
  endfacet
  facet normal 0 0 -1
    outer loop
      vertex 60.7 52 0
      vertex 59.7 52 0
      vertex 60.7 62 0
    endloop
  endfacet
  facet normal 0 0 -1
    outer loop
      vertex 66 48 0
      vertex 59.7 52 0
      vertex 60.7 52 0
    endloop
  endfacet
  facet normal 0 0 -1
    outer loop
      vertex 66 48 0
      vertex 59.1 52 0
      vertex 59.7 52 0
    endloop
  endfacet
  facet normal 0 0 -1
    outer loop
      vertex 59.1 52 0
      vertex 58.1 52 0
      vertex 59.1 62 0
    endloop
  endfacet
  facet normal 0 0 -1
    outer loop
      vertex 66 48 0
      vertex 58.1 52 0
      vertex 59.1 52 0
    endloop
  endfacet
  facet normal 0 0 -1
    outer loop
      vertex 66 48 0
      vertex 57.5 52 0
      vertex 58.1 52 0
    endloop
  endfacet
  facet normal 0 0 -1
    outer loop
      vertex 57.5 52 0
      vertex 56.5 52 0
      vertex 57.5 62 0
    endloop
  endfacet
  facet normal 0 0 -1
    outer loop
      vertex 66 48 0
      vertex 56.5 52 0
      vertex 57.5 52 0
    endloop
  endfacet
  facet normal 0 0 -1
    outer loop
      vertex 66 48 0
      vertex 55.9 52 0
      vertex 56.5 52 0
    endloop
  endfacet
  facet normal 0 0 -1
    outer loop
      vertex 55.9 52 0
      vertex 54.9 52 0
      vertex 55.9 62 0
    endloop
  endfacet
  facet normal 0 0 -1
    outer loop
      vertex 66 48 0
      vertex 54.9 52 0
      vertex 55.9 52 0
    endloop
  endfacet
  facet normal 0 0 -1
    outer loop
      vertex 66 48 0
      vertex 54.3 52 0
      vertex 54.9 52 0
    endloop
  endfacet
  facet normal 0 0 -1
    outer loop
      vertex 54.3 52 0
      vertex 53.3 52 0
      vertex 54.3 62 0
    endloop
  endfacet
  facet normal 0 0 -1
    outer loop
      vertex 66 48 0
      vertex 53.3 52 0
      vertex 54.3 52 0
    endloop
  endfacet
  facet normal 0 0 -1
    outer loop
      vertex 66 48 0
      vertex 52.7 52 0
      vertex 53.3 52 0
    endloop
  endfacet
  facet normal 0 0 -1
    outer loop
      vertex 52.7 52 0
      vertex 51.7 52 0
      vertex 52.7 62 0
    endloop
  endfacet
  facet normal 0 0 -1
    outer loop
      vertex 66 48 0
      vertex 51.7 52 0
      vertex 52.7 52 0
    endloop
  endfacet
  facet normal 0 0 -1
    outer loop
      vertex 66 48 0
      vertex 51.1 52 0
      vertex 51.7 52 0
    endloop
  endfacet
  facet normal 0 0 -1
    outer loop
      vertex 51.1 52 0
      vertex 50.1 52 0
      vertex 51.1 62 0
    endloop
  endfacet
  facet normal 0 0 -1
    outer loop
      vertex 66 48 0
      vertex 50.1 52 0
      vertex 51.1 52 0
    endloop
  endfacet
  facet normal 0 0 -1
    outer loop
      vertex 66 48 0
      vertex 49.5 52 0
      vertex 50.1 52 0
    endloop
  endfacet
  facet normal 0 0 -1
    outer loop
      vertex 49.5 52 0
      vertex 48.5 52 0
      vertex 49.5 62 0
    endloop
  endfacet
  facet normal 0 0 -1
    outer loop
      vertex 66 48 0
      vertex 48.5 52 0
      vertex 49.5 52 0
    endloop
  endfacet
  facet normal 0 0 -1
    outer loop
      vertex 66 48 0
      vertex 47.9 52 0
      vertex 48.5 52 0
    endloop
  endfacet
  facet normal 0 0 -1
    outer loop
      vertex 47.9 52 0
      vertex 46.9 52 0
      vertex 47.9 62 0
    endloop
  endfacet
  facet normal 0 0 -1
    outer loop
      vertex 66 48 0
      vertex 46.9 52 0
      vertex 47.9 52 0
    endloop
  endfacet
  facet normal 0 0 -1
    outer loop
      vertex 66 48 0
      vertex 46.3 52 0
      vertex 46.9 52 0
    endloop
  endfacet
  facet normal 0 0 -1
    outer loop
      vertex 46.3 52 0
      vertex 45.3 52 0
      vertex 46.3 62 0
    endloop
  endfacet
  facet normal 0 0 -1
    outer loop
      vertex 66 48 0
      vertex 45.3 52 0
      vertex 46.3 52 0
    endloop
  endfacet
  facet normal 0 0 -1
    outer loop
      vertex 66 48 0
      vertex 44.7 52 0
      vertex 45.3 52 0
    endloop
  endfacet
  facet normal 0 0 -1
    outer loop
      vertex 44.7 52 0
      vertex 43.7 52 0
      vertex 44.7 62 0
    endloop
  endfacet
  facet normal 0 0 -1
    outer loop
      vertex 66 48 0
      vertex 43.7 52 0
      vertex 44.7 52 0
    endloop
  endfacet
  facet normal 0 0 -1
    outer loop
      vertex 66 48 0
      vertex 43.1 52 0
      vertex 43.7 52 0
    endloop
  endfacet
  facet normal 0 0 -1
    outer loop
      vertex 43.1 52 0
      vertex 42.1 52 0
      vertex 43.1 62 0
    endloop
  endfacet
  facet normal 0 0 -1
    outer loop
      vertex 66 48 0
      vertex 42.1 52 0
      vertex 43.1 52 0
    endloop
  endfacet
  facet normal 0 0 -1
    outer loop
      vertex 66 48 0
      vertex 41.5 52 0
      vertex 42.1 52 0
    endloop
  endfacet
  facet normal 0 0 -1
    outer loop
      vertex 41.5 52 0
      vertex 40.5 52 0
      vertex 41.5 62 0
    endloop
  endfacet
  facet normal 0 0 -1
    outer loop
      vertex 66 48 0
      vertex 40.5 52 0
      vertex 41.5 52 0
    endloop
  endfacet
  facet normal 0 0 -1
    outer loop
      vertex 66 48 0
      vertex 39.9 52 0
      vertex 40.5 52 0
    endloop
  endfacet
  facet normal 0 0 -1
    outer loop
      vertex 39.9 52 0
      vertex 38.9 52 0
      vertex 39.9 62 0
    endloop
  endfacet
  facet normal 0 0 -1
    outer loop
      vertex 66 48 0
      vertex 38.9 52 0
      vertex 39.9 52 0
    endloop
  endfacet
  facet normal 0 0 -1
    outer loop
      vertex 66 48 0
      vertex 38.3 52 0
      vertex 38.9 52 0
    endloop
  endfacet
  facet normal 0 0 -1
    outer loop
      vertex 38.3 52 0
      vertex 37.3 52 0
      vertex 38.3 62 0
    endloop
  endfacet
  facet normal 0 0 -1
    outer loop
      vertex 66 48 0
      vertex 37.3 52 0
      vertex 38.3 52 0
    endloop
  endfacet
  facet normal 0 0 -1
    outer loop
      vertex 66 48 0
      vertex 36.7 52 0
      vertex 37.3 52 0
    endloop
  endfacet
  facet normal 0 0 -1
    outer loop
      vertex 36.7 52 0
      vertex 35.7 52 0
      vertex 36.7 62 0
    endloop
  endfacet
  facet normal 0 0 -1
    outer loop
      vertex 66 48 0
      vertex 35.7 52 0
      vertex 36.7 52 0
    endloop
  endfacet
  facet normal 0 0 -1
    outer loop
      vertex 66 48 0
      vertex 35.1 52 0
      vertex 35.7 52 0
    endloop
  endfacet
  facet normal 0 0 -1
    outer loop
      vertex 35.1 52 0
      vertex 34.1 52 0
      vertex 35.1 62 0
    endloop
  endfacet
  facet normal 0 0 -1
    outer loop
      vertex 66 48 0
      vertex 34.1 52 0
      vertex 35.1 52 0
    endloop
  endfacet
  facet normal 0 0 -1
    outer loop
      vertex 66 48 0
      vertex 33.5 52 0
      vertex 34.1 52 0
    endloop
  endfacet
  facet normal 0 0 -1
    outer loop
      vertex 33.5 52 0
      vertex 32.5 52 0
      vertex 33.5 62 0
    endloop
  endfacet
  facet normal 0 0 -1
    outer loop
      vertex 66 48 0
      vertex 32.5 52 0
      vertex 33.5 52 0
    endloop
  endfacet
  facet normal 0 0 -1
    outer loop
      vertex 66 48 0
      vertex 31.9 52 0
      vertex 32.5 52 0
    endloop
  endfacet
  facet normal 0 0 -1
    outer loop
      vertex 31.9 52 0
      vertex 30.9 52 0
      vertex 31.9 62 0
    endloop
  endfacet
  facet normal 0 0 -1
    outer loop
      vertex 0 48 0
      vertex 31.9 52 0
      vertex 66 48 0
    endloop
  endfacet
  facet normal -0 0 -1
    outer loop
      vertex 31.9 52 0
      vertex 0 48 0
      vertex 30.9 52 0
    endloop
  endfacet
  facet normal 0 0 -1
    outer loop
      vertex 30.3 52 0
      vertex 29.3 52 0
      vertex 30.3 62 0
    endloop
  endfacet
  facet normal -0 0 -1
    outer loop
      vertex 30.9 52 0
      vertex 0 48 0
      vertex 30.3 52 0
    endloop
  endfacet
  facet normal -0 0 -1
    outer loop
      vertex 30.3 52 0
      vertex 0 48 0
      vertex 29.3 52 0
    endloop
  endfacet
  facet normal 0 0 -1
    outer loop
      vertex 28.7 52 0
      vertex 27.7 52 0
      vertex 28.7 62 0
    endloop
  endfacet
  facet normal -0 0 -1
    outer loop
      vertex 29.3 52 0
      vertex 0 48 0
      vertex 28.7 52 0
    endloop
  endfacet
  facet normal -0 0 -1
    outer loop
      vertex 28.7 52 0
      vertex 0 48 0
      vertex 27.7 52 0
    endloop
  endfacet
  facet normal 0 0 -1
    outer loop
      vertex 27.1 52 0
      vertex 26.1 52 0
      vertex 27.1 62 0
    endloop
  endfacet
  facet normal -0 0 -1
    outer loop
      vertex 27.7 52 0
      vertex 0 48 0
      vertex 27.1 52 0
    endloop
  endfacet
  facet normal -0 0 -1
    outer loop
      vertex 27.1 52 0
      vertex 0 48 0
      vertex 26.1 52 0
    endloop
  endfacet
  facet normal 0 0 -1
    outer loop
      vertex 25.5 52 0
      vertex 24.5 52 0
      vertex 25.5 62 0
    endloop
  endfacet
  facet normal -0 0 -1
    outer loop
      vertex 26.1 52 0
      vertex 0 48 0
      vertex 25.5 52 0
    endloop
  endfacet
  facet normal -0 0 -1
    outer loop
      vertex 25.5 52 0
      vertex 0 48 0
      vertex 24.5 52 0
    endloop
  endfacet
  facet normal 0 0 -1
    outer loop
      vertex 23.9 52 0
      vertex 22.9 52 0
      vertex 23.9 62 0
    endloop
  endfacet
  facet normal -0 0 -1
    outer loop
      vertex 24.5 52 0
      vertex 0 48 0
      vertex 23.9 52 0
    endloop
  endfacet
  facet normal -0 0 -1
    outer loop
      vertex 23.9 52 0
      vertex 0 48 0
      vertex 22.9 52 0
    endloop
  endfacet
  facet normal 0 0 -1
    outer loop
      vertex 22.3 52 0
      vertex 21.3 52 0
      vertex 22.3 62 0
    endloop
  endfacet
  facet normal -0 0 -1
    outer loop
      vertex 22.9 52 0
      vertex 0 48 0
      vertex 22.3 52 0
    endloop
  endfacet
  facet normal -0 0 -1
    outer loop
      vertex 22.3 52 0
      vertex 0 48 0
      vertex 21.3 52 0
    endloop
  endfacet
  facet normal 0 0 -1
    outer loop
      vertex 20.7 52 0
      vertex 19.7 52 0
      vertex 20.7 62 0
    endloop
  endfacet
  facet normal -0 0 -1
    outer loop
      vertex 21.3 52 0
      vertex 0 48 0
      vertex 20.7 52 0
    endloop
  endfacet
  facet normal -0 0 -1
    outer loop
      vertex 20.7 52 0
      vertex 0 48 0
      vertex 19.7 52 0
    endloop
  endfacet
  facet normal 0 0 -1
    outer loop
      vertex 19.1 52 0
      vertex 18.1 52 0
      vertex 19.1 62 0
    endloop
  endfacet
  facet normal -0 0 -1
    outer loop
      vertex 19.7 52 0
      vertex 0 48 0
      vertex 19.1 52 0
    endloop
  endfacet
  facet normal -0 0 -1
    outer loop
      vertex 19.1 52 0
      vertex 0 48 0
      vertex 18.1 52 0
    endloop
  endfacet
  facet normal 0 0 -1
    outer loop
      vertex 17.5 52 0
      vertex 16.5 52 0
      vertex 17.5 62 0
    endloop
  endfacet
  facet normal -0 0 -1
    outer loop
      vertex 18.1 52 0
      vertex 0 48 0
      vertex 17.5 52 0
    endloop
  endfacet
  facet normal -0 0 -1
    outer loop
      vertex 17.5 52 0
      vertex 0 48 0
      vertex 16.5 52 0
    endloop
  endfacet
  facet normal 0 0 -1
    outer loop
      vertex 15.9 52 0
      vertex 14.9 52 0
      vertex 15.9 62 0
    endloop
  endfacet
  facet normal -0 0 -1
    outer loop
      vertex 16.5 52 0
      vertex 0 48 0
      vertex 15.9 52 0
    endloop
  endfacet
  facet normal -0 0 -1
    outer loop
      vertex 15.9 52 0
      vertex 0 48 0
      vertex 14.9 52 0
    endloop
  endfacet
  facet normal 0 0 -1
    outer loop
      vertex 14.3 52 0
      vertex 13.3 52 0
      vertex 14.3 62 0
    endloop
  endfacet
  facet normal -0 0 -1
    outer loop
      vertex 14.9 52 0
      vertex 0 48 0
      vertex 14.3 52 0
    endloop
  endfacet
  facet normal -0 0 -1
    outer loop
      vertex 14.3 52 0
      vertex 0 48 0
      vertex 13.3 52 0
    endloop
  endfacet
  facet normal 0 0 -1
    outer loop
      vertex 12.7 52 0
      vertex 11.7 52 0
      vertex 12.7 62 0
    endloop
  endfacet
  facet normal -0 0 -1
    outer loop
      vertex 13.3 52 0
      vertex 0 48 0
      vertex 12.7 52 0
    endloop
  endfacet
  facet normal -0 0 -1
    outer loop
      vertex 12.7 52 0
      vertex 0 48 0
      vertex 11.7 52 0
    endloop
  endfacet
  facet normal 0 0 -1
    outer loop
      vertex 11.1 52 0
      vertex 10.1 52 0
      vertex 11.1 62 0
    endloop
  endfacet
  facet normal -0 0 -1
    outer loop
      vertex 11.7 52 0
      vertex 0 48 0
      vertex 11.1 52 0
    endloop
  endfacet
  facet normal -0 0 -1
    outer loop
      vertex 11.1 52 0
      vertex 0 48 0
      vertex 10.1 52 0
    endloop
  endfacet
  facet normal 0 0 -1
    outer loop
      vertex 9.5 52 0
      vertex 8.5 52 0
      vertex 9.5 62 0
    endloop
  endfacet
  facet normal -0 0 -1
    outer loop
      vertex 10.1 52 0
      vertex 0 48 0
      vertex 9.5 52 0
    endloop
  endfacet
  facet normal -0 0 -1
    outer loop
      vertex 9.5 52 0
      vertex 0 48 0
      vertex 8.5 52 0
    endloop
  endfacet
  facet normal 0 0 -1
    outer loop
      vertex 7.9 52 0
      vertex 6.9 52 0
      vertex 7.9 62 0
    endloop
  endfacet
  facet normal -0 0 -1
    outer loop
      vertex 8.5 52 0
      vertex 0 48 0
      vertex 7.9 52 0
    endloop
  endfacet
  facet normal -0 0 -1
    outer loop
      vertex 7.9 52 0
      vertex 0 48 0
      vertex 6.9 52 0
    endloop
  endfacet
  facet normal 0 0 -1
    outer loop
      vertex 6.3 52 0
      vertex 5.3 52 0
      vertex 6.3 62 0
    endloop
  endfacet
  facet normal -0 0 -1
    outer loop
      vertex 6.9 52 0
      vertex 0 48 0
      vertex 6.3 52 0
    endloop
  endfacet
  facet normal -0 0 -1
    outer loop
      vertex 6.3 52 0
      vertex 0 48 0
      vertex 5.3 52 0
    endloop
  endfacet
  facet normal -0 0 -1
    outer loop
      vertex 4.7 52 0
      vertex 0 48 0
      vertex 4.7 62 0
    endloop
  endfacet
  facet normal -0 0 -1
    outer loop
      vertex 5.3 52 0
      vertex 0 48 0
      vertex 4.7 52 0
    endloop
  endfacet
  facet normal 0 0 -1
    outer loop
      vertex 61.3 62 0
      vertex 66 66 0
      vertex 61.3 52 0
    endloop
  endfacet
  facet normal 0 0 -1
    outer loop
      vertex 60.7 62 0
      vertex 66 66 0
      vertex 61.3 62 0
    endloop
  endfacet
  facet normal 0 0 -1
    outer loop
      vertex 59.7 62 0
      vertex 60.7 62 0
      vertex 59.7 52 0
    endloop
  endfacet
  facet normal 0 0 -1
    outer loop
      vertex 59.7 62 0
      vertex 66 66 0
      vertex 60.7 62 0
    endloop
  endfacet
  facet normal 0 0 -1
    outer loop
      vertex 59.1 62 0
      vertex 66 66 0
      vertex 59.7 62 0
    endloop
  endfacet
  facet normal 0 0 -1
    outer loop
      vertex 58.1 62 0
      vertex 59.1 62 0
      vertex 58.1 52 0
    endloop
  endfacet
  facet normal 0 0 -1
    outer loop
      vertex 58.1 62 0
      vertex 66 66 0
      vertex 59.1 62 0
    endloop
  endfacet
  facet normal 0 0 -1
    outer loop
      vertex 57.5 62 0
      vertex 66 66 0
      vertex 58.1 62 0
    endloop
  endfacet
  facet normal 0 0 -1
    outer loop
      vertex 56.5 62 0
      vertex 57.5 62 0
      vertex 56.5 52 0
    endloop
  endfacet
  facet normal 0 0 -1
    outer loop
      vertex 56.5 62 0
      vertex 66 66 0
      vertex 57.5 62 0
    endloop
  endfacet
  facet normal 0 0 -1
    outer loop
      vertex 55.9 62 0
      vertex 66 66 0
      vertex 56.5 62 0
    endloop
  endfacet
  facet normal 0 0 -1
    outer loop
      vertex 54.9 62 0
      vertex 55.9 62 0
      vertex 54.9 52 0
    endloop
  endfacet
  facet normal 0 0 -1
    outer loop
      vertex 54.9 62 0
      vertex 66 66 0
      vertex 55.9 62 0
    endloop
  endfacet
  facet normal 0 0 -1
    outer loop
      vertex 54.3 62 0
      vertex 66 66 0
      vertex 54.9 62 0
    endloop
  endfacet
  facet normal 0 0 -1
    outer loop
      vertex 53.3 62 0
      vertex 54.3 62 0
      vertex 53.3 52 0
    endloop
  endfacet
  facet normal 0 0 -1
    outer loop
      vertex 53.3 62 0
      vertex 66 66 0
      vertex 54.3 62 0
    endloop
  endfacet
  facet normal 0 0 -1
    outer loop
      vertex 52.7 62 0
      vertex 66 66 0
      vertex 53.3 62 0
    endloop
  endfacet
  facet normal 0 0 -1
    outer loop
      vertex 51.7 62 0
      vertex 52.7 62 0
      vertex 51.7 52 0
    endloop
  endfacet
  facet normal 0 0 -1
    outer loop
      vertex 51.7 62 0
      vertex 66 66 0
      vertex 52.7 62 0
    endloop
  endfacet
  facet normal 0 0 -1
    outer loop
      vertex 51.1 62 0
      vertex 66 66 0
      vertex 51.7 62 0
    endloop
  endfacet
  facet normal 0 0 -1
    outer loop
      vertex 50.1 62 0
      vertex 51.1 62 0
      vertex 50.1 52 0
    endloop
  endfacet
  facet normal 0 0 -1
    outer loop
      vertex 50.1 62 0
      vertex 66 66 0
      vertex 51.1 62 0
    endloop
  endfacet
  facet normal 0 0 -1
    outer loop
      vertex 49.5 62 0
      vertex 66 66 0
      vertex 50.1 62 0
    endloop
  endfacet
  facet normal 0 0 -1
    outer loop
      vertex 48.5 62 0
      vertex 49.5 62 0
      vertex 48.5 52 0
    endloop
  endfacet
  facet normal 0 0 -1
    outer loop
      vertex 48.5 62 0
      vertex 66 66 0
      vertex 49.5 62 0
    endloop
  endfacet
  facet normal 0 0 -1
    outer loop
      vertex 47.9 62 0
      vertex 66 66 0
      vertex 48.5 62 0
    endloop
  endfacet
  facet normal 0 0 -1
    outer loop
      vertex 46.9 62 0
      vertex 47.9 62 0
      vertex 46.9 52 0
    endloop
  endfacet
  facet normal 0 0 -1
    outer loop
      vertex 46.9 62 0
      vertex 66 66 0
      vertex 47.9 62 0
    endloop
  endfacet
  facet normal 0 0 -1
    outer loop
      vertex 46.3 62 0
      vertex 66 66 0
      vertex 46.9 62 0
    endloop
  endfacet
  facet normal 0 0 -1
    outer loop
      vertex 45.3 62 0
      vertex 46.3 62 0
      vertex 45.3 52 0
    endloop
  endfacet
  facet normal 0 0 -1
    outer loop
      vertex 45.3 62 0
      vertex 66 66 0
      vertex 46.3 62 0
    endloop
  endfacet
  facet normal 0 0 -1
    outer loop
      vertex 44.7 62 0
      vertex 66 66 0
      vertex 45.3 62 0
    endloop
  endfacet
  facet normal 0 0 -1
    outer loop
      vertex 43.7 62 0
      vertex 44.7 62 0
      vertex 43.7 52 0
    endloop
  endfacet
  facet normal 0 0 -1
    outer loop
      vertex 43.7 62 0
      vertex 66 66 0
      vertex 44.7 62 0
    endloop
  endfacet
  facet normal 0 0 -1
    outer loop
      vertex 43.1 62 0
      vertex 66 66 0
      vertex 43.7 62 0
    endloop
  endfacet
  facet normal 0 0 -1
    outer loop
      vertex 42.1 62 0
      vertex 43.1 62 0
      vertex 42.1 52 0
    endloop
  endfacet
  facet normal 0 0 -1
    outer loop
      vertex 42.1 62 0
      vertex 66 66 0
      vertex 43.1 62 0
    endloop
  endfacet
  facet normal 0 0 -1
    outer loop
      vertex 41.5 62 0
      vertex 66 66 0
      vertex 42.1 62 0
    endloop
  endfacet
  facet normal 0 0 -1
    outer loop
      vertex 40.5 62 0
      vertex 41.5 62 0
      vertex 40.5 52 0
    endloop
  endfacet
  facet normal 0 0 -1
    outer loop
      vertex 40.5 62 0
      vertex 66 66 0
      vertex 41.5 62 0
    endloop
  endfacet
  facet normal 0 0 -1
    outer loop
      vertex 39.9 62 0
      vertex 66 66 0
      vertex 40.5 62 0
    endloop
  endfacet
  facet normal 0 0 -1
    outer loop
      vertex 38.9 62 0
      vertex 39.9 62 0
      vertex 38.9 52 0
    endloop
  endfacet
  facet normal 0 0 -1
    outer loop
      vertex 38.9 62 0
      vertex 66 66 0
      vertex 39.9 62 0
    endloop
  endfacet
  facet normal 0 0 -1
    outer loop
      vertex 38.3 62 0
      vertex 66 66 0
      vertex 38.9 62 0
    endloop
  endfacet
  facet normal 0 0 -1
    outer loop
      vertex 37.3 62 0
      vertex 38.3 62 0
      vertex 37.3 52 0
    endloop
  endfacet
  facet normal 0 0 -1
    outer loop
      vertex 37.3 62 0
      vertex 66 66 0
      vertex 38.3 62 0
    endloop
  endfacet
  facet normal 0 0 -1
    outer loop
      vertex 36.7 62 0
      vertex 66 66 0
      vertex 37.3 62 0
    endloop
  endfacet
  facet normal 0 0 -1
    outer loop
      vertex 35.7 62 0
      vertex 36.7 62 0
      vertex 35.7 52 0
    endloop
  endfacet
  facet normal 0 0 -1
    outer loop
      vertex 35.7 62 0
      vertex 66 66 0
      vertex 36.7 62 0
    endloop
  endfacet
  facet normal 0 0 -1
    outer loop
      vertex 35.1 62 0
      vertex 66 66 0
      vertex 35.7 62 0
    endloop
  endfacet
  facet normal 0 0 -1
    outer loop
      vertex 34.1 62 0
      vertex 35.1 62 0
      vertex 34.1 52 0
    endloop
  endfacet
  facet normal 0 0 -1
    outer loop
      vertex 34.1 62 0
      vertex 66 66 0
      vertex 35.1 62 0
    endloop
  endfacet
  facet normal 0 0 -1
    outer loop
      vertex 33.5 62 0
      vertex 66 66 0
      vertex 34.1 62 0
    endloop
  endfacet
  facet normal 0 0 -1
    outer loop
      vertex 32.5 62 0
      vertex 33.5 62 0
      vertex 32.5 52 0
    endloop
  endfacet
  facet normal 0 0 -1
    outer loop
      vertex 32.5 62 0
      vertex 66 66 0
      vertex 33.5 62 0
    endloop
  endfacet
  facet normal 0 0 -1
    outer loop
      vertex 31.9 62 0
      vertex 66 66 0
      vertex 32.5 62 0
    endloop
  endfacet
  facet normal 0 0 -1
    outer loop
      vertex 30.9 62 0
      vertex 31.9 62 0
      vertex 30.9 52 0
    endloop
  endfacet
  facet normal 0 0 -1
    outer loop
      vertex 0 66 0
      vertex 31.9 62 0
      vertex 30.9 62 0
    endloop
  endfacet
  facet normal 0 0 -1
    outer loop
      vertex 0 66 0
      vertex 30.9 62 0
      vertex 30.3 62 0
    endloop
  endfacet
  facet normal 0 0 -1
    outer loop
      vertex 29.3 62 0
      vertex 30.3 62 0
      vertex 29.3 52 0
    endloop
  endfacet
  facet normal 0 0 -1
    outer loop
      vertex 0 66 0
      vertex 30.3 62 0
      vertex 29.3 62 0
    endloop
  endfacet
  facet normal 0 0 -1
    outer loop
      vertex 0 66 0
      vertex 29.3 62 0
      vertex 28.7 62 0
    endloop
  endfacet
  facet normal 0 0 -1
    outer loop
      vertex 27.7 62 0
      vertex 28.7 62 0
      vertex 27.7 52 0
    endloop
  endfacet
  facet normal 0 0 -1
    outer loop
      vertex 0 66 0
      vertex 28.7 62 0
      vertex 27.7 62 0
    endloop
  endfacet
  facet normal 0 0 -1
    outer loop
      vertex 0 66 0
      vertex 27.7 62 0
      vertex 27.1 62 0
    endloop
  endfacet
  facet normal 0 0 -1
    outer loop
      vertex 26.1 62 0
      vertex 27.1 62 0
      vertex 26.1 52 0
    endloop
  endfacet
  facet normal 0 0 -1
    outer loop
      vertex 0 66 0
      vertex 27.1 62 0
      vertex 26.1 62 0
    endloop
  endfacet
  facet normal 0 0 -1
    outer loop
      vertex 0 66 0
      vertex 26.1 62 0
      vertex 25.5 62 0
    endloop
  endfacet
  facet normal 0 0 -1
    outer loop
      vertex 24.5 62 0
      vertex 25.5 62 0
      vertex 24.5 52 0
    endloop
  endfacet
  facet normal 0 0 -1
    outer loop
      vertex 0 66 0
      vertex 25.5 62 0
      vertex 24.5 62 0
    endloop
  endfacet
  facet normal 0 0 -1
    outer loop
      vertex 0 66 0
      vertex 24.5 62 0
      vertex 23.9 62 0
    endloop
  endfacet
  facet normal 0 0 -1
    outer loop
      vertex 22.9 62 0
      vertex 23.9 62 0
      vertex 22.9 52 0
    endloop
  endfacet
  facet normal 0 0 -1
    outer loop
      vertex 0 66 0
      vertex 23.9 62 0
      vertex 22.9 62 0
    endloop
  endfacet
  facet normal 0 0 -1
    outer loop
      vertex 0 66 0
      vertex 22.9 62 0
      vertex 22.3 62 0
    endloop
  endfacet
  facet normal 0 0 -1
    outer loop
      vertex 21.3 62 0
      vertex 22.3 62 0
      vertex 21.3 52 0
    endloop
  endfacet
  facet normal 0 0 -1
    outer loop
      vertex 0 66 0
      vertex 22.3 62 0
      vertex 21.3 62 0
    endloop
  endfacet
  facet normal 0 0 -1
    outer loop
      vertex 0 66 0
      vertex 21.3 62 0
      vertex 20.7 62 0
    endloop
  endfacet
  facet normal 0 0 -1
    outer loop
      vertex 19.7 62 0
      vertex 20.7 62 0
      vertex 19.7 52 0
    endloop
  endfacet
  facet normal 0 0 -1
    outer loop
      vertex 0 66 0
      vertex 20.7 62 0
      vertex 19.7 62 0
    endloop
  endfacet
  facet normal 0 0 -1
    outer loop
      vertex 0 66 0
      vertex 19.7 62 0
      vertex 19.1 62 0
    endloop
  endfacet
  facet normal 0 0 -1
    outer loop
      vertex 18.1 62 0
      vertex 19.1 62 0
      vertex 18.1 52 0
    endloop
  endfacet
  facet normal 0 0 -1
    outer loop
      vertex 0 66 0
      vertex 19.1 62 0
      vertex 18.1 62 0
    endloop
  endfacet
  facet normal 0 0 -1
    outer loop
      vertex 0 66 0
      vertex 18.1 62 0
      vertex 17.5 62 0
    endloop
  endfacet
  facet normal 0 0 -1
    outer loop
      vertex 16.5 62 0
      vertex 17.5 62 0
      vertex 16.5 52 0
    endloop
  endfacet
  facet normal 0 0 -1
    outer loop
      vertex 0 66 0
      vertex 17.5 62 0
      vertex 16.5 62 0
    endloop
  endfacet
  facet normal 0 0 -1
    outer loop
      vertex 0 66 0
      vertex 16.5 62 0
      vertex 15.9 62 0
    endloop
  endfacet
  facet normal 0 0 -1
    outer loop
      vertex 14.9 62 0
      vertex 15.9 62 0
      vertex 14.9 52 0
    endloop
  endfacet
  facet normal 0 0 -1
    outer loop
      vertex 0 66 0
      vertex 15.9 62 0
      vertex 14.9 62 0
    endloop
  endfacet
  facet normal 0 0 -1
    outer loop
      vertex 0 66 0
      vertex 14.9 62 0
      vertex 14.3 62 0
    endloop
  endfacet
  facet normal 0 0 -1
    outer loop
      vertex 13.3 62 0
      vertex 14.3 62 0
      vertex 13.3 52 0
    endloop
  endfacet
  facet normal 0 0 -1
    outer loop
      vertex 0 66 0
      vertex 14.3 62 0
      vertex 13.3 62 0
    endloop
  endfacet
  facet normal 0 0 -1
    outer loop
      vertex 0 66 0
      vertex 13.3 62 0
      vertex 12.7 62 0
    endloop
  endfacet
  facet normal 0 0 -1
    outer loop
      vertex 11.7 62 0
      vertex 12.7 62 0
      vertex 11.7 52 0
    endloop
  endfacet
  facet normal 0 0 -1
    outer loop
      vertex 0 66 0
      vertex 12.7 62 0
      vertex 11.7 62 0
    endloop
  endfacet
  facet normal 0 0 -1
    outer loop
      vertex 0 66 0
      vertex 11.7 62 0
      vertex 11.1 62 0
    endloop
  endfacet
  facet normal 0 0 -1
    outer loop
      vertex 10.1 62 0
      vertex 11.1 62 0
      vertex 10.1 52 0
    endloop
  endfacet
  facet normal 0 0 -1
    outer loop
      vertex 0 66 0
      vertex 11.1 62 0
      vertex 10.1 62 0
    endloop
  endfacet
  facet normal 0 0 -1
    outer loop
      vertex 0 66 0
      vertex 10.1 62 0
      vertex 9.5 62 0
    endloop
  endfacet
  facet normal 0 0 -1
    outer loop
      vertex 8.5 62 0
      vertex 9.5 62 0
      vertex 8.5 52 0
    endloop
  endfacet
  facet normal 0 0 -1
    outer loop
      vertex 0 66 0
      vertex 9.5 62 0
      vertex 8.5 62 0
    endloop
  endfacet
  facet normal 0 0 -1
    outer loop
      vertex 0 66 0
      vertex 8.5 62 0
      vertex 7.9 62 0
    endloop
  endfacet
  facet normal 0 0 -1
    outer loop
      vertex 6.9 62 0
      vertex 7.9 62 0
      vertex 6.9 52 0
    endloop
  endfacet
  facet normal 0 0 -1
    outer loop
      vertex 0 66 0
      vertex 7.9 62 0
      vertex 6.9 62 0
    endloop
  endfacet
  facet normal 0 0 -1
    outer loop
      vertex 0 66 0
      vertex 6.9 62 0
      vertex 6.3 62 0
    endloop
  endfacet
  facet normal 0 0 -1
    outer loop
      vertex 5.3 62 0
      vertex 6.3 62 0
      vertex 5.3 52 0
    endloop
  endfacet
  facet normal 0 0 -1
    outer loop
      vertex 0 66 0
      vertex 6.3 62 0
      vertex 5.3 62 0
    endloop
  endfacet
  facet normal 0 0 -1
    outer loop
      vertex 0 66 0
      vertex 5.3 62 0
      vertex 4.7 62 0
    endloop
  endfacet
  facet normal 0 0 -1
    outer loop
      vertex 31.9 62 0
      vertex 0 66 0
      vertex 66 66 0
    endloop
  endfacet
  facet normal 0 0 -1
    outer loop
      vertex 0 66 0
      vertex 4.7 62 0
      vertex 0 48 0
    endloop
  endfacet
  facet normal -1 0 0
    outer loop
      vertex 0 48 0
      vertex 0 66 1.2
      vertex 0 66 0
    endloop
  endfacet
  facet normal -1 -0 0
    outer loop
      vertex 0 66 1.2
      vertex 0 48 0
      vertex 0 48 1.2
    endloop
  endfacet
  facet normal 0 1 -0
    outer loop
      vertex 66 66 0
      vertex 0 66 1.2
      vertex 66 66 1.2
    endloop
  endfacet
  facet normal 0 1 0
    outer loop
      vertex 0 66 1.2
      vertex 66 66 0
      vertex 0 66 0
    endloop
  endfacet
  facet normal 0 -1 0
    outer loop
      vertex 0 48 0
      vertex 66 48 1.2
      vertex 0 48 1.2
    endloop
  endfacet
  facet normal 0 -1 -0
    outer loop
      vertex 66 48 1.2
      vertex 0 48 0
      vertex 66 48 0
    endloop
  endfacet
  facet normal 0 0 1
    outer loop
      vertex 64 64 4
      vertex 62 62 4
      vertex 64 50 4
    endloop
  endfacet
  facet normal 0 0 1
    outer loop
      vertex 64 64 4
      vertex 4 62 4
      vertex 62 62 4
    endloop
  endfacet
  facet normal 0 0 1
    outer loop
      vertex 4 62 4
      vertex 2 64 4
      vertex 4 52 4
    endloop
  endfacet
  facet normal -0 0 1
    outer loop
      vertex 2 64 4
      vertex 4 62 4
      vertex 64 64 4
    endloop
  endfacet
  facet normal -0 0 1
    outer loop
      vertex 62 52 4
      vertex 64 50 4
      vertex 62 62 4
    endloop
  endfacet
  facet normal -0 0 1
    outer loop
      vertex 4 52 4
      vertex 64 50 4
      vertex 62 52 4
    endloop
  endfacet
  facet normal 0 0 1
    outer loop
      vertex 4 52 4
      vertex 2 50 4
      vertex 64 50 4
    endloop
  endfacet
  facet normal 0 0 1
    outer loop
      vertex 2 50 4
      vertex 4 52 4
      vertex 2 64 4
    endloop
  endfacet
  facet normal 0 1 -0
    outer loop
      vertex 64 64 1.2
      vertex 2 64 4
      vertex 64 64 4
    endloop
  endfacet
  facet normal 0 1 0
    outer loop
      vertex 2 64 4
      vertex 64 64 1.2
      vertex 2 64 1.2
    endloop
  endfacet
  facet normal -1 0 0
    outer loop
      vertex 2 50 1.2
      vertex 2 64 4
      vertex 2 64 1.2
    endloop
  endfacet
  facet normal -1 -0 0
    outer loop
      vertex 2 64 4
      vertex 2 50 1.2
      vertex 2 50 4
    endloop
  endfacet
  facet normal 0 -1 0
    outer loop
      vertex 2 50 1.2
      vertex 64 50 4
      vertex 2 50 4
    endloop
  endfacet
  facet normal 0 -1 -0
    outer loop
      vertex 64 50 4
      vertex 2 50 1.2
      vertex 64 50 1.2
    endloop
  endfacet
  facet normal 1 -0 0
    outer loop
      vertex 64 50 4
      vertex 64 64 1.2
      vertex 64 64 4
    endloop
  endfacet
  facet normal 1 0 0
    outer loop
      vertex 64 64 1.2
      vertex 64 50 4
      vertex 64 50 1.2
    endloop
  endfacet
  facet normal 1 -0 0
    outer loop
      vertex 4 52 4
      vertex 4 62 1.2
      vertex 4 62 4
    endloop
  endfacet
  facet normal 1 0 0
    outer loop
      vertex 4 62 1.2
      vertex 4 52 4
      vertex 4 52 1.2
    endloop
  endfacet
  facet normal -1 0 0
    outer loop
      vertex 62 52 1.2
      vertex 62 62 4
      vertex 62 62 1.2
    endloop
  endfacet
  facet normal -1 -0 0
    outer loop
      vertex 62 62 4
      vertex 62 52 1.2
      vertex 62 52 4
    endloop
  endfacet
  facet normal -1 0 0
    outer loop
      vertex 77.3 52 0
      vertex 77.3 62 1.1
      vertex 77.3 62 0
    endloop
  endfacet
  facet normal -1 0 0
    outer loop
      vertex 77.3 52 1.1
      vertex 77.3 62 1.1
      vertex 77.3 52 0
    endloop
  endfacet
  facet normal -1 0 0
    outer loop
      vertex 77.3 62 1.1
      vertex 77.3 52 1.1
      vertex 77.3 62 1.2
    endloop
  endfacet
  facet normal -1 -0 0
    outer loop
      vertex 77.3 62 1.2
      vertex 77.3 52 1.1
      vertex 77.3 52 1.2
    endloop
  endfacet
  facet normal 1 0 0
    outer loop
      vertex 76.7 52 1.1
      vertex 76.7 62 1.1
      vertex 76.7 62 1.2
    endloop
  endfacet
  facet normal 1 0 0
    outer loop
      vertex 76.7 52 1.1
      vertex 76.7 62 1.2
      vertex 76.7 52 1.2
    endloop
  endfacet
  facet normal 1 0 0
    outer loop
      vertex 76.7 62 1.1
      vertex 76.7 52 1.1
      vertex 76.7 62 0
    endloop
  endfacet
  facet normal 1 0 0
    outer loop
      vertex 76.7 62 0
      vertex 76.7 52 1.1
      vertex 76.7 52 0
    endloop
  endfacet
  facet normal 0 -1 0
    outer loop
      vertex 132.7 62 1.1
      vertex 133.3 62 1.2
      vertex 132.7 62 1.2
    endloop
  endfacet
  facet normal 0 -1 -0
    outer loop
      vertex 133.3 62 1.2
      vertex 132.7 62 1.1
      vertex 133.3 62 1.1
    endloop
  endfacet
  facet normal 0 -1 0
    outer loop
      vertex 131.1 62 1.1
      vertex 131.7 62 1.2
      vertex 131.1 62 1.2
    endloop
  endfacet
  facet normal 0 -1 -0
    outer loop
      vertex 131.7 62 1.2
      vertex 131.1 62 1.1
      vertex 131.7 62 1.1
    endloop
  endfacet
  facet normal 0 -1 0
    outer loop
      vertex 129.5 62 1.1
      vertex 130.1 62 1.2
      vertex 129.5 62 1.2
    endloop
  endfacet
  facet normal 0 -1 -0
    outer loop
      vertex 130.1 62 1.2
      vertex 129.5 62 1.1
      vertex 130.1 62 1.1
    endloop
  endfacet
  facet normal 0 -1 0
    outer loop
      vertex 127.9 62 1.1
      vertex 128.5 62 1.2
      vertex 127.9 62 1.2
    endloop
  endfacet
  facet normal 0 -1 -0
    outer loop
      vertex 128.5 62 1.2
      vertex 127.9 62 1.1
      vertex 128.5 62 1.1
    endloop
  endfacet
  facet normal 0 -1 0
    outer loop
      vertex 126.3 62 1.1
      vertex 126.9 62 1.2
      vertex 126.3 62 1.2
    endloop
  endfacet
  facet normal 0 -1 -0
    outer loop
      vertex 126.9 62 1.2
      vertex 126.3 62 1.1
      vertex 126.9 62 1.1
    endloop
  endfacet
  facet normal 0 -1 0
    outer loop
      vertex 124.7 62 1.1
      vertex 125.3 62 1.2
      vertex 124.7 62 1.2
    endloop
  endfacet
  facet normal 0 -1 -0
    outer loop
      vertex 125.3 62 1.2
      vertex 124.7 62 1.1
      vertex 125.3 62 1.1
    endloop
  endfacet
  facet normal 0 -1 0
    outer loop
      vertex 123.1 62 1.1
      vertex 123.7 62 1.2
      vertex 123.1 62 1.2
    endloop
  endfacet
  facet normal 0 -1 -0
    outer loop
      vertex 123.7 62 1.2
      vertex 123.1 62 1.1
      vertex 123.7 62 1.1
    endloop
  endfacet
  facet normal 0 -1 0
    outer loop
      vertex 121.5 62 1.1
      vertex 122.1 62 1.2
      vertex 121.5 62 1.2
    endloop
  endfacet
  facet normal 0 -1 -0
    outer loop
      vertex 122.1 62 1.2
      vertex 121.5 62 1.1
      vertex 122.1 62 1.1
    endloop
  endfacet
  facet normal 0 -1 0
    outer loop
      vertex 119.9 62 1.1
      vertex 120.5 62 1.2
      vertex 119.9 62 1.2
    endloop
  endfacet
  facet normal 0 -1 -0
    outer loop
      vertex 120.5 62 1.2
      vertex 119.9 62 1.1
      vertex 120.5 62 1.1
    endloop
  endfacet
  facet normal 0 -1 0
    outer loop
      vertex 118.3 62 1.1
      vertex 118.9 62 1.2
      vertex 118.3 62 1.2
    endloop
  endfacet
  facet normal 0 -1 -0
    outer loop
      vertex 118.9 62 1.2
      vertex 118.3 62 1.1
      vertex 118.9 62 1.1
    endloop
  endfacet
  facet normal 0 -1 0
    outer loop
      vertex 116.7 62 1.1
      vertex 117.3 62 1.2
      vertex 116.7 62 1.2
    endloop
  endfacet
  facet normal 0 -1 -0
    outer loop
      vertex 117.3 62 1.2
      vertex 116.7 62 1.1
      vertex 117.3 62 1.1
    endloop
  endfacet
  facet normal 0 -1 0
    outer loop
      vertex 115.1 62 1.1
      vertex 115.7 62 1.2
      vertex 115.1 62 1.2
    endloop
  endfacet
  facet normal 0 -1 -0
    outer loop
      vertex 115.7 62 1.2
      vertex 115.1 62 1.1
      vertex 115.7 62 1.1
    endloop
  endfacet
  facet normal 0 -1 0
    outer loop
      vertex 113.5 62 1.1
      vertex 114.1 62 1.2
      vertex 113.5 62 1.2
    endloop
  endfacet
  facet normal 0 -1 -0
    outer loop
      vertex 114.1 62 1.2
      vertex 113.5 62 1.1
      vertex 114.1 62 1.1
    endloop
  endfacet
  facet normal 0 -1 0
    outer loop
      vertex 111.9 62 1.1
      vertex 112.5 62 1.2
      vertex 111.9 62 1.2
    endloop
  endfacet
  facet normal 0 -1 -0
    outer loop
      vertex 112.5 62 1.2
      vertex 111.9 62 1.1
      vertex 112.5 62 1.1
    endloop
  endfacet
  facet normal 0 -1 0
    outer loop
      vertex 110.3 62 1.1
      vertex 110.9 62 1.2
      vertex 110.3 62 1.2
    endloop
  endfacet
  facet normal 0 -1 -0
    outer loop
      vertex 110.9 62 1.2
      vertex 110.3 62 1.1
      vertex 110.9 62 1.1
    endloop
  endfacet
  facet normal 0 -1 0
    outer loop
      vertex 108.7 62 1.1
      vertex 109.3 62 1.2
      vertex 108.7 62 1.2
    endloop
  endfacet
  facet normal 0 -1 -0
    outer loop
      vertex 109.3 62 1.2
      vertex 108.7 62 1.1
      vertex 109.3 62 1.1
    endloop
  endfacet
  facet normal 0 -1 0
    outer loop
      vertex 107.1 62 1.1
      vertex 107.7 62 1.2
      vertex 107.1 62 1.2
    endloop
  endfacet
  facet normal 0 -1 -0
    outer loop
      vertex 107.7 62 1.2
      vertex 107.1 62 1.1
      vertex 107.7 62 1.1
    endloop
  endfacet
  facet normal 0 -1 0
    outer loop
      vertex 105.5 62 1.1
      vertex 106.1 62 1.2
      vertex 105.5 62 1.2
    endloop
  endfacet
  facet normal 0 -1 -0
    outer loop
      vertex 106.1 62 1.2
      vertex 105.5 62 1.1
      vertex 106.1 62 1.1
    endloop
  endfacet
  facet normal 0 -1 0
    outer loop
      vertex 103.9 62 1.1
      vertex 104.5 62 1.2
      vertex 103.9 62 1.2
    endloop
  endfacet
  facet normal 0 -1 -0
    outer loop
      vertex 104.5 62 1.2
      vertex 103.9 62 1.1
      vertex 104.5 62 1.1
    endloop
  endfacet
  facet normal 0 -1 0
    outer loop
      vertex 102.3 62 1.1
      vertex 102.9 62 1.2
      vertex 102.3 62 1.2
    endloop
  endfacet
  facet normal 0 -1 -0
    outer loop
      vertex 102.9 62 1.2
      vertex 102.3 62 1.1
      vertex 102.9 62 1.1
    endloop
  endfacet
  facet normal 0 -1 0
    outer loop
      vertex 100.7 62 1.1
      vertex 101.3 62 1.2
      vertex 100.7 62 1.2
    endloop
  endfacet
  facet normal 0 -1 -0
    outer loop
      vertex 101.3 62 1.2
      vertex 100.7 62 1.1
      vertex 101.3 62 1.1
    endloop
  endfacet
  facet normal 0 -1 0
    outer loop
      vertex 99.1 62 1.1
      vertex 99.7 62 1.2
      vertex 99.1 62 1.2
    endloop
  endfacet
  facet normal 0 -1 -0
    outer loop
      vertex 99.7 62 1.2
      vertex 99.1 62 1.1
      vertex 99.7 62 1.1
    endloop
  endfacet
  facet normal 0 -1 0
    outer loop
      vertex 97.5 62 1.1
      vertex 98.1 62 1.2
      vertex 97.5 62 1.2
    endloop
  endfacet
  facet normal 0 -1 -0
    outer loop
      vertex 98.1 62 1.2
      vertex 97.5 62 1.1
      vertex 98.1 62 1.1
    endloop
  endfacet
  facet normal 0 -1 0
    outer loop
      vertex 95.9 62 1.1
      vertex 96.5 62 1.2
      vertex 95.9 62 1.2
    endloop
  endfacet
  facet normal 0 -1 -0
    outer loop
      vertex 96.5 62 1.2
      vertex 95.9 62 1.1
      vertex 96.5 62 1.1
    endloop
  endfacet
  facet normal 0 -1 0
    outer loop
      vertex 94.3 62 1.1
      vertex 94.9 62 1.2
      vertex 94.3 62 1.2
    endloop
  endfacet
  facet normal 0 -1 -0
    outer loop
      vertex 94.9 62 1.2
      vertex 94.3 62 1.1
      vertex 94.9 62 1.1
    endloop
  endfacet
  facet normal 0 -1 0
    outer loop
      vertex 92.7 62 1.1
      vertex 93.3 62 1.2
      vertex 92.7 62 1.2
    endloop
  endfacet
  facet normal 0 -1 -0
    outer loop
      vertex 93.3 62 1.2
      vertex 92.7 62 1.1
      vertex 93.3 62 1.1
    endloop
  endfacet
  facet normal 0 -1 0
    outer loop
      vertex 91.1 62 1.1
      vertex 91.7 62 1.2
      vertex 91.1 62 1.2
    endloop
  endfacet
  facet normal 0 -1 -0
    outer loop
      vertex 91.7 62 1.2
      vertex 91.1 62 1.1
      vertex 91.7 62 1.1
    endloop
  endfacet
  facet normal 0 -1 0
    outer loop
      vertex 89.5 62 1.1
      vertex 90.1 62 1.2
      vertex 89.5 62 1.2
    endloop
  endfacet
  facet normal 0 -1 -0
    outer loop
      vertex 90.1 62 1.2
      vertex 89.5 62 1.1
      vertex 90.1 62 1.1
    endloop
  endfacet
  facet normal 0 -1 0
    outer loop
      vertex 87.9 62 1.1
      vertex 88.5 62 1.2
      vertex 87.9 62 1.2
    endloop
  endfacet
  facet normal 0 -1 -0
    outer loop
      vertex 88.5 62 1.2
      vertex 87.9 62 1.1
      vertex 88.5 62 1.1
    endloop
  endfacet
  facet normal 0 -1 0
    outer loop
      vertex 86.3 62 1.1
      vertex 86.9 62 1.2
      vertex 86.3 62 1.2
    endloop
  endfacet
  facet normal 0 -1 -0
    outer loop
      vertex 86.9 62 1.2
      vertex 86.3 62 1.1
      vertex 86.9 62 1.1
    endloop
  endfacet
  facet normal 0 -1 0
    outer loop
      vertex 84.7 62 1.1
      vertex 85.3 62 1.2
      vertex 84.7 62 1.2
    endloop
  endfacet
  facet normal 0 -1 -0
    outer loop
      vertex 85.3 62 1.2
      vertex 84.7 62 1.1
      vertex 85.3 62 1.1
    endloop
  endfacet
  facet normal 0 -1 0
    outer loop
      vertex 83.1 62 1.1
      vertex 83.7 62 1.2
      vertex 83.1 62 1.2
    endloop
  endfacet
  facet normal 0 -1 -0
    outer loop
      vertex 83.7 62 1.2
      vertex 83.1 62 1.1
      vertex 83.7 62 1.1
    endloop
  endfacet
  facet normal 0 -1 0
    outer loop
      vertex 81.5 62 1.1
      vertex 82.1 62 1.2
      vertex 81.5 62 1.2
    endloop
  endfacet
  facet normal 0 -1 -0
    outer loop
      vertex 82.1 62 1.2
      vertex 81.5 62 1.1
      vertex 82.1 62 1.1
    endloop
  endfacet
  facet normal 0 -1 0
    outer loop
      vertex 79.9 62 1.1
      vertex 80.5 62 1.2
      vertex 79.9 62 1.2
    endloop
  endfacet
  facet normal 0 -1 -0
    outer loop
      vertex 80.5 62 1.2
      vertex 79.9 62 1.1
      vertex 80.5 62 1.1
    endloop
  endfacet
  facet normal 0 -1 0
    outer loop
      vertex 78.3 62 1.1
      vertex 78.9 62 1.2
      vertex 78.3 62 1.2
    endloop
  endfacet
  facet normal 0 -1 -0
    outer loop
      vertex 78.9 62 1.2
      vertex 78.3 62 1.1
      vertex 78.9 62 1.1
    endloop
  endfacet
  facet normal 0 -1 0
    outer loop
      vertex 76.7 62 1.1
      vertex 77.3 62 1.2
      vertex 76.7 62 1.2
    endloop
  endfacet
  facet normal 0 -1 -0
    outer loop
      vertex 77.3 62 1.2
      vertex 76.7 62 1.1
      vertex 77.3 62 1.1
    endloop
  endfacet
  facet normal 0 -1 0
    outer loop
      vertex 76.7 62 1.2
      vertex 76 62 4
      vertex 76 62 1.2
    endloop
  endfacet
  facet normal 0 -1 0
    outer loop
      vertex 77.3 62 1.2
      vertex 76 62 4
      vertex 76.7 62 1.2
    endloop
  endfacet
  facet normal 0 -1 0
    outer loop
      vertex 78.3 62 1.2
      vertex 76 62 4
      vertex 77.3 62 1.2
    endloop
  endfacet
  facet normal 0 -1 0
    outer loop
      vertex 78.9 62 1.2
      vertex 76 62 4
      vertex 78.3 62 1.2
    endloop
  endfacet
  facet normal 0 -1 0
    outer loop
      vertex 79.9 62 1.2
      vertex 76 62 4
      vertex 78.9 62 1.2
    endloop
  endfacet
  facet normal 0 -1 0
    outer loop
      vertex 80.5 62 1.2
      vertex 76 62 4
      vertex 79.9 62 1.2
    endloop
  endfacet
  facet normal 0 -1 0
    outer loop
      vertex 81.5 62 1.2
      vertex 76 62 4
      vertex 80.5 62 1.2
    endloop
  endfacet
  facet normal 0 -1 0
    outer loop
      vertex 82.1 62 1.2
      vertex 76 62 4
      vertex 81.5 62 1.2
    endloop
  endfacet
  facet normal 0 -1 0
    outer loop
      vertex 83.1 62 1.2
      vertex 76 62 4
      vertex 82.1 62 1.2
    endloop
  endfacet
  facet normal 0 -1 0
    outer loop
      vertex 83.7 62 1.2
      vertex 76 62 4
      vertex 83.1 62 1.2
    endloop
  endfacet
  facet normal 0 -1 0
    outer loop
      vertex 84.7 62 1.2
      vertex 76 62 4
      vertex 83.7 62 1.2
    endloop
  endfacet
  facet normal 0 -1 0
    outer loop
      vertex 85.3 62 1.2
      vertex 76 62 4
      vertex 84.7 62 1.2
    endloop
  endfacet
  facet normal 0 -1 0
    outer loop
      vertex 86.3 62 1.2
      vertex 76 62 4
      vertex 85.3 62 1.2
    endloop
  endfacet
  facet normal 0 -1 0
    outer loop
      vertex 86.9 62 1.2
      vertex 76 62 4
      vertex 86.3 62 1.2
    endloop
  endfacet
  facet normal 0 -1 0
    outer loop
      vertex 87.9 62 1.2
      vertex 76 62 4
      vertex 86.9 62 1.2
    endloop
  endfacet
  facet normal 0 -1 0
    outer loop
      vertex 88.5 62 1.2
      vertex 76 62 4
      vertex 87.9 62 1.2
    endloop
  endfacet
  facet normal 0 -1 0
    outer loop
      vertex 89.5 62 1.2
      vertex 76 62 4
      vertex 88.5 62 1.2
    endloop
  endfacet
  facet normal 0 -1 0
    outer loop
      vertex 90.1 62 1.2
      vertex 76 62 4
      vertex 89.5 62 1.2
    endloop
  endfacet
  facet normal 0 -1 0
    outer loop
      vertex 91.1 62 1.2
      vertex 76 62 4
      vertex 90.1 62 1.2
    endloop
  endfacet
  facet normal 0 -1 0
    outer loop
      vertex 91.7 62 1.2
      vertex 76 62 4
      vertex 91.1 62 1.2
    endloop
  endfacet
  facet normal 0 -1 0
    outer loop
      vertex 92.7 62 1.2
      vertex 76 62 4
      vertex 91.7 62 1.2
    endloop
  endfacet
  facet normal 0 -1 0
    outer loop
      vertex 93.3 62 1.2
      vertex 76 62 4
      vertex 92.7 62 1.2
    endloop
  endfacet
  facet normal 0 -1 0
    outer loop
      vertex 94.3 62 1.2
      vertex 76 62 4
      vertex 93.3 62 1.2
    endloop
  endfacet
  facet normal 0 -1 0
    outer loop
      vertex 94.9 62 1.2
      vertex 76 62 4
      vertex 94.3 62 1.2
    endloop
  endfacet
  facet normal 0 -1 0
    outer loop
      vertex 95.9 62 1.2
      vertex 76 62 4
      vertex 94.9 62 1.2
    endloop
  endfacet
  facet normal 0 -1 0
    outer loop
      vertex 96.5 62 1.2
      vertex 76 62 4
      vertex 95.9 62 1.2
    endloop
  endfacet
  facet normal 0 -1 0
    outer loop
      vertex 97.5 62 1.2
      vertex 76 62 4
      vertex 96.5 62 1.2
    endloop
  endfacet
  facet normal 0 -1 0
    outer loop
      vertex 98.1 62 1.2
      vertex 76 62 4
      vertex 97.5 62 1.2
    endloop
  endfacet
  facet normal 0 -1 0
    outer loop
      vertex 99.1 62 1.2
      vertex 76 62 4
      vertex 98.1 62 1.2
    endloop
  endfacet
  facet normal 0 -1 0
    outer loop
      vertex 99.7 62 1.2
      vertex 76 62 4
      vertex 99.1 62 1.2
    endloop
  endfacet
  facet normal 0 -1 0
    outer loop
      vertex 100.7 62 1.2
      vertex 76 62 4
      vertex 99.7 62 1.2
    endloop
  endfacet
  facet normal 0 -1 0
    outer loop
      vertex 101.3 62 1.2
      vertex 76 62 4
      vertex 100.7 62 1.2
    endloop
  endfacet
  facet normal 0 -1 0
    outer loop
      vertex 102.3 62 1.2
      vertex 76 62 4
      vertex 101.3 62 1.2
    endloop
  endfacet
  facet normal 0 -1 0
    outer loop
      vertex 102.9 62 1.2
      vertex 76 62 4
      vertex 102.3 62 1.2
    endloop
  endfacet
  facet normal 0 -1 0
    outer loop
      vertex 103.9 62 1.2
      vertex 76 62 4
      vertex 102.9 62 1.2
    endloop
  endfacet
  facet normal 0 -1 0
    outer loop
      vertex 76 62 4
      vertex 103.9 62 1.2
      vertex 134 62 4
    endloop
  endfacet
  facet normal 0 -1 0
    outer loop
      vertex 104.5 62 1.2
      vertex 134 62 4
      vertex 103.9 62 1.2
    endloop
  endfacet
  facet normal 0 -1 0
    outer loop
      vertex 105.5 62 1.2
      vertex 134 62 4
      vertex 104.5 62 1.2
    endloop
  endfacet
  facet normal 0 -1 0
    outer loop
      vertex 106.1 62 1.2
      vertex 134 62 4
      vertex 105.5 62 1.2
    endloop
  endfacet
  facet normal 0 -1 0
    outer loop
      vertex 107.1 62 1.2
      vertex 134 62 4
      vertex 106.1 62 1.2
    endloop
  endfacet
  facet normal 0 -1 0
    outer loop
      vertex 107.7 62 1.2
      vertex 134 62 4
      vertex 107.1 62 1.2
    endloop
  endfacet
  facet normal 0 -1 0
    outer loop
      vertex 108.7 62 1.2
      vertex 134 62 4
      vertex 107.7 62 1.2
    endloop
  endfacet
  facet normal 0 -1 0
    outer loop
      vertex 109.3 62 1.2
      vertex 134 62 4
      vertex 108.7 62 1.2
    endloop
  endfacet
  facet normal 0 -1 0
    outer loop
      vertex 110.3 62 1.2
      vertex 134 62 4
      vertex 109.3 62 1.2
    endloop
  endfacet
  facet normal 0 -1 0
    outer loop
      vertex 110.9 62 1.2
      vertex 134 62 4
      vertex 110.3 62 1.2
    endloop
  endfacet
  facet normal 0 -1 0
    outer loop
      vertex 111.9 62 1.2
      vertex 134 62 4
      vertex 110.9 62 1.2
    endloop
  endfacet
  facet normal 0 -1 0
    outer loop
      vertex 112.5 62 1.2
      vertex 134 62 4
      vertex 111.9 62 1.2
    endloop
  endfacet
  facet normal 0 -1 0
    outer loop
      vertex 113.5 62 1.2
      vertex 134 62 4
      vertex 112.5 62 1.2
    endloop
  endfacet
  facet normal 0 -1 0
    outer loop
      vertex 114.1 62 1.2
      vertex 134 62 4
      vertex 113.5 62 1.2
    endloop
  endfacet
  facet normal 0 -1 0
    outer loop
      vertex 115.1 62 1.2
      vertex 134 62 4
      vertex 114.1 62 1.2
    endloop
  endfacet
  facet normal 0 -1 0
    outer loop
      vertex 115.7 62 1.2
      vertex 134 62 4
      vertex 115.1 62 1.2
    endloop
  endfacet
  facet normal 0 -1 0
    outer loop
      vertex 116.7 62 1.2
      vertex 134 62 4
      vertex 115.7 62 1.2
    endloop
  endfacet
  facet normal 0 -1 0
    outer loop
      vertex 117.3 62 1.2
      vertex 134 62 4
      vertex 116.7 62 1.2
    endloop
  endfacet
  facet normal 0 -1 0
    outer loop
      vertex 118.3 62 1.2
      vertex 134 62 4
      vertex 117.3 62 1.2
    endloop
  endfacet
  facet normal 0 -1 0
    outer loop
      vertex 118.9 62 1.2
      vertex 134 62 4
      vertex 118.3 62 1.2
    endloop
  endfacet
  facet normal 0 -1 0
    outer loop
      vertex 119.9 62 1.2
      vertex 134 62 4
      vertex 118.9 62 1.2
    endloop
  endfacet
  facet normal 0 -1 0
    outer loop
      vertex 120.5 62 1.2
      vertex 134 62 4
      vertex 119.9 62 1.2
    endloop
  endfacet
  facet normal 0 -1 0
    outer loop
      vertex 121.5 62 1.2
      vertex 134 62 4
      vertex 120.5 62 1.2
    endloop
  endfacet
  facet normal 0 -1 0
    outer loop
      vertex 122.1 62 1.2
      vertex 134 62 4
      vertex 121.5 62 1.2
    endloop
  endfacet
  facet normal 0 -1 0
    outer loop
      vertex 123.1 62 1.2
      vertex 134 62 4
      vertex 122.1 62 1.2
    endloop
  endfacet
  facet normal 0 -1 0
    outer loop
      vertex 123.7 62 1.2
      vertex 134 62 4
      vertex 123.1 62 1.2
    endloop
  endfacet
  facet normal 0 -1 0
    outer loop
      vertex 124.7 62 1.2
      vertex 134 62 4
      vertex 123.7 62 1.2
    endloop
  endfacet
  facet normal 0 -1 0
    outer loop
      vertex 125.3 62 1.2
      vertex 134 62 4
      vertex 124.7 62 1.2
    endloop
  endfacet
  facet normal 0 -1 0
    outer loop
      vertex 126.3 62 1.2
      vertex 134 62 4
      vertex 125.3 62 1.2
    endloop
  endfacet
  facet normal 0 -1 0
    outer loop
      vertex 126.9 62 1.2
      vertex 134 62 4
      vertex 126.3 62 1.2
    endloop
  endfacet
  facet normal 0 -1 0
    outer loop
      vertex 127.9 62 1.2
      vertex 134 62 4
      vertex 126.9 62 1.2
    endloop
  endfacet
  facet normal 0 -1 0
    outer loop
      vertex 128.5 62 1.2
      vertex 134 62 4
      vertex 127.9 62 1.2
    endloop
  endfacet
  facet normal 0 -1 0
    outer loop
      vertex 129.5 62 1.2
      vertex 134 62 4
      vertex 128.5 62 1.2
    endloop
  endfacet
  facet normal 0 -1 0
    outer loop
      vertex 130.1 62 1.2
      vertex 134 62 4
      vertex 129.5 62 1.2
    endloop
  endfacet
  facet normal 0 -1 0
    outer loop
      vertex 131.1 62 1.2
      vertex 134 62 4
      vertex 130.1 62 1.2
    endloop
  endfacet
  facet normal 0 -1 0
    outer loop
      vertex 131.7 62 1.2
      vertex 134 62 4
      vertex 131.1 62 1.2
    endloop
  endfacet
  facet normal 0 -1 0
    outer loop
      vertex 132.7 62 1.2
      vertex 134 62 4
      vertex 131.7 62 1.2
    endloop
  endfacet
  facet normal 0 -1 0
    outer loop
      vertex 133.3 62 1.2
      vertex 134 62 4
      vertex 132.7 62 1.2
    endloop
  endfacet
  facet normal 0 -1 -0
    outer loop
      vertex 134 62 4
      vertex 133.3 62 1.2
      vertex 134 62 1.2
    endloop
  endfacet
  facet normal 0 -1 0
    outer loop
      vertex 76.7 62 0
      vertex 77.3 62 1.1
      vertex 76.7 62 1.1
    endloop
  endfacet
  facet normal 0 -1 -0
    outer loop
      vertex 77.3 62 1.1
      vertex 76.7 62 0
      vertex 77.3 62 0
    endloop
  endfacet
  facet normal 0 -1 0
    outer loop
      vertex 78.3 62 0
      vertex 78.9 62 1.1
      vertex 78.3 62 1.1
    endloop
  endfacet
  facet normal 0 -1 -0
    outer loop
      vertex 78.9 62 1.1
      vertex 78.3 62 0
      vertex 78.9 62 0
    endloop
  endfacet
  facet normal 0 -1 0
    outer loop
      vertex 79.9 62 0
      vertex 80.5 62 1.1
      vertex 79.9 62 1.1
    endloop
  endfacet
  facet normal 0 -1 -0
    outer loop
      vertex 80.5 62 1.1
      vertex 79.9 62 0
      vertex 80.5 62 0
    endloop
  endfacet
  facet normal 0 -1 0
    outer loop
      vertex 81.5 62 0
      vertex 82.1 62 1.1
      vertex 81.5 62 1.1
    endloop
  endfacet
  facet normal 0 -1 -0
    outer loop
      vertex 82.1 62 1.1
      vertex 81.5 62 0
      vertex 82.1 62 0
    endloop
  endfacet
  facet normal 0 -1 0
    outer loop
      vertex 83.1 62 0
      vertex 83.7 62 1.1
      vertex 83.1 62 1.1
    endloop
  endfacet
  facet normal 0 -1 -0
    outer loop
      vertex 83.7 62 1.1
      vertex 83.1 62 0
      vertex 83.7 62 0
    endloop
  endfacet
  facet normal 0 -1 0
    outer loop
      vertex 84.7 62 0
      vertex 85.3 62 1.1
      vertex 84.7 62 1.1
    endloop
  endfacet
  facet normal 0 -1 -0
    outer loop
      vertex 85.3 62 1.1
      vertex 84.7 62 0
      vertex 85.3 62 0
    endloop
  endfacet
  facet normal 0 -1 0
    outer loop
      vertex 86.3 62 0
      vertex 86.9 62 1.1
      vertex 86.3 62 1.1
    endloop
  endfacet
  facet normal 0 -1 -0
    outer loop
      vertex 86.9 62 1.1
      vertex 86.3 62 0
      vertex 86.9 62 0
    endloop
  endfacet
  facet normal 0 -1 0
    outer loop
      vertex 87.9 62 0
      vertex 88.5 62 1.1
      vertex 87.9 62 1.1
    endloop
  endfacet
  facet normal 0 -1 -0
    outer loop
      vertex 88.5 62 1.1
      vertex 87.9 62 0
      vertex 88.5 62 0
    endloop
  endfacet
  facet normal 0 -1 0
    outer loop
      vertex 89.5 62 0
      vertex 90.1 62 1.1
      vertex 89.5 62 1.1
    endloop
  endfacet
  facet normal 0 -1 -0
    outer loop
      vertex 90.1 62 1.1
      vertex 89.5 62 0
      vertex 90.1 62 0
    endloop
  endfacet
  facet normal 0 -1 0
    outer loop
      vertex 91.1 62 0
      vertex 91.7 62 1.1
      vertex 91.1 62 1.1
    endloop
  endfacet
  facet normal 0 -1 -0
    outer loop
      vertex 91.7 62 1.1
      vertex 91.1 62 0
      vertex 91.7 62 0
    endloop
  endfacet
  facet normal 0 -1 0
    outer loop
      vertex 92.7 62 0
      vertex 93.3 62 1.1
      vertex 92.7 62 1.1
    endloop
  endfacet
  facet normal 0 -1 -0
    outer loop
      vertex 93.3 62 1.1
      vertex 92.7 62 0
      vertex 93.3 62 0
    endloop
  endfacet
  facet normal 0 -1 0
    outer loop
      vertex 94.3 62 0
      vertex 94.9 62 1.1
      vertex 94.3 62 1.1
    endloop
  endfacet
  facet normal 0 -1 -0
    outer loop
      vertex 94.9 62 1.1
      vertex 94.3 62 0
      vertex 94.9 62 0
    endloop
  endfacet
  facet normal 0 -1 0
    outer loop
      vertex 95.9 62 0
      vertex 96.5 62 1.1
      vertex 95.9 62 1.1
    endloop
  endfacet
  facet normal 0 -1 -0
    outer loop
      vertex 96.5 62 1.1
      vertex 95.9 62 0
      vertex 96.5 62 0
    endloop
  endfacet
  facet normal 0 -1 0
    outer loop
      vertex 97.5 62 0
      vertex 98.1 62 1.1
      vertex 97.5 62 1.1
    endloop
  endfacet
  facet normal 0 -1 -0
    outer loop
      vertex 98.1 62 1.1
      vertex 97.5 62 0
      vertex 98.1 62 0
    endloop
  endfacet
  facet normal 0 -1 0
    outer loop
      vertex 99.1 62 0
      vertex 99.7 62 1.1
      vertex 99.1 62 1.1
    endloop
  endfacet
  facet normal 0 -1 -0
    outer loop
      vertex 99.7 62 1.1
      vertex 99.1 62 0
      vertex 99.7 62 0
    endloop
  endfacet
  facet normal 0 -1 0
    outer loop
      vertex 100.7 62 0
      vertex 101.3 62 1.1
      vertex 100.7 62 1.1
    endloop
  endfacet
  facet normal 0 -1 -0
    outer loop
      vertex 101.3 62 1.1
      vertex 100.7 62 0
      vertex 101.3 62 0
    endloop
  endfacet
  facet normal 0 -1 0
    outer loop
      vertex 102.3 62 0
      vertex 102.9 62 1.1
      vertex 102.3 62 1.1
    endloop
  endfacet
  facet normal 0 -1 -0
    outer loop
      vertex 102.9 62 1.1
      vertex 102.3 62 0
      vertex 102.9 62 0
    endloop
  endfacet
  facet normal 0 -1 0
    outer loop
      vertex 103.9 62 0
      vertex 104.5 62 1.1
      vertex 103.9 62 1.1
    endloop
  endfacet
  facet normal 0 -1 -0
    outer loop
      vertex 104.5 62 1.1
      vertex 103.9 62 0
      vertex 104.5 62 0
    endloop
  endfacet
  facet normal 0 -1 0
    outer loop
      vertex 105.5 62 0
      vertex 106.1 62 1.1
      vertex 105.5 62 1.1
    endloop
  endfacet
  facet normal 0 -1 -0
    outer loop
      vertex 106.1 62 1.1
      vertex 105.5 62 0
      vertex 106.1 62 0
    endloop
  endfacet
  facet normal 0 -1 0
    outer loop
      vertex 107.1 62 0
      vertex 107.7 62 1.1
      vertex 107.1 62 1.1
    endloop
  endfacet
  facet normal 0 -1 -0
    outer loop
      vertex 107.7 62 1.1
      vertex 107.1 62 0
      vertex 107.7 62 0
    endloop
  endfacet
  facet normal 0 -1 0
    outer loop
      vertex 108.7 62 0
      vertex 109.3 62 1.1
      vertex 108.7 62 1.1
    endloop
  endfacet
  facet normal 0 -1 -0
    outer loop
      vertex 109.3 62 1.1
      vertex 108.7 62 0
      vertex 109.3 62 0
    endloop
  endfacet
  facet normal 0 -1 0
    outer loop
      vertex 110.3 62 0
      vertex 110.9 62 1.1
      vertex 110.3 62 1.1
    endloop
  endfacet
  facet normal 0 -1 -0
    outer loop
      vertex 110.9 62 1.1
      vertex 110.3 62 0
      vertex 110.9 62 0
    endloop
  endfacet
  facet normal 0 -1 0
    outer loop
      vertex 111.9 62 0
      vertex 112.5 62 1.1
      vertex 111.9 62 1.1
    endloop
  endfacet
  facet normal 0 -1 -0
    outer loop
      vertex 112.5 62 1.1
      vertex 111.9 62 0
      vertex 112.5 62 0
    endloop
  endfacet
  facet normal 0 -1 0
    outer loop
      vertex 113.5 62 0
      vertex 114.1 62 1.1
      vertex 113.5 62 1.1
    endloop
  endfacet
  facet normal 0 -1 -0
    outer loop
      vertex 114.1 62 1.1
      vertex 113.5 62 0
      vertex 114.1 62 0
    endloop
  endfacet
  facet normal 0 -1 0
    outer loop
      vertex 115.1 62 0
      vertex 115.7 62 1.1
      vertex 115.1 62 1.1
    endloop
  endfacet
  facet normal 0 -1 -0
    outer loop
      vertex 115.7 62 1.1
      vertex 115.1 62 0
      vertex 115.7 62 0
    endloop
  endfacet
  facet normal 0 -1 0
    outer loop
      vertex 116.7 62 0
      vertex 117.3 62 1.1
      vertex 116.7 62 1.1
    endloop
  endfacet
  facet normal 0 -1 -0
    outer loop
      vertex 117.3 62 1.1
      vertex 116.7 62 0
      vertex 117.3 62 0
    endloop
  endfacet
  facet normal 0 -1 0
    outer loop
      vertex 118.3 62 0
      vertex 118.9 62 1.1
      vertex 118.3 62 1.1
    endloop
  endfacet
  facet normal 0 -1 -0
    outer loop
      vertex 118.9 62 1.1
      vertex 118.3 62 0
      vertex 118.9 62 0
    endloop
  endfacet
  facet normal 0 -1 0
    outer loop
      vertex 119.9 62 0
      vertex 120.5 62 1.1
      vertex 119.9 62 1.1
    endloop
  endfacet
  facet normal 0 -1 -0
    outer loop
      vertex 120.5 62 1.1
      vertex 119.9 62 0
      vertex 120.5 62 0
    endloop
  endfacet
  facet normal 0 -1 0
    outer loop
      vertex 121.5 62 0
      vertex 122.1 62 1.1
      vertex 121.5 62 1.1
    endloop
  endfacet
  facet normal 0 -1 -0
    outer loop
      vertex 122.1 62 1.1
      vertex 121.5 62 0
      vertex 122.1 62 0
    endloop
  endfacet
  facet normal 0 -1 0
    outer loop
      vertex 123.1 62 0
      vertex 123.7 62 1.1
      vertex 123.1 62 1.1
    endloop
  endfacet
  facet normal 0 -1 -0
    outer loop
      vertex 123.7 62 1.1
      vertex 123.1 62 0
      vertex 123.7 62 0
    endloop
  endfacet
  facet normal 0 -1 0
    outer loop
      vertex 124.7 62 0
      vertex 125.3 62 1.1
      vertex 124.7 62 1.1
    endloop
  endfacet
  facet normal 0 -1 -0
    outer loop
      vertex 125.3 62 1.1
      vertex 124.7 62 0
      vertex 125.3 62 0
    endloop
  endfacet
  facet normal 0 -1 0
    outer loop
      vertex 126.3 62 0
      vertex 126.9 62 1.1
      vertex 126.3 62 1.1
    endloop
  endfacet
  facet normal 0 -1 -0
    outer loop
      vertex 126.9 62 1.1
      vertex 126.3 62 0
      vertex 126.9 62 0
    endloop
  endfacet
  facet normal 0 -1 0
    outer loop
      vertex 127.9 62 0
      vertex 128.5 62 1.1
      vertex 127.9 62 1.1
    endloop
  endfacet
  facet normal 0 -1 -0
    outer loop
      vertex 128.5 62 1.1
      vertex 127.9 62 0
      vertex 128.5 62 0
    endloop
  endfacet
  facet normal 0 -1 0
    outer loop
      vertex 129.5 62 0
      vertex 130.1 62 1.1
      vertex 129.5 62 1.1
    endloop
  endfacet
  facet normal 0 -1 -0
    outer loop
      vertex 130.1 62 1.1
      vertex 129.5 62 0
      vertex 130.1 62 0
    endloop
  endfacet
  facet normal 0 -1 0
    outer loop
      vertex 131.1 62 0
      vertex 131.7 62 1.1
      vertex 131.1 62 1.1
    endloop
  endfacet
  facet normal 0 -1 -0
    outer loop
      vertex 131.7 62 1.1
      vertex 131.1 62 0
      vertex 131.7 62 0
    endloop
  endfacet
  facet normal 0 -1 0
    outer loop
      vertex 132.7 62 0
      vertex 133.3 62 1.1
      vertex 132.7 62 1.1
    endloop
  endfacet
  facet normal 0 -1 -0
    outer loop
      vertex 133.3 62 1.1
      vertex 132.7 62 0
      vertex 133.3 62 0
    endloop
  endfacet
  facet normal 0 1 -0
    outer loop
      vertex 77.3 52 1.1
      vertex 76.7 52 1.2
      vertex 77.3 52 1.2
    endloop
  endfacet
  facet normal 0 1 0
    outer loop
      vertex 76.7 52 1.2
      vertex 77.3 52 1.1
      vertex 76.7 52 1.1
    endloop
  endfacet
  facet normal 0 1 -0
    outer loop
      vertex 78.9 52 1.1
      vertex 78.3 52 1.2
      vertex 78.9 52 1.2
    endloop
  endfacet
  facet normal 0 1 0
    outer loop
      vertex 78.3 52 1.2
      vertex 78.9 52 1.1
      vertex 78.3 52 1.1
    endloop
  endfacet
  facet normal 0 1 -0
    outer loop
      vertex 80.5 52 1.1
      vertex 79.9 52 1.2
      vertex 80.5 52 1.2
    endloop
  endfacet
  facet normal 0 1 0
    outer loop
      vertex 79.9 52 1.2
      vertex 80.5 52 1.1
      vertex 79.9 52 1.1
    endloop
  endfacet
  facet normal 0 1 -0
    outer loop
      vertex 82.1 52 1.1
      vertex 81.5 52 1.2
      vertex 82.1 52 1.2
    endloop
  endfacet
  facet normal 0 1 0
    outer loop
      vertex 81.5 52 1.2
      vertex 82.1 52 1.1
      vertex 81.5 52 1.1
    endloop
  endfacet
  facet normal 0 1 -0
    outer loop
      vertex 83.7 52 1.1
      vertex 83.1 52 1.2
      vertex 83.7 52 1.2
    endloop
  endfacet
  facet normal 0 1 0
    outer loop
      vertex 83.1 52 1.2
      vertex 83.7 52 1.1
      vertex 83.1 52 1.1
    endloop
  endfacet
  facet normal 0 1 -0
    outer loop
      vertex 85.3 52 1.1
      vertex 84.7 52 1.2
      vertex 85.3 52 1.2
    endloop
  endfacet
  facet normal 0 1 0
    outer loop
      vertex 84.7 52 1.2
      vertex 85.3 52 1.1
      vertex 84.7 52 1.1
    endloop
  endfacet
  facet normal 0 1 -0
    outer loop
      vertex 86.9 52 1.1
      vertex 86.3 52 1.2
      vertex 86.9 52 1.2
    endloop
  endfacet
  facet normal 0 1 0
    outer loop
      vertex 86.3 52 1.2
      vertex 86.9 52 1.1
      vertex 86.3 52 1.1
    endloop
  endfacet
  facet normal 0 1 -0
    outer loop
      vertex 88.5 52 1.1
      vertex 87.9 52 1.2
      vertex 88.5 52 1.2
    endloop
  endfacet
  facet normal 0 1 0
    outer loop
      vertex 87.9 52 1.2
      vertex 88.5 52 1.1
      vertex 87.9 52 1.1
    endloop
  endfacet
  facet normal 0 1 -0
    outer loop
      vertex 90.1 52 1.1
      vertex 89.5 52 1.2
      vertex 90.1 52 1.2
    endloop
  endfacet
  facet normal 0 1 0
    outer loop
      vertex 89.5 52 1.2
      vertex 90.1 52 1.1
      vertex 89.5 52 1.1
    endloop
  endfacet
  facet normal 0 1 -0
    outer loop
      vertex 91.7 52 1.1
      vertex 91.1 52 1.2
      vertex 91.7 52 1.2
    endloop
  endfacet
  facet normal 0 1 0
    outer loop
      vertex 91.1 52 1.2
      vertex 91.7 52 1.1
      vertex 91.1 52 1.1
    endloop
  endfacet
  facet normal 0 1 -0
    outer loop
      vertex 93.3 52 1.1
      vertex 92.7 52 1.2
      vertex 93.3 52 1.2
    endloop
  endfacet
  facet normal 0 1 0
    outer loop
      vertex 92.7 52 1.2
      vertex 93.3 52 1.1
      vertex 92.7 52 1.1
    endloop
  endfacet
  facet normal 0 1 -0
    outer loop
      vertex 94.9 52 1.1
      vertex 94.3 52 1.2
      vertex 94.9 52 1.2
    endloop
  endfacet
  facet normal 0 1 0
    outer loop
      vertex 94.3 52 1.2
      vertex 94.9 52 1.1
      vertex 94.3 52 1.1
    endloop
  endfacet
  facet normal 0 1 -0
    outer loop
      vertex 96.5 52 1.1
      vertex 95.9 52 1.2
      vertex 96.5 52 1.2
    endloop
  endfacet
  facet normal 0 1 0
    outer loop
      vertex 95.9 52 1.2
      vertex 96.5 52 1.1
      vertex 95.9 52 1.1
    endloop
  endfacet
  facet normal 0 1 -0
    outer loop
      vertex 98.1 52 1.1
      vertex 97.5 52 1.2
      vertex 98.1 52 1.2
    endloop
  endfacet
  facet normal 0 1 0
    outer loop
      vertex 97.5 52 1.2
      vertex 98.1 52 1.1
      vertex 97.5 52 1.1
    endloop
  endfacet
  facet normal 0 1 -0
    outer loop
      vertex 99.7 52 1.1
      vertex 99.1 52 1.2
      vertex 99.7 52 1.2
    endloop
  endfacet
  facet normal 0 1 0
    outer loop
      vertex 99.1 52 1.2
      vertex 99.7 52 1.1
      vertex 99.1 52 1.1
    endloop
  endfacet
  facet normal 0 1 -0
    outer loop
      vertex 101.3 52 1.1
      vertex 100.7 52 1.2
      vertex 101.3 52 1.2
    endloop
  endfacet
  facet normal 0 1 0
    outer loop
      vertex 100.7 52 1.2
      vertex 101.3 52 1.1
      vertex 100.7 52 1.1
    endloop
  endfacet
  facet normal 0 1 -0
    outer loop
      vertex 102.9 52 1.1
      vertex 102.3 52 1.2
      vertex 102.9 52 1.2
    endloop
  endfacet
  facet normal 0 1 0
    outer loop
      vertex 102.3 52 1.2
      vertex 102.9 52 1.1
      vertex 102.3 52 1.1
    endloop
  endfacet
  facet normal 0 1 -0
    outer loop
      vertex 104.5 52 1.1
      vertex 103.9 52 1.2
      vertex 104.5 52 1.2
    endloop
  endfacet
  facet normal 0 1 0
    outer loop
      vertex 103.9 52 1.2
      vertex 104.5 52 1.1
      vertex 103.9 52 1.1
    endloop
  endfacet
  facet normal 0 1 -0
    outer loop
      vertex 106.1 52 1.1
      vertex 105.5 52 1.2
      vertex 106.1 52 1.2
    endloop
  endfacet
  facet normal 0 1 0
    outer loop
      vertex 105.5 52 1.2
      vertex 106.1 52 1.1
      vertex 105.5 52 1.1
    endloop
  endfacet
  facet normal 0 1 -0
    outer loop
      vertex 107.7 52 1.1
      vertex 107.1 52 1.2
      vertex 107.7 52 1.2
    endloop
  endfacet
  facet normal 0 1 0
    outer loop
      vertex 107.1 52 1.2
      vertex 107.7 52 1.1
      vertex 107.1 52 1.1
    endloop
  endfacet
  facet normal 0 1 -0
    outer loop
      vertex 109.3 52 1.1
      vertex 108.7 52 1.2
      vertex 109.3 52 1.2
    endloop
  endfacet
  facet normal 0 1 0
    outer loop
      vertex 108.7 52 1.2
      vertex 109.3 52 1.1
      vertex 108.7 52 1.1
    endloop
  endfacet
  facet normal 0 1 -0
    outer loop
      vertex 110.9 52 1.1
      vertex 110.3 52 1.2
      vertex 110.9 52 1.2
    endloop
  endfacet
  facet normal 0 1 0
    outer loop
      vertex 110.3 52 1.2
      vertex 110.9 52 1.1
      vertex 110.3 52 1.1
    endloop
  endfacet
  facet normal 0 1 -0
    outer loop
      vertex 112.5 52 1.1
      vertex 111.9 52 1.2
      vertex 112.5 52 1.2
    endloop
  endfacet
  facet normal 0 1 0
    outer loop
      vertex 111.9 52 1.2
      vertex 112.5 52 1.1
      vertex 111.9 52 1.1
    endloop
  endfacet
  facet normal 0 1 -0
    outer loop
      vertex 114.1 52 1.1
      vertex 113.5 52 1.2
      vertex 114.1 52 1.2
    endloop
  endfacet
  facet normal 0 1 0
    outer loop
      vertex 113.5 52 1.2
      vertex 114.1 52 1.1
      vertex 113.5 52 1.1
    endloop
  endfacet
  facet normal 0 1 -0
    outer loop
      vertex 115.7 52 1.1
      vertex 115.1 52 1.2
      vertex 115.7 52 1.2
    endloop
  endfacet
  facet normal 0 1 0
    outer loop
      vertex 115.1 52 1.2
      vertex 115.7 52 1.1
      vertex 115.1 52 1.1
    endloop
  endfacet
  facet normal 0 1 -0
    outer loop
      vertex 117.3 52 1.1
      vertex 116.7 52 1.2
      vertex 117.3 52 1.2
    endloop
  endfacet
  facet normal 0 1 0
    outer loop
      vertex 116.7 52 1.2
      vertex 117.3 52 1.1
      vertex 116.7 52 1.1
    endloop
  endfacet
  facet normal 0 1 -0
    outer loop
      vertex 118.9 52 1.1
      vertex 118.3 52 1.2
      vertex 118.9 52 1.2
    endloop
  endfacet
  facet normal 0 1 0
    outer loop
      vertex 118.3 52 1.2
      vertex 118.9 52 1.1
      vertex 118.3 52 1.1
    endloop
  endfacet
  facet normal 0 1 -0
    outer loop
      vertex 120.5 52 1.1
      vertex 119.9 52 1.2
      vertex 120.5 52 1.2
    endloop
  endfacet
  facet normal 0 1 0
    outer loop
      vertex 119.9 52 1.2
      vertex 120.5 52 1.1
      vertex 119.9 52 1.1
    endloop
  endfacet
  facet normal 0 1 -0
    outer loop
      vertex 122.1 52 1.1
      vertex 121.5 52 1.2
      vertex 122.1 52 1.2
    endloop
  endfacet
  facet normal 0 1 0
    outer loop
      vertex 121.5 52 1.2
      vertex 122.1 52 1.1
      vertex 121.5 52 1.1
    endloop
  endfacet
  facet normal 0 1 -0
    outer loop
      vertex 123.7 52 1.1
      vertex 123.1 52 1.2
      vertex 123.7 52 1.2
    endloop
  endfacet
  facet normal 0 1 0
    outer loop
      vertex 123.1 52 1.2
      vertex 123.7 52 1.1
      vertex 123.1 52 1.1
    endloop
  endfacet
  facet normal 0 1 -0
    outer loop
      vertex 125.3 52 1.1
      vertex 124.7 52 1.2
      vertex 125.3 52 1.2
    endloop
  endfacet
  facet normal 0 1 0
    outer loop
      vertex 124.7 52 1.2
      vertex 125.3 52 1.1
      vertex 124.7 52 1.1
    endloop
  endfacet
  facet normal 0 1 -0
    outer loop
      vertex 126.9 52 1.1
      vertex 126.3 52 1.2
      vertex 126.9 52 1.2
    endloop
  endfacet
  facet normal 0 1 0
    outer loop
      vertex 126.3 52 1.2
      vertex 126.9 52 1.1
      vertex 126.3 52 1.1
    endloop
  endfacet
  facet normal 0 1 -0
    outer loop
      vertex 128.5 52 1.1
      vertex 127.9 52 1.2
      vertex 128.5 52 1.2
    endloop
  endfacet
  facet normal 0 1 0
    outer loop
      vertex 127.9 52 1.2
      vertex 128.5 52 1.1
      vertex 127.9 52 1.1
    endloop
  endfacet
  facet normal 0 1 -0
    outer loop
      vertex 130.1 52 1.1
      vertex 129.5 52 1.2
      vertex 130.1 52 1.2
    endloop
  endfacet
  facet normal 0 1 0
    outer loop
      vertex 129.5 52 1.2
      vertex 130.1 52 1.1
      vertex 129.5 52 1.1
    endloop
  endfacet
  facet normal 0 1 -0
    outer loop
      vertex 131.7 52 1.1
      vertex 131.1 52 1.2
      vertex 131.7 52 1.2
    endloop
  endfacet
  facet normal 0 1 0
    outer loop
      vertex 131.1 52 1.2
      vertex 131.7 52 1.1
      vertex 131.1 52 1.1
    endloop
  endfacet
  facet normal 0 1 -0
    outer loop
      vertex 133.3 52 1.1
      vertex 132.7 52 1.2
      vertex 133.3 52 1.2
    endloop
  endfacet
  facet normal 0 1 0
    outer loop
      vertex 132.7 52 1.2
      vertex 133.3 52 1.1
      vertex 132.7 52 1.1
    endloop
  endfacet
  facet normal 0 1 0
    outer loop
      vertex 133.3 52 1.2
      vertex 134 52 4
      vertex 134 52 1.2
    endloop
  endfacet
  facet normal 0 1 0
    outer loop
      vertex 132.7 52 1.2
      vertex 134 52 4
      vertex 133.3 52 1.2
    endloop
  endfacet
  facet normal 0 1 0
    outer loop
      vertex 131.7 52 1.2
      vertex 134 52 4
      vertex 132.7 52 1.2
    endloop
  endfacet
  facet normal 0 1 0
    outer loop
      vertex 131.1 52 1.2
      vertex 134 52 4
      vertex 131.7 52 1.2
    endloop
  endfacet
  facet normal 0 1 0
    outer loop
      vertex 130.1 52 1.2
      vertex 134 52 4
      vertex 131.1 52 1.2
    endloop
  endfacet
  facet normal 0 1 0
    outer loop
      vertex 129.5 52 1.2
      vertex 134 52 4
      vertex 130.1 52 1.2
    endloop
  endfacet
  facet normal 0 1 0
    outer loop
      vertex 128.5 52 1.2
      vertex 134 52 4
      vertex 129.5 52 1.2
    endloop
  endfacet
  facet normal 0 1 0
    outer loop
      vertex 127.9 52 1.2
      vertex 134 52 4
      vertex 128.5 52 1.2
    endloop
  endfacet
  facet normal 0 1 0
    outer loop
      vertex 126.9 52 1.2
      vertex 134 52 4
      vertex 127.9 52 1.2
    endloop
  endfacet
  facet normal 0 1 0
    outer loop
      vertex 126.3 52 1.2
      vertex 134 52 4
      vertex 126.9 52 1.2
    endloop
  endfacet
  facet normal 0 1 0
    outer loop
      vertex 125.3 52 1.2
      vertex 134 52 4
      vertex 126.3 52 1.2
    endloop
  endfacet
  facet normal 0 1 0
    outer loop
      vertex 124.7 52 1.2
      vertex 134 52 4
      vertex 125.3 52 1.2
    endloop
  endfacet
  facet normal 0 1 0
    outer loop
      vertex 123.7 52 1.2
      vertex 134 52 4
      vertex 124.7 52 1.2
    endloop
  endfacet
  facet normal 0 1 0
    outer loop
      vertex 123.1 52 1.2
      vertex 134 52 4
      vertex 123.7 52 1.2
    endloop
  endfacet
  facet normal 0 1 0
    outer loop
      vertex 122.1 52 1.2
      vertex 134 52 4
      vertex 123.1 52 1.2
    endloop
  endfacet
  facet normal 0 1 0
    outer loop
      vertex 121.5 52 1.2
      vertex 134 52 4
      vertex 122.1 52 1.2
    endloop
  endfacet
  facet normal 0 1 0
    outer loop
      vertex 120.5 52 1.2
      vertex 134 52 4
      vertex 121.5 52 1.2
    endloop
  endfacet
  facet normal 0 1 0
    outer loop
      vertex 119.9 52 1.2
      vertex 134 52 4
      vertex 120.5 52 1.2
    endloop
  endfacet
  facet normal 0 1 0
    outer loop
      vertex 118.9 52 1.2
      vertex 134 52 4
      vertex 119.9 52 1.2
    endloop
  endfacet
  facet normal 0 1 0
    outer loop
      vertex 118.3 52 1.2
      vertex 134 52 4
      vertex 118.9 52 1.2
    endloop
  endfacet
  facet normal 0 1 0
    outer loop
      vertex 117.3 52 1.2
      vertex 134 52 4
      vertex 118.3 52 1.2
    endloop
  endfacet
  facet normal 0 1 0
    outer loop
      vertex 116.7 52 1.2
      vertex 134 52 4
      vertex 117.3 52 1.2
    endloop
  endfacet
  facet normal 0 1 0
    outer loop
      vertex 115.7 52 1.2
      vertex 134 52 4
      vertex 116.7 52 1.2
    endloop
  endfacet
  facet normal 0 1 0
    outer loop
      vertex 115.1 52 1.2
      vertex 134 52 4
      vertex 115.7 52 1.2
    endloop
  endfacet
  facet normal 0 1 0
    outer loop
      vertex 114.1 52 1.2
      vertex 134 52 4
      vertex 115.1 52 1.2
    endloop
  endfacet
  facet normal 0 1 0
    outer loop
      vertex 113.5 52 1.2
      vertex 134 52 4
      vertex 114.1 52 1.2
    endloop
  endfacet
  facet normal 0 1 0
    outer loop
      vertex 112.5 52 1.2
      vertex 134 52 4
      vertex 113.5 52 1.2
    endloop
  endfacet
  facet normal 0 1 0
    outer loop
      vertex 111.9 52 1.2
      vertex 134 52 4
      vertex 112.5 52 1.2
    endloop
  endfacet
  facet normal 0 1 0
    outer loop
      vertex 110.9 52 1.2
      vertex 134 52 4
      vertex 111.9 52 1.2
    endloop
  endfacet
  facet normal 0 1 0
    outer loop
      vertex 110.3 52 1.2
      vertex 134 52 4
      vertex 110.9 52 1.2
    endloop
  endfacet
  facet normal 0 1 0
    outer loop
      vertex 109.3 52 1.2
      vertex 134 52 4
      vertex 110.3 52 1.2
    endloop
  endfacet
  facet normal 0 1 0
    outer loop
      vertex 108.7 52 1.2
      vertex 134 52 4
      vertex 109.3 52 1.2
    endloop
  endfacet
  facet normal 0 1 0
    outer loop
      vertex 107.7 52 1.2
      vertex 134 52 4
      vertex 108.7 52 1.2
    endloop
  endfacet
  facet normal 0 1 0
    outer loop
      vertex 107.1 52 1.2
      vertex 134 52 4
      vertex 107.7 52 1.2
    endloop
  endfacet
  facet normal 0 1 0
    outer loop
      vertex 106.1 52 1.2
      vertex 134 52 4
      vertex 107.1 52 1.2
    endloop
  endfacet
  facet normal 0 1 0
    outer loop
      vertex 134 52 4
      vertex 106.1 52 1.2
      vertex 76 52 4
    endloop
  endfacet
  facet normal 0 1 -0
    outer loop
      vertex 105.5 52 1.2
      vertex 76 52 4
      vertex 106.1 52 1.2
    endloop
  endfacet
  facet normal 0 1 -0
    outer loop
      vertex 104.5 52 1.2
      vertex 76 52 4
      vertex 105.5 52 1.2
    endloop
  endfacet
  facet normal 0 1 -0
    outer loop
      vertex 103.9 52 1.2
      vertex 76 52 4
      vertex 104.5 52 1.2
    endloop
  endfacet
  facet normal 0 1 -0
    outer loop
      vertex 102.9 52 1.2
      vertex 76 52 4
      vertex 103.9 52 1.2
    endloop
  endfacet
  facet normal 0 1 -0
    outer loop
      vertex 102.3 52 1.2
      vertex 76 52 4
      vertex 102.9 52 1.2
    endloop
  endfacet
  facet normal 0 1 -0
    outer loop
      vertex 101.3 52 1.2
      vertex 76 52 4
      vertex 102.3 52 1.2
    endloop
  endfacet
  facet normal 0 1 -0
    outer loop
      vertex 100.7 52 1.2
      vertex 76 52 4
      vertex 101.3 52 1.2
    endloop
  endfacet
  facet normal 0 1 -0
    outer loop
      vertex 99.7 52 1.2
      vertex 76 52 4
      vertex 100.7 52 1.2
    endloop
  endfacet
  facet normal 0 1 -0
    outer loop
      vertex 99.1 52 1.2
      vertex 76 52 4
      vertex 99.7 52 1.2
    endloop
  endfacet
  facet normal 0 1 -0
    outer loop
      vertex 98.1 52 1.2
      vertex 76 52 4
      vertex 99.1 52 1.2
    endloop
  endfacet
  facet normal 0 1 -0
    outer loop
      vertex 97.5 52 1.2
      vertex 76 52 4
      vertex 98.1 52 1.2
    endloop
  endfacet
  facet normal 0 1 -0
    outer loop
      vertex 96.5 52 1.2
      vertex 76 52 4
      vertex 97.5 52 1.2
    endloop
  endfacet
  facet normal 0 1 -0
    outer loop
      vertex 95.9 52 1.2
      vertex 76 52 4
      vertex 96.5 52 1.2
    endloop
  endfacet
  facet normal 0 1 -0
    outer loop
      vertex 94.9 52 1.2
      vertex 76 52 4
      vertex 95.9 52 1.2
    endloop
  endfacet
  facet normal 0 1 -0
    outer loop
      vertex 94.3 52 1.2
      vertex 76 52 4
      vertex 94.9 52 1.2
    endloop
  endfacet
  facet normal 0 1 -0
    outer loop
      vertex 93.3 52 1.2
      vertex 76 52 4
      vertex 94.3 52 1.2
    endloop
  endfacet
  facet normal 0 1 -0
    outer loop
      vertex 92.7 52 1.2
      vertex 76 52 4
      vertex 93.3 52 1.2
    endloop
  endfacet
  facet normal 0 1 -0
    outer loop
      vertex 91.7 52 1.2
      vertex 76 52 4
      vertex 92.7 52 1.2
    endloop
  endfacet
  facet normal 0 1 -0
    outer loop
      vertex 91.1 52 1.2
      vertex 76 52 4
      vertex 91.7 52 1.2
    endloop
  endfacet
  facet normal 0 1 -0
    outer loop
      vertex 90.1 52 1.2
      vertex 76 52 4
      vertex 91.1 52 1.2
    endloop
  endfacet
  facet normal 0 1 -0
    outer loop
      vertex 89.5 52 1.2
      vertex 76 52 4
      vertex 90.1 52 1.2
    endloop
  endfacet
  facet normal 0 1 -0
    outer loop
      vertex 88.5 52 1.2
      vertex 76 52 4
      vertex 89.5 52 1.2
    endloop
  endfacet
  facet normal 0 1 -0
    outer loop
      vertex 87.9 52 1.2
      vertex 76 52 4
      vertex 88.5 52 1.2
    endloop
  endfacet
  facet normal 0 1 -0
    outer loop
      vertex 86.9 52 1.2
      vertex 76 52 4
      vertex 87.9 52 1.2
    endloop
  endfacet
  facet normal 0 1 -0
    outer loop
      vertex 86.3 52 1.2
      vertex 76 52 4
      vertex 86.9 52 1.2
    endloop
  endfacet
  facet normal 0 1 -0
    outer loop
      vertex 85.3 52 1.2
      vertex 76 52 4
      vertex 86.3 52 1.2
    endloop
  endfacet
  facet normal 0 1 -0
    outer loop
      vertex 84.7 52 1.2
      vertex 76 52 4
      vertex 85.3 52 1.2
    endloop
  endfacet
  facet normal 0 1 -0
    outer loop
      vertex 83.7 52 1.2
      vertex 76 52 4
      vertex 84.7 52 1.2
    endloop
  endfacet
  facet normal 0 1 -0
    outer loop
      vertex 83.1 52 1.2
      vertex 76 52 4
      vertex 83.7 52 1.2
    endloop
  endfacet
  facet normal 0 1 -0
    outer loop
      vertex 82.1 52 1.2
      vertex 76 52 4
      vertex 83.1 52 1.2
    endloop
  endfacet
  facet normal 0 1 -0
    outer loop
      vertex 81.5 52 1.2
      vertex 76 52 4
      vertex 82.1 52 1.2
    endloop
  endfacet
  facet normal 0 1 -0
    outer loop
      vertex 80.5 52 1.2
      vertex 76 52 4
      vertex 81.5 52 1.2
    endloop
  endfacet
  facet normal 0 1 -0
    outer loop
      vertex 79.9 52 1.2
      vertex 76 52 4
      vertex 80.5 52 1.2
    endloop
  endfacet
  facet normal 0 1 -0
    outer loop
      vertex 78.9 52 1.2
      vertex 76 52 4
      vertex 79.9 52 1.2
    endloop
  endfacet
  facet normal 0 1 -0
    outer loop
      vertex 78.3 52 1.2
      vertex 76 52 4
      vertex 78.9 52 1.2
    endloop
  endfacet
  facet normal 0 1 -0
    outer loop
      vertex 77.3 52 1.2
      vertex 76 52 4
      vertex 78.3 52 1.2
    endloop
  endfacet
  facet normal 0 1 -0
    outer loop
      vertex 76.7 52 1.2
      vertex 76 52 4
      vertex 77.3 52 1.2
    endloop
  endfacet
  facet normal 0 1 0
    outer loop
      vertex 76 52 4
      vertex 76.7 52 1.2
      vertex 76 52 1.2
    endloop
  endfacet
  facet normal 0 1 -0
    outer loop
      vertex 77.3 52 0
      vertex 76.7 52 1.1
      vertex 77.3 52 1.1
    endloop
  endfacet
  facet normal 0 1 0
    outer loop
      vertex 76.7 52 1.1
      vertex 77.3 52 0
      vertex 76.7 52 0
    endloop
  endfacet
  facet normal 0 1 -0
    outer loop
      vertex 78.9 52 0
      vertex 78.3 52 1.1
      vertex 78.9 52 1.1
    endloop
  endfacet
  facet normal 0 1 0
    outer loop
      vertex 78.3 52 1.1
      vertex 78.9 52 0
      vertex 78.3 52 0
    endloop
  endfacet
  facet normal 0 1 -0
    outer loop
      vertex 80.5 52 0
      vertex 79.9 52 1.1
      vertex 80.5 52 1.1
    endloop
  endfacet
  facet normal 0 1 0
    outer loop
      vertex 79.9 52 1.1
      vertex 80.5 52 0
      vertex 79.9 52 0
    endloop
  endfacet
  facet normal 0 1 -0
    outer loop
      vertex 82.1 52 0
      vertex 81.5 52 1.1
      vertex 82.1 52 1.1
    endloop
  endfacet
  facet normal 0 1 0
    outer loop
      vertex 81.5 52 1.1
      vertex 82.1 52 0
      vertex 81.5 52 0
    endloop
  endfacet
  facet normal 0 1 -0
    outer loop
      vertex 83.7 52 0
      vertex 83.1 52 1.1
      vertex 83.7 52 1.1
    endloop
  endfacet
  facet normal 0 1 0
    outer loop
      vertex 83.1 52 1.1
      vertex 83.7 52 0
      vertex 83.1 52 0
    endloop
  endfacet
  facet normal 0 1 -0
    outer loop
      vertex 85.3 52 0
      vertex 84.7 52 1.1
      vertex 85.3 52 1.1
    endloop
  endfacet
  facet normal 0 1 0
    outer loop
      vertex 84.7 52 1.1
      vertex 85.3 52 0
      vertex 84.7 52 0
    endloop
  endfacet
  facet normal 0 1 -0
    outer loop
      vertex 86.9 52 0
      vertex 86.3 52 1.1
      vertex 86.9 52 1.1
    endloop
  endfacet
  facet normal 0 1 0
    outer loop
      vertex 86.3 52 1.1
      vertex 86.9 52 0
      vertex 86.3 52 0
    endloop
  endfacet
  facet normal 0 1 -0
    outer loop
      vertex 88.5 52 0
      vertex 87.9 52 1.1
      vertex 88.5 52 1.1
    endloop
  endfacet
  facet normal 0 1 0
    outer loop
      vertex 87.9 52 1.1
      vertex 88.5 52 0
      vertex 87.9 52 0
    endloop
  endfacet
  facet normal 0 1 -0
    outer loop
      vertex 90.1 52 0
      vertex 89.5 52 1.1
      vertex 90.1 52 1.1
    endloop
  endfacet
  facet normal 0 1 0
    outer loop
      vertex 89.5 52 1.1
      vertex 90.1 52 0
      vertex 89.5 52 0
    endloop
  endfacet
  facet normal 0 1 -0
    outer loop
      vertex 91.7 52 0
      vertex 91.1 52 1.1
      vertex 91.7 52 1.1
    endloop
  endfacet
  facet normal 0 1 0
    outer loop
      vertex 91.1 52 1.1
      vertex 91.7 52 0
      vertex 91.1 52 0
    endloop
  endfacet
  facet normal 0 1 -0
    outer loop
      vertex 93.3 52 0
      vertex 92.7 52 1.1
      vertex 93.3 52 1.1
    endloop
  endfacet
  facet normal 0 1 0
    outer loop
      vertex 92.7 52 1.1
      vertex 93.3 52 0
      vertex 92.7 52 0
    endloop
  endfacet
  facet normal 0 1 -0
    outer loop
      vertex 94.9 52 0
      vertex 94.3 52 1.1
      vertex 94.9 52 1.1
    endloop
  endfacet
  facet normal 0 1 0
    outer loop
      vertex 94.3 52 1.1
      vertex 94.9 52 0
      vertex 94.3 52 0
    endloop
  endfacet
  facet normal 0 1 -0
    outer loop
      vertex 96.5 52 0
      vertex 95.9 52 1.1
      vertex 96.5 52 1.1
    endloop
  endfacet
  facet normal 0 1 0
    outer loop
      vertex 95.9 52 1.1
      vertex 96.5 52 0
      vertex 95.9 52 0
    endloop
  endfacet
  facet normal 0 1 -0
    outer loop
      vertex 98.1 52 0
      vertex 97.5 52 1.1
      vertex 98.1 52 1.1
    endloop
  endfacet
  facet normal 0 1 0
    outer loop
      vertex 97.5 52 1.1
      vertex 98.1 52 0
      vertex 97.5 52 0
    endloop
  endfacet
  facet normal 0 1 -0
    outer loop
      vertex 99.7 52 0
      vertex 99.1 52 1.1
      vertex 99.7 52 1.1
    endloop
  endfacet
  facet normal 0 1 0
    outer loop
      vertex 99.1 52 1.1
      vertex 99.7 52 0
      vertex 99.1 52 0
    endloop
  endfacet
  facet normal 0 1 -0
    outer loop
      vertex 101.3 52 0
      vertex 100.7 52 1.1
      vertex 101.3 52 1.1
    endloop
  endfacet
  facet normal 0 1 0
    outer loop
      vertex 100.7 52 1.1
      vertex 101.3 52 0
      vertex 100.7 52 0
    endloop
  endfacet
  facet normal 0 1 -0
    outer loop
      vertex 102.9 52 0
      vertex 102.3 52 1.1
      vertex 102.9 52 1.1
    endloop
  endfacet
  facet normal 0 1 0
    outer loop
      vertex 102.3 52 1.1
      vertex 102.9 52 0
      vertex 102.3 52 0
    endloop
  endfacet
  facet normal 0 1 -0
    outer loop
      vertex 104.5 52 0
      vertex 103.9 52 1.1
      vertex 104.5 52 1.1
    endloop
  endfacet
  facet normal 0 1 0
    outer loop
      vertex 103.9 52 1.1
      vertex 104.5 52 0
      vertex 103.9 52 0
    endloop
  endfacet
  facet normal 0 1 -0
    outer loop
      vertex 106.1 52 0
      vertex 105.5 52 1.1
      vertex 106.1 52 1.1
    endloop
  endfacet
  facet normal 0 1 0
    outer loop
      vertex 105.5 52 1.1
      vertex 106.1 52 0
      vertex 105.5 52 0
    endloop
  endfacet
  facet normal 0 1 -0
    outer loop
      vertex 107.7 52 0
      vertex 107.1 52 1.1
      vertex 107.7 52 1.1
    endloop
  endfacet
  facet normal 0 1 0
    outer loop
      vertex 107.1 52 1.1
      vertex 107.7 52 0
      vertex 107.1 52 0
    endloop
  endfacet
  facet normal 0 1 -0
    outer loop
      vertex 109.3 52 0
      vertex 108.7 52 1.1
      vertex 109.3 52 1.1
    endloop
  endfacet
  facet normal 0 1 0
    outer loop
      vertex 108.7 52 1.1
      vertex 109.3 52 0
      vertex 108.7 52 0
    endloop
  endfacet
  facet normal 0 1 -0
    outer loop
      vertex 110.9 52 0
      vertex 110.3 52 1.1
      vertex 110.9 52 1.1
    endloop
  endfacet
  facet normal 0 1 0
    outer loop
      vertex 110.3 52 1.1
      vertex 110.9 52 0
      vertex 110.3 52 0
    endloop
  endfacet
  facet normal 0 1 -0
    outer loop
      vertex 112.5 52 0
      vertex 111.9 52 1.1
      vertex 112.5 52 1.1
    endloop
  endfacet
  facet normal 0 1 0
    outer loop
      vertex 111.9 52 1.1
      vertex 112.5 52 0
      vertex 111.9 52 0
    endloop
  endfacet
  facet normal 0 1 -0
    outer loop
      vertex 114.1 52 0
      vertex 113.5 52 1.1
      vertex 114.1 52 1.1
    endloop
  endfacet
  facet normal 0 1 0
    outer loop
      vertex 113.5 52 1.1
      vertex 114.1 52 0
      vertex 113.5 52 0
    endloop
  endfacet
  facet normal 0 1 -0
    outer loop
      vertex 115.7 52 0
      vertex 115.1 52 1.1
      vertex 115.7 52 1.1
    endloop
  endfacet
  facet normal 0 1 0
    outer loop
      vertex 115.1 52 1.1
      vertex 115.7 52 0
      vertex 115.1 52 0
    endloop
  endfacet
  facet normal 0 1 -0
    outer loop
      vertex 117.3 52 0
      vertex 116.7 52 1.1
      vertex 117.3 52 1.1
    endloop
  endfacet
  facet normal 0 1 0
    outer loop
      vertex 116.7 52 1.1
      vertex 117.3 52 0
      vertex 116.7 52 0
    endloop
  endfacet
  facet normal 0 1 -0
    outer loop
      vertex 118.9 52 0
      vertex 118.3 52 1.1
      vertex 118.9 52 1.1
    endloop
  endfacet
  facet normal 0 1 0
    outer loop
      vertex 118.3 52 1.1
      vertex 118.9 52 0
      vertex 118.3 52 0
    endloop
  endfacet
  facet normal 0 1 -0
    outer loop
      vertex 120.5 52 0
      vertex 119.9 52 1.1
      vertex 120.5 52 1.1
    endloop
  endfacet
  facet normal 0 1 0
    outer loop
      vertex 119.9 52 1.1
      vertex 120.5 52 0
      vertex 119.9 52 0
    endloop
  endfacet
  facet normal 0 1 -0
    outer loop
      vertex 122.1 52 0
      vertex 121.5 52 1.1
      vertex 122.1 52 1.1
    endloop
  endfacet
  facet normal 0 1 0
    outer loop
      vertex 121.5 52 1.1
      vertex 122.1 52 0
      vertex 121.5 52 0
    endloop
  endfacet
  facet normal 0 1 -0
    outer loop
      vertex 123.7 52 0
      vertex 123.1 52 1.1
      vertex 123.7 52 1.1
    endloop
  endfacet
  facet normal 0 1 0
    outer loop
      vertex 123.1 52 1.1
      vertex 123.7 52 0
      vertex 123.1 52 0
    endloop
  endfacet
  facet normal 0 1 -0
    outer loop
      vertex 125.3 52 0
      vertex 124.7 52 1.1
      vertex 125.3 52 1.1
    endloop
  endfacet
  facet normal 0 1 0
    outer loop
      vertex 124.7 52 1.1
      vertex 125.3 52 0
      vertex 124.7 52 0
    endloop
  endfacet
  facet normal 0 1 -0
    outer loop
      vertex 126.9 52 0
      vertex 126.3 52 1.1
      vertex 126.9 52 1.1
    endloop
  endfacet
  facet normal 0 1 0
    outer loop
      vertex 126.3 52 1.1
      vertex 126.9 52 0
      vertex 126.3 52 0
    endloop
  endfacet
  facet normal 0 1 -0
    outer loop
      vertex 128.5 52 0
      vertex 127.9 52 1.1
      vertex 128.5 52 1.1
    endloop
  endfacet
  facet normal 0 1 0
    outer loop
      vertex 127.9 52 1.1
      vertex 128.5 52 0
      vertex 127.9 52 0
    endloop
  endfacet
  facet normal 0 1 -0
    outer loop
      vertex 130.1 52 0
      vertex 129.5 52 1.1
      vertex 130.1 52 1.1
    endloop
  endfacet
  facet normal 0 1 0
    outer loop
      vertex 129.5 52 1.1
      vertex 130.1 52 0
      vertex 129.5 52 0
    endloop
  endfacet
  facet normal 0 1 -0
    outer loop
      vertex 131.7 52 0
      vertex 131.1 52 1.1
      vertex 131.7 52 1.1
    endloop
  endfacet
  facet normal 0 1 0
    outer loop
      vertex 131.1 52 1.1
      vertex 131.7 52 0
      vertex 131.1 52 0
    endloop
  endfacet
  facet normal 0 1 -0
    outer loop
      vertex 133.3 52 0
      vertex 132.7 52 1.1
      vertex 133.3 52 1.1
    endloop
  endfacet
  facet normal 0 1 0
    outer loop
      vertex 132.7 52 1.1
      vertex 133.3 52 0
      vertex 132.7 52 0
    endloop
  endfacet
  facet normal -1 0 0
    outer loop
      vertex 78.9 52 0
      vertex 78.9 62 1.1
      vertex 78.9 62 0
    endloop
  endfacet
  facet normal -1 0 0
    outer loop
      vertex 78.9 52 1.1
      vertex 78.9 62 1.1
      vertex 78.9 52 0
    endloop
  endfacet
  facet normal -1 0 0
    outer loop
      vertex 78.9 62 1.1
      vertex 78.9 52 1.1
      vertex 78.9 62 1.2
    endloop
  endfacet
  facet normal -1 -0 0
    outer loop
      vertex 78.9 62 1.2
      vertex 78.9 52 1.1
      vertex 78.9 52 1.2
    endloop
  endfacet
  facet normal 1 0 0
    outer loop
      vertex 78.3 52 1.1
      vertex 78.3 62 1.1
      vertex 78.3 62 1.2
    endloop
  endfacet
  facet normal 1 0 0
    outer loop
      vertex 78.3 52 1.1
      vertex 78.3 62 1.2
      vertex 78.3 52 1.2
    endloop
  endfacet
  facet normal 1 0 0
    outer loop
      vertex 78.3 62 1.1
      vertex 78.3 52 1.1
      vertex 78.3 62 0
    endloop
  endfacet
  facet normal 1 0 0
    outer loop
      vertex 78.3 62 0
      vertex 78.3 52 1.1
      vertex 78.3 52 0
    endloop
  endfacet
  facet normal -1 0 0
    outer loop
      vertex 80.5 52 0
      vertex 80.5 62 1.1
      vertex 80.5 62 0
    endloop
  endfacet
  facet normal -1 0 0
    outer loop
      vertex 80.5 52 1.1
      vertex 80.5 62 1.1
      vertex 80.5 52 0
    endloop
  endfacet
  facet normal -1 0 0
    outer loop
      vertex 80.5 62 1.1
      vertex 80.5 52 1.1
      vertex 80.5 62 1.2
    endloop
  endfacet
  facet normal -1 -0 0
    outer loop
      vertex 80.5 62 1.2
      vertex 80.5 52 1.1
      vertex 80.5 52 1.2
    endloop
  endfacet
  facet normal 1 0 0
    outer loop
      vertex 79.9 52 1.1
      vertex 79.9 62 1.1
      vertex 79.9 62 1.2
    endloop
  endfacet
  facet normal 1 0 0
    outer loop
      vertex 79.9 52 1.1
      vertex 79.9 62 1.2
      vertex 79.9 52 1.2
    endloop
  endfacet
  facet normal 1 0 0
    outer loop
      vertex 79.9 62 1.1
      vertex 79.9 52 1.1
      vertex 79.9 62 0
    endloop
  endfacet
  facet normal 1 0 0
    outer loop
      vertex 79.9 62 0
      vertex 79.9 52 1.1
      vertex 79.9 52 0
    endloop
  endfacet
  facet normal -1 0 0
    outer loop
      vertex 82.1 52 0
      vertex 82.1 62 1.1
      vertex 82.1 62 0
    endloop
  endfacet
  facet normal -1 0 0
    outer loop
      vertex 82.1 52 1.1
      vertex 82.1 62 1.1
      vertex 82.1 52 0
    endloop
  endfacet
  facet normal -1 0 0
    outer loop
      vertex 82.1 62 1.1
      vertex 82.1 52 1.1
      vertex 82.1 62 1.2
    endloop
  endfacet
  facet normal -1 -0 0
    outer loop
      vertex 82.1 62 1.2
      vertex 82.1 52 1.1
      vertex 82.1 52 1.2
    endloop
  endfacet
  facet normal 1 0 0
    outer loop
      vertex 81.5 52 1.1
      vertex 81.5 62 1.1
      vertex 81.5 62 1.2
    endloop
  endfacet
  facet normal 1 0 0
    outer loop
      vertex 81.5 52 1.1
      vertex 81.5 62 1.2
      vertex 81.5 52 1.2
    endloop
  endfacet
  facet normal 1 0 0
    outer loop
      vertex 81.5 62 1.1
      vertex 81.5 52 1.1
      vertex 81.5 62 0
    endloop
  endfacet
  facet normal 1 0 0
    outer loop
      vertex 81.5 62 0
      vertex 81.5 52 1.1
      vertex 81.5 52 0
    endloop
  endfacet
  facet normal -1 0 0
    outer loop
      vertex 83.7 52 0
      vertex 83.7 62 1.1
      vertex 83.7 62 0
    endloop
  endfacet
  facet normal -1 0 0
    outer loop
      vertex 83.7 52 1.1
      vertex 83.7 62 1.1
      vertex 83.7 52 0
    endloop
  endfacet
  facet normal -1 0 0
    outer loop
      vertex 83.7 62 1.1
      vertex 83.7 52 1.1
      vertex 83.7 62 1.2
    endloop
  endfacet
  facet normal -1 -0 0
    outer loop
      vertex 83.7 62 1.2
      vertex 83.7 52 1.1
      vertex 83.7 52 1.2
    endloop
  endfacet
  facet normal 1 0 0
    outer loop
      vertex 83.1 52 1.1
      vertex 83.1 62 1.1
      vertex 83.1 62 1.2
    endloop
  endfacet
  facet normal 1 0 0
    outer loop
      vertex 83.1 52 1.1
      vertex 83.1 62 1.2
      vertex 83.1 52 1.2
    endloop
  endfacet
  facet normal 1 0 0
    outer loop
      vertex 83.1 62 1.1
      vertex 83.1 52 1.1
      vertex 83.1 62 0
    endloop
  endfacet
  facet normal 1 0 0
    outer loop
      vertex 83.1 62 0
      vertex 83.1 52 1.1
      vertex 83.1 52 0
    endloop
  endfacet
  facet normal -1 0 0
    outer loop
      vertex 85.3 52 0
      vertex 85.3 62 1.1
      vertex 85.3 62 0
    endloop
  endfacet
  facet normal -1 0 0
    outer loop
      vertex 85.3 52 1.1
      vertex 85.3 62 1.1
      vertex 85.3 52 0
    endloop
  endfacet
  facet normal -1 0 0
    outer loop
      vertex 85.3 62 1.1
      vertex 85.3 52 1.1
      vertex 85.3 62 1.2
    endloop
  endfacet
  facet normal -1 -0 0
    outer loop
      vertex 85.3 62 1.2
      vertex 85.3 52 1.1
      vertex 85.3 52 1.2
    endloop
  endfacet
  facet normal 1 0 0
    outer loop
      vertex 84.7 52 1.1
      vertex 84.7 62 1.1
      vertex 84.7 62 1.2
    endloop
  endfacet
  facet normal 1 0 0
    outer loop
      vertex 84.7 52 1.1
      vertex 84.7 62 1.2
      vertex 84.7 52 1.2
    endloop
  endfacet
  facet normal 1 0 0
    outer loop
      vertex 84.7 62 1.1
      vertex 84.7 52 1.1
      vertex 84.7 62 0
    endloop
  endfacet
  facet normal 1 0 0
    outer loop
      vertex 84.7 62 0
      vertex 84.7 52 1.1
      vertex 84.7 52 0
    endloop
  endfacet
  facet normal -1 0 0
    outer loop
      vertex 86.9 52 0
      vertex 86.9 62 1.1
      vertex 86.9 62 0
    endloop
  endfacet
  facet normal -1 0 0
    outer loop
      vertex 86.9 52 1.1
      vertex 86.9 62 1.1
      vertex 86.9 52 0
    endloop
  endfacet
  facet normal -1 0 0
    outer loop
      vertex 86.9 62 1.1
      vertex 86.9 52 1.1
      vertex 86.9 62 1.2
    endloop
  endfacet
  facet normal -1 -0 0
    outer loop
      vertex 86.9 62 1.2
      vertex 86.9 52 1.1
      vertex 86.9 52 1.2
    endloop
  endfacet
  facet normal 1 0 0
    outer loop
      vertex 86.3 52 1.1
      vertex 86.3 62 1.1
      vertex 86.3 62 1.2
    endloop
  endfacet
  facet normal 1 0 0
    outer loop
      vertex 86.3 52 1.1
      vertex 86.3 62 1.2
      vertex 86.3 52 1.2
    endloop
  endfacet
  facet normal 1 0 0
    outer loop
      vertex 86.3 62 1.1
      vertex 86.3 52 1.1
      vertex 86.3 62 0
    endloop
  endfacet
  facet normal 1 0 0
    outer loop
      vertex 86.3 62 0
      vertex 86.3 52 1.1
      vertex 86.3 52 0
    endloop
  endfacet
  facet normal -1 0 0
    outer loop
      vertex 88.5 52 0
      vertex 88.5 62 1.1
      vertex 88.5 62 0
    endloop
  endfacet
  facet normal -1 0 0
    outer loop
      vertex 88.5 52 1.1
      vertex 88.5 62 1.1
      vertex 88.5 52 0
    endloop
  endfacet
  facet normal -1 0 0
    outer loop
      vertex 88.5 62 1.1
      vertex 88.5 52 1.1
      vertex 88.5 62 1.2
    endloop
  endfacet
  facet normal -1 -0 0
    outer loop
      vertex 88.5 62 1.2
      vertex 88.5 52 1.1
      vertex 88.5 52 1.2
    endloop
  endfacet
  facet normal 1 0 0
    outer loop
      vertex 87.9 52 1.1
      vertex 87.9 62 1.1
      vertex 87.9 62 1.2
    endloop
  endfacet
  facet normal 1 0 0
    outer loop
      vertex 87.9 52 1.1
      vertex 87.9 62 1.2
      vertex 87.9 52 1.2
    endloop
  endfacet
  facet normal 1 0 0
    outer loop
      vertex 87.9 62 1.1
      vertex 87.9 52 1.1
      vertex 87.9 62 0
    endloop
  endfacet
  facet normal 1 0 0
    outer loop
      vertex 87.9 62 0
      vertex 87.9 52 1.1
      vertex 87.9 52 0
    endloop
  endfacet
  facet normal -1 0 0
    outer loop
      vertex 90.1 52 0
      vertex 90.1 62 1.1
      vertex 90.1 62 0
    endloop
  endfacet
  facet normal -1 0 0
    outer loop
      vertex 90.1 52 1.1
      vertex 90.1 62 1.1
      vertex 90.1 52 0
    endloop
  endfacet
  facet normal -1 0 0
    outer loop
      vertex 90.1 62 1.1
      vertex 90.1 52 1.1
      vertex 90.1 62 1.2
    endloop
  endfacet
  facet normal -1 -0 0
    outer loop
      vertex 90.1 62 1.2
      vertex 90.1 52 1.1
      vertex 90.1 52 1.2
    endloop
  endfacet
  facet normal 1 0 0
    outer loop
      vertex 89.5 52 1.1
      vertex 89.5 62 1.1
      vertex 89.5 62 1.2
    endloop
  endfacet
  facet normal 1 0 0
    outer loop
      vertex 89.5 52 1.1
      vertex 89.5 62 1.2
      vertex 89.5 52 1.2
    endloop
  endfacet
  facet normal 1 0 0
    outer loop
      vertex 89.5 62 1.1
      vertex 89.5 52 1.1
      vertex 89.5 62 0
    endloop
  endfacet
  facet normal 1 0 0
    outer loop
      vertex 89.5 62 0
      vertex 89.5 52 1.1
      vertex 89.5 52 0
    endloop
  endfacet
  facet normal -1 0 0
    outer loop
      vertex 91.7 52 0
      vertex 91.7 62 1.1
      vertex 91.7 62 0
    endloop
  endfacet
  facet normal -1 0 0
    outer loop
      vertex 91.7 52 1.1
      vertex 91.7 62 1.1
      vertex 91.7 52 0
    endloop
  endfacet
  facet normal -1 0 0
    outer loop
      vertex 91.7 62 1.1
      vertex 91.7 52 1.1
      vertex 91.7 62 1.2
    endloop
  endfacet
  facet normal -1 -0 0
    outer loop
      vertex 91.7 62 1.2
      vertex 91.7 52 1.1
      vertex 91.7 52 1.2
    endloop
  endfacet
  facet normal 1 0 0
    outer loop
      vertex 91.1 52 1.1
      vertex 91.1 62 1.1
      vertex 91.1 62 1.2
    endloop
  endfacet
  facet normal 1 0 0
    outer loop
      vertex 91.1 52 1.1
      vertex 91.1 62 1.2
      vertex 91.1 52 1.2
    endloop
  endfacet
  facet normal 1 0 0
    outer loop
      vertex 91.1 62 1.1
      vertex 91.1 52 1.1
      vertex 91.1 62 0
    endloop
  endfacet
  facet normal 1 0 0
    outer loop
      vertex 91.1 62 0
      vertex 91.1 52 1.1
      vertex 91.1 52 0
    endloop
  endfacet
  facet normal -1 0 0
    outer loop
      vertex 93.3 52 0
      vertex 93.3 62 1.1
      vertex 93.3 62 0
    endloop
  endfacet
  facet normal -1 0 0
    outer loop
      vertex 93.3 52 1.1
      vertex 93.3 62 1.1
      vertex 93.3 52 0
    endloop
  endfacet
  facet normal -1 0 0
    outer loop
      vertex 93.3 62 1.1
      vertex 93.3 52 1.1
      vertex 93.3 62 1.2
    endloop
  endfacet
  facet normal -1 -0 0
    outer loop
      vertex 93.3 62 1.2
      vertex 93.3 52 1.1
      vertex 93.3 52 1.2
    endloop
  endfacet
  facet normal 1 0 0
    outer loop
      vertex 92.7 52 1.1
      vertex 92.7 62 1.1
      vertex 92.7 62 1.2
    endloop
  endfacet
  facet normal 1 0 0
    outer loop
      vertex 92.7 52 1.1
      vertex 92.7 62 1.2
      vertex 92.7 52 1.2
    endloop
  endfacet
  facet normal 1 0 0
    outer loop
      vertex 92.7 62 1.1
      vertex 92.7 52 1.1
      vertex 92.7 62 0
    endloop
  endfacet
  facet normal 1 0 0
    outer loop
      vertex 92.7 62 0
      vertex 92.7 52 1.1
      vertex 92.7 52 0
    endloop
  endfacet
  facet normal -1 0 0
    outer loop
      vertex 94.9 52 0
      vertex 94.9 62 1.1
      vertex 94.9 62 0
    endloop
  endfacet
  facet normal -1 0 0
    outer loop
      vertex 94.9 52 1.1
      vertex 94.9 62 1.1
      vertex 94.9 52 0
    endloop
  endfacet
  facet normal -1 0 0
    outer loop
      vertex 94.9 62 1.1
      vertex 94.9 52 1.1
      vertex 94.9 62 1.2
    endloop
  endfacet
  facet normal -1 -0 0
    outer loop
      vertex 94.9 62 1.2
      vertex 94.9 52 1.1
      vertex 94.9 52 1.2
    endloop
  endfacet
  facet normal 1 0 0
    outer loop
      vertex 94.3 52 1.1
      vertex 94.3 62 1.1
      vertex 94.3 62 1.2
    endloop
  endfacet
  facet normal 1 0 0
    outer loop
      vertex 94.3 52 1.1
      vertex 94.3 62 1.2
      vertex 94.3 52 1.2
    endloop
  endfacet
  facet normal 1 0 0
    outer loop
      vertex 94.3 62 1.1
      vertex 94.3 52 1.1
      vertex 94.3 62 0
    endloop
  endfacet
  facet normal 1 0 0
    outer loop
      vertex 94.3 62 0
      vertex 94.3 52 1.1
      vertex 94.3 52 0
    endloop
  endfacet
  facet normal -1 0 0
    outer loop
      vertex 96.5 52 0
      vertex 96.5 62 1.1
      vertex 96.5 62 0
    endloop
  endfacet
  facet normal -1 0 0
    outer loop
      vertex 96.5 52 1.1
      vertex 96.5 62 1.1
      vertex 96.5 52 0
    endloop
  endfacet
  facet normal -1 0 0
    outer loop
      vertex 96.5 62 1.1
      vertex 96.5 52 1.1
      vertex 96.5 62 1.2
    endloop
  endfacet
  facet normal -1 -0 0
    outer loop
      vertex 96.5 62 1.2
      vertex 96.5 52 1.1
      vertex 96.5 52 1.2
    endloop
  endfacet
  facet normal 1 0 0
    outer loop
      vertex 95.9 52 1.1
      vertex 95.9 62 1.1
      vertex 95.9 62 1.2
    endloop
  endfacet
  facet normal 1 0 0
    outer loop
      vertex 95.9 52 1.1
      vertex 95.9 62 1.2
      vertex 95.9 52 1.2
    endloop
  endfacet
  facet normal 1 0 0
    outer loop
      vertex 95.9 62 1.1
      vertex 95.9 52 1.1
      vertex 95.9 62 0
    endloop
  endfacet
  facet normal 1 0 0
    outer loop
      vertex 95.9 62 0
      vertex 95.9 52 1.1
      vertex 95.9 52 0
    endloop
  endfacet
  facet normal -1 0 0
    outer loop
      vertex 98.1 52 0
      vertex 98.1 62 1.1
      vertex 98.1 62 0
    endloop
  endfacet
  facet normal -1 0 0
    outer loop
      vertex 98.1 52 1.1
      vertex 98.1 62 1.1
      vertex 98.1 52 0
    endloop
  endfacet
  facet normal -1 0 0
    outer loop
      vertex 98.1 62 1.1
      vertex 98.1 52 1.1
      vertex 98.1 62 1.2
    endloop
  endfacet
  facet normal -1 -0 0
    outer loop
      vertex 98.1 62 1.2
      vertex 98.1 52 1.1
      vertex 98.1 52 1.2
    endloop
  endfacet
  facet normal 1 0 0
    outer loop
      vertex 97.5 52 1.1
      vertex 97.5 62 1.1
      vertex 97.5 62 1.2
    endloop
  endfacet
  facet normal 1 0 0
    outer loop
      vertex 97.5 52 1.1
      vertex 97.5 62 1.2
      vertex 97.5 52 1.2
    endloop
  endfacet
  facet normal 1 0 0
    outer loop
      vertex 97.5 62 1.1
      vertex 97.5 52 1.1
      vertex 97.5 62 0
    endloop
  endfacet
  facet normal 1 0 0
    outer loop
      vertex 97.5 62 0
      vertex 97.5 52 1.1
      vertex 97.5 52 0
    endloop
  endfacet
  facet normal -1 0 0
    outer loop
      vertex 99.7 52 0
      vertex 99.7 62 1.1
      vertex 99.7 62 0
    endloop
  endfacet
  facet normal -1 0 0
    outer loop
      vertex 99.7 52 1.1
      vertex 99.7 62 1.1
      vertex 99.7 52 0
    endloop
  endfacet
  facet normal -1 0 0
    outer loop
      vertex 99.7 62 1.1
      vertex 99.7 52 1.1
      vertex 99.7 62 1.2
    endloop
  endfacet
  facet normal -1 -0 0
    outer loop
      vertex 99.7 62 1.2
      vertex 99.7 52 1.1
      vertex 99.7 52 1.2
    endloop
  endfacet
  facet normal 1 0 0
    outer loop
      vertex 99.1 52 1.1
      vertex 99.1 62 1.1
      vertex 99.1 62 1.2
    endloop
  endfacet
  facet normal 1 0 0
    outer loop
      vertex 99.1 52 1.1
      vertex 99.1 62 1.2
      vertex 99.1 52 1.2
    endloop
  endfacet
  facet normal 1 0 0
    outer loop
      vertex 99.1 62 1.1
      vertex 99.1 52 1.1
      vertex 99.1 62 0
    endloop
  endfacet
  facet normal 1 0 0
    outer loop
      vertex 99.1 62 0
      vertex 99.1 52 1.1
      vertex 99.1 52 0
    endloop
  endfacet
  facet normal -1 0 0
    outer loop
      vertex 101.3 52 0
      vertex 101.3 62 1.1
      vertex 101.3 62 0
    endloop
  endfacet
  facet normal -1 0 0
    outer loop
      vertex 101.3 52 1.1
      vertex 101.3 62 1.1
      vertex 101.3 52 0
    endloop
  endfacet
  facet normal -1 0 0
    outer loop
      vertex 101.3 62 1.1
      vertex 101.3 52 1.1
      vertex 101.3 62 1.2
    endloop
  endfacet
  facet normal -1 -0 0
    outer loop
      vertex 101.3 62 1.2
      vertex 101.3 52 1.1
      vertex 101.3 52 1.2
    endloop
  endfacet
  facet normal 1 0 0
    outer loop
      vertex 100.7 52 1.1
      vertex 100.7 62 1.1
      vertex 100.7 62 1.2
    endloop
  endfacet
  facet normal 1 0 0
    outer loop
      vertex 100.7 52 1.1
      vertex 100.7 62 1.2
      vertex 100.7 52 1.2
    endloop
  endfacet
  facet normal 1 0 0
    outer loop
      vertex 100.7 62 1.1
      vertex 100.7 52 1.1
      vertex 100.7 62 0
    endloop
  endfacet
  facet normal 1 0 0
    outer loop
      vertex 100.7 62 0
      vertex 100.7 52 1.1
      vertex 100.7 52 0
    endloop
  endfacet
  facet normal -1 0 0
    outer loop
      vertex 102.9 52 0
      vertex 102.9 62 1.1
      vertex 102.9 62 0
    endloop
  endfacet
  facet normal -1 0 0
    outer loop
      vertex 102.9 52 1.1
      vertex 102.9 62 1.1
      vertex 102.9 52 0
    endloop
  endfacet
  facet normal -1 0 0
    outer loop
      vertex 102.9 62 1.1
      vertex 102.9 52 1.1
      vertex 102.9 62 1.2
    endloop
  endfacet
  facet normal -1 -0 0
    outer loop
      vertex 102.9 62 1.2
      vertex 102.9 52 1.1
      vertex 102.9 52 1.2
    endloop
  endfacet
  facet normal 1 0 0
    outer loop
      vertex 102.3 52 1.1
      vertex 102.3 62 1.1
      vertex 102.3 62 1.2
    endloop
  endfacet
  facet normal 1 0 0
    outer loop
      vertex 102.3 52 1.1
      vertex 102.3 62 1.2
      vertex 102.3 52 1.2
    endloop
  endfacet
  facet normal 1 0 0
    outer loop
      vertex 102.3 62 1.1
      vertex 102.3 52 1.1
      vertex 102.3 62 0
    endloop
  endfacet
  facet normal 1 0 0
    outer loop
      vertex 102.3 62 0
      vertex 102.3 52 1.1
      vertex 102.3 52 0
    endloop
  endfacet
  facet normal -1 0 0
    outer loop
      vertex 104.5 52 0
      vertex 104.5 62 1.1
      vertex 104.5 62 0
    endloop
  endfacet
  facet normal -1 0 0
    outer loop
      vertex 104.5 52 1.1
      vertex 104.5 62 1.1
      vertex 104.5 52 0
    endloop
  endfacet
  facet normal -1 0 0
    outer loop
      vertex 104.5 62 1.1
      vertex 104.5 52 1.1
      vertex 104.5 62 1.2
    endloop
  endfacet
  facet normal -1 -0 0
    outer loop
      vertex 104.5 62 1.2
      vertex 104.5 52 1.1
      vertex 104.5 52 1.2
    endloop
  endfacet
  facet normal 1 0 0
    outer loop
      vertex 103.9 52 1.1
      vertex 103.9 62 1.1
      vertex 103.9 62 1.2
    endloop
  endfacet
  facet normal 1 0 0
    outer loop
      vertex 103.9 52 1.1
      vertex 103.9 62 1.2
      vertex 103.9 52 1.2
    endloop
  endfacet
  facet normal 1 0 0
    outer loop
      vertex 103.9 62 1.1
      vertex 103.9 52 1.1
      vertex 103.9 62 0
    endloop
  endfacet
  facet normal 1 0 0
    outer loop
      vertex 103.9 62 0
      vertex 103.9 52 1.1
      vertex 103.9 52 0
    endloop
  endfacet
  facet normal -1 0 0
    outer loop
      vertex 106.1 52 0
      vertex 106.1 62 1.1
      vertex 106.1 62 0
    endloop
  endfacet
  facet normal -1 0 0
    outer loop
      vertex 106.1 52 1.1
      vertex 106.1 62 1.1
      vertex 106.1 52 0
    endloop
  endfacet
  facet normal -1 0 0
    outer loop
      vertex 106.1 62 1.1
      vertex 106.1 52 1.1
      vertex 106.1 62 1.2
    endloop
  endfacet
  facet normal -1 -0 0
    outer loop
      vertex 106.1 62 1.2
      vertex 106.1 52 1.1
      vertex 106.1 52 1.2
    endloop
  endfacet
  facet normal 1 0 0
    outer loop
      vertex 105.5 52 1.1
      vertex 105.5 62 1.1
      vertex 105.5 62 1.2
    endloop
  endfacet
  facet normal 1 0 0
    outer loop
      vertex 105.5 52 1.1
      vertex 105.5 62 1.2
      vertex 105.5 52 1.2
    endloop
  endfacet
  facet normal 1 0 0
    outer loop
      vertex 105.5 62 1.1
      vertex 105.5 52 1.1
      vertex 105.5 62 0
    endloop
  endfacet
  facet normal 1 0 0
    outer loop
      vertex 105.5 62 0
      vertex 105.5 52 1.1
      vertex 105.5 52 0
    endloop
  endfacet
  facet normal -1 0 0
    outer loop
      vertex 107.7 52 0
      vertex 107.7 62 1.1
      vertex 107.7 62 0
    endloop
  endfacet
  facet normal -1 0 0
    outer loop
      vertex 107.7 52 1.1
      vertex 107.7 62 1.1
      vertex 107.7 52 0
    endloop
  endfacet
  facet normal -1 0 0
    outer loop
      vertex 107.7 62 1.1
      vertex 107.7 52 1.1
      vertex 107.7 62 1.2
    endloop
  endfacet
  facet normal -1 -0 0
    outer loop
      vertex 107.7 62 1.2
      vertex 107.7 52 1.1
      vertex 107.7 52 1.2
    endloop
  endfacet
  facet normal 1 0 0
    outer loop
      vertex 107.1 52 1.1
      vertex 107.1 62 1.1
      vertex 107.1 62 1.2
    endloop
  endfacet
  facet normal 1 0 0
    outer loop
      vertex 107.1 52 1.1
      vertex 107.1 62 1.2
      vertex 107.1 52 1.2
    endloop
  endfacet
  facet normal 1 0 0
    outer loop
      vertex 107.1 62 1.1
      vertex 107.1 52 1.1
      vertex 107.1 62 0
    endloop
  endfacet
  facet normal 1 0 0
    outer loop
      vertex 107.1 62 0
      vertex 107.1 52 1.1
      vertex 107.1 52 0
    endloop
  endfacet
  facet normal -1 0 0
    outer loop
      vertex 109.3 52 0
      vertex 109.3 62 1.1
      vertex 109.3 62 0
    endloop
  endfacet
  facet normal -1 0 0
    outer loop
      vertex 109.3 52 1.1
      vertex 109.3 62 1.1
      vertex 109.3 52 0
    endloop
  endfacet
  facet normal -1 0 0
    outer loop
      vertex 109.3 62 1.1
      vertex 109.3 52 1.1
      vertex 109.3 62 1.2
    endloop
  endfacet
  facet normal -1 -0 0
    outer loop
      vertex 109.3 62 1.2
      vertex 109.3 52 1.1
      vertex 109.3 52 1.2
    endloop
  endfacet
  facet normal 1 0 0
    outer loop
      vertex 108.7 52 1.1
      vertex 108.7 62 1.1
      vertex 108.7 62 1.2
    endloop
  endfacet
  facet normal 1 0 0
    outer loop
      vertex 108.7 52 1.1
      vertex 108.7 62 1.2
      vertex 108.7 52 1.2
    endloop
  endfacet
  facet normal 1 0 0
    outer loop
      vertex 108.7 62 1.1
      vertex 108.7 52 1.1
      vertex 108.7 62 0
    endloop
  endfacet
  facet normal 1 0 0
    outer loop
      vertex 108.7 62 0
      vertex 108.7 52 1.1
      vertex 108.7 52 0
    endloop
  endfacet
  facet normal -1 0 0
    outer loop
      vertex 110.9 52 0
      vertex 110.9 62 1.1
      vertex 110.9 62 0
    endloop
  endfacet
  facet normal -1 0 0
    outer loop
      vertex 110.9 52 1.1
      vertex 110.9 62 1.1
      vertex 110.9 52 0
    endloop
  endfacet
  facet normal -1 0 0
    outer loop
      vertex 110.9 62 1.1
      vertex 110.9 52 1.1
      vertex 110.9 62 1.2
    endloop
  endfacet
  facet normal -1 -0 0
    outer loop
      vertex 110.9 62 1.2
      vertex 110.9 52 1.1
      vertex 110.9 52 1.2
    endloop
  endfacet
  facet normal 1 0 0
    outer loop
      vertex 110.3 52 1.1
      vertex 110.3 62 1.1
      vertex 110.3 62 1.2
    endloop
  endfacet
  facet normal 1 0 0
    outer loop
      vertex 110.3 52 1.1
      vertex 110.3 62 1.2
      vertex 110.3 52 1.2
    endloop
  endfacet
  facet normal 1 0 0
    outer loop
      vertex 110.3 62 1.1
      vertex 110.3 52 1.1
      vertex 110.3 62 0
    endloop
  endfacet
  facet normal 1 0 0
    outer loop
      vertex 110.3 62 0
      vertex 110.3 52 1.1
      vertex 110.3 52 0
    endloop
  endfacet
  facet normal -1 0 0
    outer loop
      vertex 112.5 52 0
      vertex 112.5 62 1.1
      vertex 112.5 62 0
    endloop
  endfacet
  facet normal -1 0 0
    outer loop
      vertex 112.5 52 1.1
      vertex 112.5 62 1.1
      vertex 112.5 52 0
    endloop
  endfacet
  facet normal -1 0 0
    outer loop
      vertex 112.5 62 1.1
      vertex 112.5 52 1.1
      vertex 112.5 62 1.2
    endloop
  endfacet
  facet normal -1 -0 0
    outer loop
      vertex 112.5 62 1.2
      vertex 112.5 52 1.1
      vertex 112.5 52 1.2
    endloop
  endfacet
  facet normal 1 0 0
    outer loop
      vertex 111.9 52 1.1
      vertex 111.9 62 1.1
      vertex 111.9 62 1.2
    endloop
  endfacet
  facet normal 1 0 0
    outer loop
      vertex 111.9 52 1.1
      vertex 111.9 62 1.2
      vertex 111.9 52 1.2
    endloop
  endfacet
  facet normal 1 0 0
    outer loop
      vertex 111.9 62 1.1
      vertex 111.9 52 1.1
      vertex 111.9 62 0
    endloop
  endfacet
  facet normal 1 0 0
    outer loop
      vertex 111.9 62 0
      vertex 111.9 52 1.1
      vertex 111.9 52 0
    endloop
  endfacet
  facet normal -1 0 0
    outer loop
      vertex 114.1 52 0
      vertex 114.1 62 1.1
      vertex 114.1 62 0
    endloop
  endfacet
  facet normal -1 0 0
    outer loop
      vertex 114.1 52 1.1
      vertex 114.1 62 1.1
      vertex 114.1 52 0
    endloop
  endfacet
  facet normal -1 0 0
    outer loop
      vertex 114.1 62 1.1
      vertex 114.1 52 1.1
      vertex 114.1 62 1.2
    endloop
  endfacet
  facet normal -1 -0 0
    outer loop
      vertex 114.1 62 1.2
      vertex 114.1 52 1.1
      vertex 114.1 52 1.2
    endloop
  endfacet
  facet normal 1 0 0
    outer loop
      vertex 113.5 52 1.1
      vertex 113.5 62 1.1
      vertex 113.5 62 1.2
    endloop
  endfacet
  facet normal 1 0 0
    outer loop
      vertex 113.5 52 1.1
      vertex 113.5 62 1.2
      vertex 113.5 52 1.2
    endloop
  endfacet
  facet normal 1 0 0
    outer loop
      vertex 113.5 62 1.1
      vertex 113.5 52 1.1
      vertex 113.5 62 0
    endloop
  endfacet
  facet normal 1 0 0
    outer loop
      vertex 113.5 62 0
      vertex 113.5 52 1.1
      vertex 113.5 52 0
    endloop
  endfacet
  facet normal -1 0 0
    outer loop
      vertex 115.7 52 0
      vertex 115.7 62 1.1
      vertex 115.7 62 0
    endloop
  endfacet
  facet normal -1 0 0
    outer loop
      vertex 115.7 52 1.1
      vertex 115.7 62 1.1
      vertex 115.7 52 0
    endloop
  endfacet
  facet normal -1 0 0
    outer loop
      vertex 115.7 62 1.1
      vertex 115.7 52 1.1
      vertex 115.7 62 1.2
    endloop
  endfacet
  facet normal -1 -0 0
    outer loop
      vertex 115.7 62 1.2
      vertex 115.7 52 1.1
      vertex 115.7 52 1.2
    endloop
  endfacet
  facet normal 1 0 0
    outer loop
      vertex 115.1 52 1.1
      vertex 115.1 62 1.1
      vertex 115.1 62 1.2
    endloop
  endfacet
  facet normal 1 0 0
    outer loop
      vertex 115.1 52 1.1
      vertex 115.1 62 1.2
      vertex 115.1 52 1.2
    endloop
  endfacet
  facet normal 1 0 0
    outer loop
      vertex 115.1 62 1.1
      vertex 115.1 52 1.1
      vertex 115.1 62 0
    endloop
  endfacet
  facet normal 1 0 0
    outer loop
      vertex 115.1 62 0
      vertex 115.1 52 1.1
      vertex 115.1 52 0
    endloop
  endfacet
  facet normal -1 0 0
    outer loop
      vertex 117.3 52 0
      vertex 117.3 62 1.1
      vertex 117.3 62 0
    endloop
  endfacet
  facet normal -1 0 0
    outer loop
      vertex 117.3 52 1.1
      vertex 117.3 62 1.1
      vertex 117.3 52 0
    endloop
  endfacet
  facet normal -1 0 0
    outer loop
      vertex 117.3 62 1.1
      vertex 117.3 52 1.1
      vertex 117.3 62 1.2
    endloop
  endfacet
  facet normal -1 -0 0
    outer loop
      vertex 117.3 62 1.2
      vertex 117.3 52 1.1
      vertex 117.3 52 1.2
    endloop
  endfacet
  facet normal 1 0 0
    outer loop
      vertex 116.7 52 1.1
      vertex 116.7 62 1.1
      vertex 116.7 62 1.2
    endloop
  endfacet
  facet normal 1 0 0
    outer loop
      vertex 116.7 52 1.1
      vertex 116.7 62 1.2
      vertex 116.7 52 1.2
    endloop
  endfacet
  facet normal 1 0 0
    outer loop
      vertex 116.7 62 1.1
      vertex 116.7 52 1.1
      vertex 116.7 62 0
    endloop
  endfacet
  facet normal 1 0 0
    outer loop
      vertex 116.7 62 0
      vertex 116.7 52 1.1
      vertex 116.7 52 0
    endloop
  endfacet
  facet normal -1 0 0
    outer loop
      vertex 118.9 52 0
      vertex 118.9 62 1.1
      vertex 118.9 62 0
    endloop
  endfacet
  facet normal -1 0 0
    outer loop
      vertex 118.9 52 1.1
      vertex 118.9 62 1.1
      vertex 118.9 52 0
    endloop
  endfacet
  facet normal -1 0 0
    outer loop
      vertex 118.9 62 1.1
      vertex 118.9 52 1.1
      vertex 118.9 62 1.2
    endloop
  endfacet
  facet normal -1 -0 0
    outer loop
      vertex 118.9 62 1.2
      vertex 118.9 52 1.1
      vertex 118.9 52 1.2
    endloop
  endfacet
  facet normal 1 0 0
    outer loop
      vertex 118.3 52 1.1
      vertex 118.3 62 1.1
      vertex 118.3 62 1.2
    endloop
  endfacet
  facet normal 1 0 0
    outer loop
      vertex 118.3 52 1.1
      vertex 118.3 62 1.2
      vertex 118.3 52 1.2
    endloop
  endfacet
  facet normal 1 0 0
    outer loop
      vertex 118.3 62 1.1
      vertex 118.3 52 1.1
      vertex 118.3 62 0
    endloop
  endfacet
  facet normal 1 0 0
    outer loop
      vertex 118.3 62 0
      vertex 118.3 52 1.1
      vertex 118.3 52 0
    endloop
  endfacet
  facet normal -1 0 0
    outer loop
      vertex 120.5 52 0
      vertex 120.5 62 1.1
      vertex 120.5 62 0
    endloop
  endfacet
  facet normal -1 0 0
    outer loop
      vertex 120.5 52 1.1
      vertex 120.5 62 1.1
      vertex 120.5 52 0
    endloop
  endfacet
  facet normal -1 0 0
    outer loop
      vertex 120.5 62 1.1
      vertex 120.5 52 1.1
      vertex 120.5 62 1.2
    endloop
  endfacet
  facet normal -1 -0 0
    outer loop
      vertex 120.5 62 1.2
      vertex 120.5 52 1.1
      vertex 120.5 52 1.2
    endloop
  endfacet
  facet normal 1 0 0
    outer loop
      vertex 119.9 52 1.1
      vertex 119.9 62 1.1
      vertex 119.9 62 1.2
    endloop
  endfacet
  facet normal 1 0 0
    outer loop
      vertex 119.9 52 1.1
      vertex 119.9 62 1.2
      vertex 119.9 52 1.2
    endloop
  endfacet
  facet normal 1 0 0
    outer loop
      vertex 119.9 62 1.1
      vertex 119.9 52 1.1
      vertex 119.9 62 0
    endloop
  endfacet
  facet normal 1 0 0
    outer loop
      vertex 119.9 62 0
      vertex 119.9 52 1.1
      vertex 119.9 52 0
    endloop
  endfacet
  facet normal -1 0 0
    outer loop
      vertex 122.1 52 0
      vertex 122.1 62 1.1
      vertex 122.1 62 0
    endloop
  endfacet
  facet normal -1 0 0
    outer loop
      vertex 122.1 52 1.1
      vertex 122.1 62 1.1
      vertex 122.1 52 0
    endloop
  endfacet
  facet normal -1 0 0
    outer loop
      vertex 122.1 62 1.1
      vertex 122.1 52 1.1
      vertex 122.1 62 1.2
    endloop
  endfacet
  facet normal -1 -0 0
    outer loop
      vertex 122.1 62 1.2
      vertex 122.1 52 1.1
      vertex 122.1 52 1.2
    endloop
  endfacet
  facet normal 1 0 0
    outer loop
      vertex 121.5 52 1.1
      vertex 121.5 62 1.1
      vertex 121.5 62 1.2
    endloop
  endfacet
  facet normal 1 0 0
    outer loop
      vertex 121.5 52 1.1
      vertex 121.5 62 1.2
      vertex 121.5 52 1.2
    endloop
  endfacet
  facet normal 1 0 0
    outer loop
      vertex 121.5 62 1.1
      vertex 121.5 52 1.1
      vertex 121.5 62 0
    endloop
  endfacet
  facet normal 1 0 0
    outer loop
      vertex 121.5 62 0
      vertex 121.5 52 1.1
      vertex 121.5 52 0
    endloop
  endfacet
  facet normal -1 0 0
    outer loop
      vertex 123.7 52 0
      vertex 123.7 62 1.1
      vertex 123.7 62 0
    endloop
  endfacet
  facet normal -1 0 0
    outer loop
      vertex 123.7 52 1.1
      vertex 123.7 62 1.1
      vertex 123.7 52 0
    endloop
  endfacet
  facet normal -1 0 0
    outer loop
      vertex 123.7 62 1.1
      vertex 123.7 52 1.1
      vertex 123.7 62 1.2
    endloop
  endfacet
  facet normal -1 -0 0
    outer loop
      vertex 123.7 62 1.2
      vertex 123.7 52 1.1
      vertex 123.7 52 1.2
    endloop
  endfacet
  facet normal 1 0 0
    outer loop
      vertex 123.1 52 1.1
      vertex 123.1 62 1.1
      vertex 123.1 62 1.2
    endloop
  endfacet
  facet normal 1 0 0
    outer loop
      vertex 123.1 52 1.1
      vertex 123.1 62 1.2
      vertex 123.1 52 1.2
    endloop
  endfacet
  facet normal 1 0 0
    outer loop
      vertex 123.1 62 1.1
      vertex 123.1 52 1.1
      vertex 123.1 62 0
    endloop
  endfacet
  facet normal 1 0 0
    outer loop
      vertex 123.1 62 0
      vertex 123.1 52 1.1
      vertex 123.1 52 0
    endloop
  endfacet
  facet normal -1 0 0
    outer loop
      vertex 125.3 52 0
      vertex 125.3 62 1.1
      vertex 125.3 62 0
    endloop
  endfacet
  facet normal -1 0 0
    outer loop
      vertex 125.3 52 1.1
      vertex 125.3 62 1.1
      vertex 125.3 52 0
    endloop
  endfacet
  facet normal -1 0 0
    outer loop
      vertex 125.3 62 1.1
      vertex 125.3 52 1.1
      vertex 125.3 62 1.2
    endloop
  endfacet
  facet normal -1 -0 0
    outer loop
      vertex 125.3 62 1.2
      vertex 125.3 52 1.1
      vertex 125.3 52 1.2
    endloop
  endfacet
  facet normal 1 0 0
    outer loop
      vertex 124.7 52 1.1
      vertex 124.7 62 1.1
      vertex 124.7 62 1.2
    endloop
  endfacet
  facet normal 1 0 0
    outer loop
      vertex 124.7 52 1.1
      vertex 124.7 62 1.2
      vertex 124.7 52 1.2
    endloop
  endfacet
  facet normal 1 0 0
    outer loop
      vertex 124.7 62 1.1
      vertex 124.7 52 1.1
      vertex 124.7 62 0
    endloop
  endfacet
  facet normal 1 0 0
    outer loop
      vertex 124.7 62 0
      vertex 124.7 52 1.1
      vertex 124.7 52 0
    endloop
  endfacet
  facet normal -1 0 0
    outer loop
      vertex 126.9 52 0
      vertex 126.9 62 1.1
      vertex 126.9 62 0
    endloop
  endfacet
  facet normal -1 0 0
    outer loop
      vertex 126.9 52 1.1
      vertex 126.9 62 1.1
      vertex 126.9 52 0
    endloop
  endfacet
  facet normal -1 0 0
    outer loop
      vertex 126.9 62 1.1
      vertex 126.9 52 1.1
      vertex 126.9 62 1.2
    endloop
  endfacet
  facet normal -1 -0 0
    outer loop
      vertex 126.9 62 1.2
      vertex 126.9 52 1.1
      vertex 126.9 52 1.2
    endloop
  endfacet
  facet normal 1 0 0
    outer loop
      vertex 126.3 52 1.1
      vertex 126.3 62 1.1
      vertex 126.3 62 1.2
    endloop
  endfacet
  facet normal 1 0 0
    outer loop
      vertex 126.3 52 1.1
      vertex 126.3 62 1.2
      vertex 126.3 52 1.2
    endloop
  endfacet
  facet normal 1 0 0
    outer loop
      vertex 126.3 62 1.1
      vertex 126.3 52 1.1
      vertex 126.3 62 0
    endloop
  endfacet
  facet normal 1 0 0
    outer loop
      vertex 126.3 62 0
      vertex 126.3 52 1.1
      vertex 126.3 52 0
    endloop
  endfacet
  facet normal -1 0 0
    outer loop
      vertex 128.5 52 0
      vertex 128.5 62 1.1
      vertex 128.5 62 0
    endloop
  endfacet
  facet normal -1 0 0
    outer loop
      vertex 128.5 52 1.1
      vertex 128.5 62 1.1
      vertex 128.5 52 0
    endloop
  endfacet
  facet normal -1 0 0
    outer loop
      vertex 128.5 62 1.1
      vertex 128.5 52 1.1
      vertex 128.5 62 1.2
    endloop
  endfacet
  facet normal -1 -0 0
    outer loop
      vertex 128.5 62 1.2
      vertex 128.5 52 1.1
      vertex 128.5 52 1.2
    endloop
  endfacet
  facet normal 1 0 0
    outer loop
      vertex 127.9 52 1.1
      vertex 127.9 62 1.1
      vertex 127.9 62 1.2
    endloop
  endfacet
  facet normal 1 0 0
    outer loop
      vertex 127.9 52 1.1
      vertex 127.9 62 1.2
      vertex 127.9 52 1.2
    endloop
  endfacet
  facet normal 1 0 0
    outer loop
      vertex 127.9 62 1.1
      vertex 127.9 52 1.1
      vertex 127.9 62 0
    endloop
  endfacet
  facet normal 1 0 0
    outer loop
      vertex 127.9 62 0
      vertex 127.9 52 1.1
      vertex 127.9 52 0
    endloop
  endfacet
  facet normal -1 0 0
    outer loop
      vertex 130.1 52 0
      vertex 130.1 62 1.1
      vertex 130.1 62 0
    endloop
  endfacet
  facet normal -1 0 0
    outer loop
      vertex 130.1 52 1.1
      vertex 130.1 62 1.1
      vertex 130.1 52 0
    endloop
  endfacet
  facet normal -1 0 0
    outer loop
      vertex 130.1 62 1.1
      vertex 130.1 52 1.1
      vertex 130.1 62 1.2
    endloop
  endfacet
  facet normal -1 -0 0
    outer loop
      vertex 130.1 62 1.2
      vertex 130.1 52 1.1
      vertex 130.1 52 1.2
    endloop
  endfacet
  facet normal 1 0 0
    outer loop
      vertex 129.5 52 1.1
      vertex 129.5 62 1.1
      vertex 129.5 62 1.2
    endloop
  endfacet
  facet normal 1 0 0
    outer loop
      vertex 129.5 52 1.1
      vertex 129.5 62 1.2
      vertex 129.5 52 1.2
    endloop
  endfacet
  facet normal 1 0 0
    outer loop
      vertex 129.5 62 1.1
      vertex 129.5 52 1.1
      vertex 129.5 62 0
    endloop
  endfacet
  facet normal 1 0 0
    outer loop
      vertex 129.5 62 0
      vertex 129.5 52 1.1
      vertex 129.5 52 0
    endloop
  endfacet
  facet normal -1 0 0
    outer loop
      vertex 131.7 52 0
      vertex 131.7 62 1.1
      vertex 131.7 62 0
    endloop
  endfacet
  facet normal -1 0 0
    outer loop
      vertex 131.7 52 1.1
      vertex 131.7 62 1.1
      vertex 131.7 52 0
    endloop
  endfacet
  facet normal -1 0 0
    outer loop
      vertex 131.7 62 1.1
      vertex 131.7 52 1.1
      vertex 131.7 62 1.2
    endloop
  endfacet
  facet normal -1 -0 0
    outer loop
      vertex 131.7 62 1.2
      vertex 131.7 52 1.1
      vertex 131.7 52 1.2
    endloop
  endfacet
  facet normal 1 0 0
    outer loop
      vertex 131.1 52 1.1
      vertex 131.1 62 1.1
      vertex 131.1 62 1.2
    endloop
  endfacet
  facet normal 1 0 0
    outer loop
      vertex 131.1 52 1.1
      vertex 131.1 62 1.2
      vertex 131.1 52 1.2
    endloop
  endfacet
  facet normal 1 0 0
    outer loop
      vertex 131.1 62 1.1
      vertex 131.1 52 1.1
      vertex 131.1 62 0
    endloop
  endfacet
  facet normal 1 0 0
    outer loop
      vertex 131.1 62 0
      vertex 131.1 52 1.1
      vertex 131.1 52 0
    endloop
  endfacet
  facet normal -1 0 0
    outer loop
      vertex 133.3 52 0
      vertex 133.3 62 1.1
      vertex 133.3 62 0
    endloop
  endfacet
  facet normal -1 0 0
    outer loop
      vertex 133.3 52 1.1
      vertex 133.3 62 1.1
      vertex 133.3 52 0
    endloop
  endfacet
  facet normal -1 0 0
    outer loop
      vertex 133.3 62 1.1
      vertex 133.3 52 1.1
      vertex 133.3 62 1.2
    endloop
  endfacet
  facet normal -1 -0 0
    outer loop
      vertex 133.3 62 1.2
      vertex 133.3 52 1.1
      vertex 133.3 52 1.2
    endloop
  endfacet
  facet normal 1 0 0
    outer loop
      vertex 132.7 52 1.1
      vertex 132.7 62 1.1
      vertex 132.7 62 1.2
    endloop
  endfacet
  facet normal 1 0 0
    outer loop
      vertex 132.7 52 1.1
      vertex 132.7 62 1.2
      vertex 132.7 52 1.2
    endloop
  endfacet
  facet normal 1 0 0
    outer loop
      vertex 132.7 62 1.1
      vertex 132.7 52 1.1
      vertex 132.7 62 0
    endloop
  endfacet
  facet normal 1 0 0
    outer loop
      vertex 132.7 62 0
      vertex 132.7 52 1.1
      vertex 132.7 52 0
    endloop
  endfacet
  facet normal 1 -0 0
    outer loop
      vertex 138 48 1.2
      vertex 138 66 0
      vertex 138 66 1.2
    endloop
  endfacet
  facet normal 1 0 0
    outer loop
      vertex 138 66 0
      vertex 138 48 1.2
      vertex 138 48 0
    endloop
  endfacet
  facet normal 0 0 1
    outer loop
      vertex 138 66 1.2
      vertex 136 64 1.2
      vertex 138 48 1.2
    endloop
  endfacet
  facet normal 0 0 1
    outer loop
      vertex 138 66 1.2
      vertex 74 64 1.2
      vertex 136 64 1.2
    endloop
  endfacet
  facet normal 0 0 1
    outer loop
      vertex 74 64 1.2
      vertex 72 66 1.2
      vertex 74 50 1.2
    endloop
  endfacet
  facet normal -0 0 1
    outer loop
      vertex 72 66 1.2
      vertex 74 64 1.2
      vertex 138 66 1.2
    endloop
  endfacet
  facet normal -0 0 1
    outer loop
      vertex 136 50 1.2
      vertex 138 48 1.2
      vertex 136 64 1.2
    endloop
  endfacet
  facet normal -0 0 1
    outer loop
      vertex 74 50 1.2
      vertex 138 48 1.2
      vertex 136 50 1.2
    endloop
  endfacet
  facet normal 0 0 1
    outer loop
      vertex 74 50 1.2
      vertex 72 48 1.2
      vertex 138 48 1.2
    endloop
  endfacet
  facet normal 0 0 1
    outer loop
      vertex 72 48 1.2
      vertex 74 50 1.2
      vertex 72 66 1.2
    endloop
  endfacet
  facet normal -0 0 1
    outer loop
      vertex 76 62 1.2
      vertex 76.7 52 1.2
      vertex 76.7 62 1.2
    endloop
  endfacet
  facet normal 0 0 1
    outer loop
      vertex 76.7 52 1.2
      vertex 76 62 1.2
      vertex 76 52 1.2
    endloop
  endfacet
  facet normal -0 0 1
    outer loop
      vertex 77.3 62 1.2
      vertex 78.3 52 1.2
      vertex 78.3 62 1.2
    endloop
  endfacet
  facet normal 0 0 1
    outer loop
      vertex 78.3 52 1.2
      vertex 77.3 62 1.2
      vertex 77.3 52 1.2
    endloop
  endfacet
  facet normal -0 0 1
    outer loop
      vertex 78.9 62 1.2
      vertex 79.9 52 1.2
      vertex 79.9 62 1.2
    endloop
  endfacet
  facet normal 0 0 1
    outer loop
      vertex 79.9 52 1.2
      vertex 78.9 62 1.2
      vertex 78.9 52 1.2
    endloop
  endfacet
  facet normal -0 0 1
    outer loop
      vertex 80.5 62 1.2
      vertex 81.5 52 1.2
      vertex 81.5 62 1.2
    endloop
  endfacet
  facet normal 0 0 1
    outer loop
      vertex 81.5 52 1.2
      vertex 80.5 62 1.2
      vertex 80.5 52 1.2
    endloop
  endfacet
  facet normal -0 0 1
    outer loop
      vertex 82.1 62 1.2
      vertex 83.1 52 1.2
      vertex 83.1 62 1.2
    endloop
  endfacet
  facet normal 0 0 1
    outer loop
      vertex 83.1 52 1.2
      vertex 82.1 62 1.2
      vertex 82.1 52 1.2
    endloop
  endfacet
  facet normal -0 0 1
    outer loop
      vertex 83.7 62 1.2
      vertex 84.7 52 1.2
      vertex 84.7 62 1.2
    endloop
  endfacet
  facet normal 0 0 1
    outer loop
      vertex 84.7 52 1.2
      vertex 83.7 62 1.2
      vertex 83.7 52 1.2
    endloop
  endfacet
  facet normal -0 0 1
    outer loop
      vertex 85.3 62 1.2
      vertex 86.3 52 1.2
      vertex 86.3 62 1.2
    endloop
  endfacet
  facet normal 0 0 1
    outer loop
      vertex 86.3 52 1.2
      vertex 85.3 62 1.2
      vertex 85.3 52 1.2
    endloop
  endfacet
  facet normal -0 0 1
    outer loop
      vertex 86.9 62 1.2
      vertex 87.9 52 1.2
      vertex 87.9 62 1.2
    endloop
  endfacet
  facet normal 0 0 1
    outer loop
      vertex 87.9 52 1.2
      vertex 86.9 62 1.2
      vertex 86.9 52 1.2
    endloop
  endfacet
  facet normal -0 0 1
    outer loop
      vertex 88.5 62 1.2
      vertex 89.5 52 1.2
      vertex 89.5 62 1.2
    endloop
  endfacet
  facet normal 0 0 1
    outer loop
      vertex 89.5 52 1.2
      vertex 88.5 62 1.2
      vertex 88.5 52 1.2
    endloop
  endfacet
  facet normal -0 0 1
    outer loop
      vertex 90.1 62 1.2
      vertex 91.1 52 1.2
      vertex 91.1 62 1.2
    endloop
  endfacet
  facet normal 0 0 1
    outer loop
      vertex 91.1 52 1.2
      vertex 90.1 62 1.2
      vertex 90.1 52 1.2
    endloop
  endfacet
  facet normal -0 0 1
    outer loop
      vertex 91.7 62 1.2
      vertex 92.7 52 1.2
      vertex 92.7 62 1.2
    endloop
  endfacet
  facet normal 0 0 1
    outer loop
      vertex 92.7 52 1.2
      vertex 91.7 62 1.2
      vertex 91.7 52 1.2
    endloop
  endfacet
  facet normal -0 0 1
    outer loop
      vertex 93.3 62 1.2
      vertex 94.3 52 1.2
      vertex 94.3 62 1.2
    endloop
  endfacet
  facet normal 0 0 1
    outer loop
      vertex 94.3 52 1.2
      vertex 93.3 62 1.2
      vertex 93.3 52 1.2
    endloop
  endfacet
  facet normal -0 0 1
    outer loop
      vertex 94.9 62 1.2
      vertex 95.9 52 1.2
      vertex 95.9 62 1.2
    endloop
  endfacet
  facet normal 0 0 1
    outer loop
      vertex 95.9 52 1.2
      vertex 94.9 62 1.2
      vertex 94.9 52 1.2
    endloop
  endfacet
  facet normal -0 0 1
    outer loop
      vertex 96.5 62 1.2
      vertex 97.5 52 1.2
      vertex 97.5 62 1.2
    endloop
  endfacet
  facet normal 0 0 1
    outer loop
      vertex 97.5 52 1.2
      vertex 96.5 62 1.2
      vertex 96.5 52 1.2
    endloop
  endfacet
  facet normal -0 0 1
    outer loop
      vertex 98.1 62 1.2
      vertex 99.1 52 1.2
      vertex 99.1 62 1.2
    endloop
  endfacet
  facet normal 0 0 1
    outer loop
      vertex 99.1 52 1.2
      vertex 98.1 62 1.2
      vertex 98.1 52 1.2
    endloop
  endfacet
  facet normal -0 0 1
    outer loop
      vertex 99.7 62 1.2
      vertex 100.7 52 1.2
      vertex 100.7 62 1.2
    endloop
  endfacet
  facet normal 0 0 1
    outer loop
      vertex 100.7 52 1.2
      vertex 99.7 62 1.2
      vertex 99.7 52 1.2
    endloop
  endfacet
  facet normal -0 0 1
    outer loop
      vertex 101.3 62 1.2
      vertex 102.3 52 1.2
      vertex 102.3 62 1.2
    endloop
  endfacet
  facet normal 0 0 1
    outer loop
      vertex 102.3 52 1.2
      vertex 101.3 62 1.2
      vertex 101.3 52 1.2
    endloop
  endfacet
  facet normal -0 0 1
    outer loop
      vertex 102.9 62 1.2
      vertex 103.9 52 1.2
      vertex 103.9 62 1.2
    endloop
  endfacet
  facet normal 0 0 1
    outer loop
      vertex 103.9 52 1.2
      vertex 102.9 62 1.2
      vertex 102.9 52 1.2
    endloop
  endfacet
  facet normal -0 0 1
    outer loop
      vertex 104.5 62 1.2
      vertex 105.5 52 1.2
      vertex 105.5 62 1.2
    endloop
  endfacet
  facet normal 0 0 1
    outer loop
      vertex 105.5 52 1.2
      vertex 104.5 62 1.2
      vertex 104.5 52 1.2
    endloop
  endfacet
  facet normal -0 0 1
    outer loop
      vertex 106.1 62 1.2
      vertex 107.1 52 1.2
      vertex 107.1 62 1.2
    endloop
  endfacet
  facet normal 0 0 1
    outer loop
      vertex 107.1 52 1.2
      vertex 106.1 62 1.2
      vertex 106.1 52 1.2
    endloop
  endfacet
  facet normal -0 0 1
    outer loop
      vertex 107.7 62 1.2
      vertex 108.7 52 1.2
      vertex 108.7 62 1.2
    endloop
  endfacet
  facet normal 0 0 1
    outer loop
      vertex 108.7 52 1.2
      vertex 107.7 62 1.2
      vertex 107.7 52 1.2
    endloop
  endfacet
  facet normal -0 0 1
    outer loop
      vertex 109.3 62 1.2
      vertex 110.3 52 1.2
      vertex 110.3 62 1.2
    endloop
  endfacet
  facet normal 0 0 1
    outer loop
      vertex 110.3 52 1.2
      vertex 109.3 62 1.2
      vertex 109.3 52 1.2
    endloop
  endfacet
  facet normal -0 0 1
    outer loop
      vertex 110.9 62 1.2
      vertex 111.9 52 1.2
      vertex 111.9 62 1.2
    endloop
  endfacet
  facet normal 0 0 1
    outer loop
      vertex 111.9 52 1.2
      vertex 110.9 62 1.2
      vertex 110.9 52 1.2
    endloop
  endfacet
  facet normal -0 0 1
    outer loop
      vertex 112.5 62 1.2
      vertex 113.5 52 1.2
      vertex 113.5 62 1.2
    endloop
  endfacet
  facet normal 0 0 1
    outer loop
      vertex 113.5 52 1.2
      vertex 112.5 62 1.2
      vertex 112.5 52 1.2
    endloop
  endfacet
  facet normal -0 0 1
    outer loop
      vertex 114.1 62 1.2
      vertex 115.1 52 1.2
      vertex 115.1 62 1.2
    endloop
  endfacet
  facet normal 0 0 1
    outer loop
      vertex 115.1 52 1.2
      vertex 114.1 62 1.2
      vertex 114.1 52 1.2
    endloop
  endfacet
  facet normal -0 0 1
    outer loop
      vertex 115.7 62 1.2
      vertex 116.7 52 1.2
      vertex 116.7 62 1.2
    endloop
  endfacet
  facet normal 0 0 1
    outer loop
      vertex 116.7 52 1.2
      vertex 115.7 62 1.2
      vertex 115.7 52 1.2
    endloop
  endfacet
  facet normal -0 0 1
    outer loop
      vertex 117.3 62 1.2
      vertex 118.3 52 1.2
      vertex 118.3 62 1.2
    endloop
  endfacet
  facet normal 0 0 1
    outer loop
      vertex 118.3 52 1.2
      vertex 117.3 62 1.2
      vertex 117.3 52 1.2
    endloop
  endfacet
  facet normal -0 0 1
    outer loop
      vertex 118.9 62 1.2
      vertex 119.9 52 1.2
      vertex 119.9 62 1.2
    endloop
  endfacet
  facet normal 0 0 1
    outer loop
      vertex 119.9 52 1.2
      vertex 118.9 62 1.2
      vertex 118.9 52 1.2
    endloop
  endfacet
  facet normal -0 0 1
    outer loop
      vertex 120.5 62 1.2
      vertex 121.5 52 1.2
      vertex 121.5 62 1.2
    endloop
  endfacet
  facet normal 0 0 1
    outer loop
      vertex 121.5 52 1.2
      vertex 120.5 62 1.2
      vertex 120.5 52 1.2
    endloop
  endfacet
  facet normal -0 0 1
    outer loop
      vertex 122.1 62 1.2
      vertex 123.1 52 1.2
      vertex 123.1 62 1.2
    endloop
  endfacet
  facet normal 0 0 1
    outer loop
      vertex 123.1 52 1.2
      vertex 122.1 62 1.2
      vertex 122.1 52 1.2
    endloop
  endfacet
  facet normal -0 0 1
    outer loop
      vertex 123.7 62 1.2
      vertex 124.7 52 1.2
      vertex 124.7 62 1.2
    endloop
  endfacet
  facet normal 0 0 1
    outer loop
      vertex 124.7 52 1.2
      vertex 123.7 62 1.2
      vertex 123.7 52 1.2
    endloop
  endfacet
  facet normal -0 0 1
    outer loop
      vertex 125.3 62 1.2
      vertex 126.3 52 1.2
      vertex 126.3 62 1.2
    endloop
  endfacet
  facet normal 0 0 1
    outer loop
      vertex 126.3 52 1.2
      vertex 125.3 62 1.2
      vertex 125.3 52 1.2
    endloop
  endfacet
  facet normal -0 0 1
    outer loop
      vertex 126.9 62 1.2
      vertex 127.9 52 1.2
      vertex 127.9 62 1.2
    endloop
  endfacet
  facet normal 0 0 1
    outer loop
      vertex 127.9 52 1.2
      vertex 126.9 62 1.2
      vertex 126.9 52 1.2
    endloop
  endfacet
  facet normal -0 0 1
    outer loop
      vertex 128.5 62 1.2
      vertex 129.5 52 1.2
      vertex 129.5 62 1.2
    endloop
  endfacet
  facet normal 0 0 1
    outer loop
      vertex 129.5 52 1.2
      vertex 128.5 62 1.2
      vertex 128.5 52 1.2
    endloop
  endfacet
  facet normal -0 0 1
    outer loop
      vertex 130.1 62 1.2
      vertex 131.1 52 1.2
      vertex 131.1 62 1.2
    endloop
  endfacet
  facet normal 0 0 1
    outer loop
      vertex 131.1 52 1.2
      vertex 130.1 62 1.2
      vertex 130.1 52 1.2
    endloop
  endfacet
  facet normal -0 0 1
    outer loop
      vertex 131.7 62 1.2
      vertex 132.7 52 1.2
      vertex 132.7 62 1.2
    endloop
  endfacet
  facet normal 0 0 1
    outer loop
      vertex 132.7 52 1.2
      vertex 131.7 62 1.2
      vertex 131.7 52 1.2
    endloop
  endfacet
  facet normal -0 0 1
    outer loop
      vertex 133.3 62 1.2
      vertex 134 52 1.2
      vertex 134 62 1.2
    endloop
  endfacet
  facet normal 0 0 1
    outer loop
      vertex 134 52 1.2
      vertex 133.3 62 1.2
      vertex 133.3 52 1.2
    endloop
  endfacet
  facet normal 0 0 -1
    outer loop
      vertex 138 48 0
      vertex 133.3 52 0
      vertex 138 66 0
    endloop
  endfacet
  facet normal 0 0 -1
    outer loop
      vertex 138 48 0
      vertex 132.7 52 0
      vertex 133.3 52 0
    endloop
  endfacet
  facet normal 0 0 -1
    outer loop
      vertex 132.7 52 0
      vertex 131.7 52 0
      vertex 132.7 62 0
    endloop
  endfacet
  facet normal 0 0 -1
    outer loop
      vertex 138 48 0
      vertex 131.7 52 0
      vertex 132.7 52 0
    endloop
  endfacet
  facet normal 0 0 -1
    outer loop
      vertex 138 48 0
      vertex 131.1 52 0
      vertex 131.7 52 0
    endloop
  endfacet
  facet normal 0 0 -1
    outer loop
      vertex 131.1 52 0
      vertex 130.1 52 0
      vertex 131.1 62 0
    endloop
  endfacet
  facet normal 0 0 -1
    outer loop
      vertex 138 48 0
      vertex 130.1 52 0
      vertex 131.1 52 0
    endloop
  endfacet
  facet normal 0 0 -1
    outer loop
      vertex 138 48 0
      vertex 129.5 52 0
      vertex 130.1 52 0
    endloop
  endfacet
  facet normal 0 0 -1
    outer loop
      vertex 129.5 52 0
      vertex 128.5 52 0
      vertex 129.5 62 0
    endloop
  endfacet
  facet normal 0 0 -1
    outer loop
      vertex 138 48 0
      vertex 128.5 52 0
      vertex 129.5 52 0
    endloop
  endfacet
  facet normal 0 0 -1
    outer loop
      vertex 138 48 0
      vertex 127.9 52 0
      vertex 128.5 52 0
    endloop
  endfacet
  facet normal 0 0 -1
    outer loop
      vertex 127.9 52 0
      vertex 126.9 52 0
      vertex 127.9 62 0
    endloop
  endfacet
  facet normal 0 0 -1
    outer loop
      vertex 138 48 0
      vertex 126.9 52 0
      vertex 127.9 52 0
    endloop
  endfacet
  facet normal 0 0 -1
    outer loop
      vertex 138 48 0
      vertex 126.3 52 0
      vertex 126.9 52 0
    endloop
  endfacet
  facet normal 0 0 -1
    outer loop
      vertex 126.3 52 0
      vertex 125.3 52 0
      vertex 126.3 62 0
    endloop
  endfacet
  facet normal 0 0 -1
    outer loop
      vertex 138 48 0
      vertex 125.3 52 0
      vertex 126.3 52 0
    endloop
  endfacet
  facet normal 0 0 -1
    outer loop
      vertex 138 48 0
      vertex 124.7 52 0
      vertex 125.3 52 0
    endloop
  endfacet
  facet normal 0 0 -1
    outer loop
      vertex 124.7 52 0
      vertex 123.7 52 0
      vertex 124.7 62 0
    endloop
  endfacet
  facet normal 0 0 -1
    outer loop
      vertex 138 48 0
      vertex 123.7 52 0
      vertex 124.7 52 0
    endloop
  endfacet
  facet normal 0 0 -1
    outer loop
      vertex 138 48 0
      vertex 123.1 52 0
      vertex 123.7 52 0
    endloop
  endfacet
  facet normal 0 0 -1
    outer loop
      vertex 123.1 52 0
      vertex 122.1 52 0
      vertex 123.1 62 0
    endloop
  endfacet
  facet normal 0 0 -1
    outer loop
      vertex 138 48 0
      vertex 122.1 52 0
      vertex 123.1 52 0
    endloop
  endfacet
  facet normal 0 0 -1
    outer loop
      vertex 138 48 0
      vertex 121.5 52 0
      vertex 122.1 52 0
    endloop
  endfacet
  facet normal 0 0 -1
    outer loop
      vertex 121.5 52 0
      vertex 120.5 52 0
      vertex 121.5 62 0
    endloop
  endfacet
  facet normal 0 0 -1
    outer loop
      vertex 138 48 0
      vertex 120.5 52 0
      vertex 121.5 52 0
    endloop
  endfacet
  facet normal 0 0 -1
    outer loop
      vertex 138 48 0
      vertex 119.9 52 0
      vertex 120.5 52 0
    endloop
  endfacet
  facet normal 0 0 -1
    outer loop
      vertex 119.9 52 0
      vertex 118.9 52 0
      vertex 119.9 62 0
    endloop
  endfacet
  facet normal 0 0 -1
    outer loop
      vertex 138 48 0
      vertex 118.9 52 0
      vertex 119.9 52 0
    endloop
  endfacet
  facet normal 0 0 -1
    outer loop
      vertex 138 48 0
      vertex 118.3 52 0
      vertex 118.9 52 0
    endloop
  endfacet
  facet normal 0 0 -1
    outer loop
      vertex 118.3 52 0
      vertex 117.3 52 0
      vertex 118.3 62 0
    endloop
  endfacet
  facet normal 0 0 -1
    outer loop
      vertex 138 48 0
      vertex 117.3 52 0
      vertex 118.3 52 0
    endloop
  endfacet
  facet normal 0 0 -1
    outer loop
      vertex 138 48 0
      vertex 116.7 52 0
      vertex 117.3 52 0
    endloop
  endfacet
  facet normal 0 0 -1
    outer loop
      vertex 116.7 52 0
      vertex 115.7 52 0
      vertex 116.7 62 0
    endloop
  endfacet
  facet normal 0 0 -1
    outer loop
      vertex 138 48 0
      vertex 115.7 52 0
      vertex 116.7 52 0
    endloop
  endfacet
  facet normal 0 0 -1
    outer loop
      vertex 138 48 0
      vertex 115.1 52 0
      vertex 115.7 52 0
    endloop
  endfacet
  facet normal 0 0 -1
    outer loop
      vertex 115.1 52 0
      vertex 114.1 52 0
      vertex 115.1 62 0
    endloop
  endfacet
  facet normal 0 0 -1
    outer loop
      vertex 138 48 0
      vertex 114.1 52 0
      vertex 115.1 52 0
    endloop
  endfacet
  facet normal 0 0 -1
    outer loop
      vertex 138 48 0
      vertex 113.5 52 0
      vertex 114.1 52 0
    endloop
  endfacet
  facet normal 0 0 -1
    outer loop
      vertex 113.5 52 0
      vertex 112.5 52 0
      vertex 113.5 62 0
    endloop
  endfacet
  facet normal 0 0 -1
    outer loop
      vertex 138 48 0
      vertex 112.5 52 0
      vertex 113.5 52 0
    endloop
  endfacet
  facet normal 0 0 -1
    outer loop
      vertex 138 48 0
      vertex 111.9 52 0
      vertex 112.5 52 0
    endloop
  endfacet
  facet normal 0 0 -1
    outer loop
      vertex 111.9 52 0
      vertex 110.9 52 0
      vertex 111.9 62 0
    endloop
  endfacet
  facet normal 0 0 -1
    outer loop
      vertex 138 48 0
      vertex 110.9 52 0
      vertex 111.9 52 0
    endloop
  endfacet
  facet normal 0 0 -1
    outer loop
      vertex 138 48 0
      vertex 110.3 52 0
      vertex 110.9 52 0
    endloop
  endfacet
  facet normal 0 0 -1
    outer loop
      vertex 110.3 52 0
      vertex 109.3 52 0
      vertex 110.3 62 0
    endloop
  endfacet
  facet normal 0 0 -1
    outer loop
      vertex 138 48 0
      vertex 109.3 52 0
      vertex 110.3 52 0
    endloop
  endfacet
  facet normal 0 0 -1
    outer loop
      vertex 138 48 0
      vertex 108.7 52 0
      vertex 109.3 52 0
    endloop
  endfacet
  facet normal 0 0 -1
    outer loop
      vertex 108.7 52 0
      vertex 107.7 52 0
      vertex 108.7 62 0
    endloop
  endfacet
  facet normal 0 0 -1
    outer loop
      vertex 138 48 0
      vertex 107.7 52 0
      vertex 108.7 52 0
    endloop
  endfacet
  facet normal 0 0 -1
    outer loop
      vertex 138 48 0
      vertex 107.1 52 0
      vertex 107.7 52 0
    endloop
  endfacet
  facet normal 0 0 -1
    outer loop
      vertex 107.1 52 0
      vertex 106.1 52 0
      vertex 107.1 62 0
    endloop
  endfacet
  facet normal 0 0 -1
    outer loop
      vertex 138 48 0
      vertex 106.1 52 0
      vertex 107.1 52 0
    endloop
  endfacet
  facet normal 0 0 -1
    outer loop
      vertex 138 48 0
      vertex 105.5 52 0
      vertex 106.1 52 0
    endloop
  endfacet
  facet normal 0 0 -1
    outer loop
      vertex 105.5 52 0
      vertex 104.5 52 0
      vertex 105.5 62 0
    endloop
  endfacet
  facet normal 0 0 -1
    outer loop
      vertex 138 48 0
      vertex 104.5 52 0
      vertex 105.5 52 0
    endloop
  endfacet
  facet normal 0 0 -1
    outer loop
      vertex 138 48 0
      vertex 103.9 52 0
      vertex 104.5 52 0
    endloop
  endfacet
  facet normal 0 0 -1
    outer loop
      vertex 103.9 52 0
      vertex 102.9 52 0
      vertex 103.9 62 0
    endloop
  endfacet
  facet normal 0 0 -1
    outer loop
      vertex 72 48 0
      vertex 103.9 52 0
      vertex 138 48 0
    endloop
  endfacet
  facet normal -0 0 -1
    outer loop
      vertex 103.9 52 0
      vertex 72 48 0
      vertex 102.9 52 0
    endloop
  endfacet
  facet normal 0 0 -1
    outer loop
      vertex 102.3 52 0
      vertex 101.3 52 0
      vertex 102.3 62 0
    endloop
  endfacet
  facet normal -0 0 -1
    outer loop
      vertex 102.9 52 0
      vertex 72 48 0
      vertex 102.3 52 0
    endloop
  endfacet
  facet normal -0 0 -1
    outer loop
      vertex 102.3 52 0
      vertex 72 48 0
      vertex 101.3 52 0
    endloop
  endfacet
  facet normal 0 0 -1
    outer loop
      vertex 100.7 52 0
      vertex 99.7 52 0
      vertex 100.7 62 0
    endloop
  endfacet
  facet normal -0 0 -1
    outer loop
      vertex 101.3 52 0
      vertex 72 48 0
      vertex 100.7 52 0
    endloop
  endfacet
  facet normal -0 0 -1
    outer loop
      vertex 100.7 52 0
      vertex 72 48 0
      vertex 99.7 52 0
    endloop
  endfacet
  facet normal 0 0 -1
    outer loop
      vertex 99.1 52 0
      vertex 98.1 52 0
      vertex 99.1 62 0
    endloop
  endfacet
  facet normal -0 0 -1
    outer loop
      vertex 99.7 52 0
      vertex 72 48 0
      vertex 99.1 52 0
    endloop
  endfacet
  facet normal -0 0 -1
    outer loop
      vertex 99.1 52 0
      vertex 72 48 0
      vertex 98.1 52 0
    endloop
  endfacet
  facet normal 0 0 -1
    outer loop
      vertex 97.5 52 0
      vertex 96.5 52 0
      vertex 97.5 62 0
    endloop
  endfacet
  facet normal -0 0 -1
    outer loop
      vertex 98.1 52 0
      vertex 72 48 0
      vertex 97.5 52 0
    endloop
  endfacet
  facet normal -0 0 -1
    outer loop
      vertex 97.5 52 0
      vertex 72 48 0
      vertex 96.5 52 0
    endloop
  endfacet
  facet normal 0 0 -1
    outer loop
      vertex 95.9 52 0
      vertex 94.9 52 0
      vertex 95.9 62 0
    endloop
  endfacet
  facet normal -0 0 -1
    outer loop
      vertex 96.5 52 0
      vertex 72 48 0
      vertex 95.9 52 0
    endloop
  endfacet
  facet normal -0 0 -1
    outer loop
      vertex 95.9 52 0
      vertex 72 48 0
      vertex 94.9 52 0
    endloop
  endfacet
  facet normal 0 0 -1
    outer loop
      vertex 94.3 52 0
      vertex 93.3 52 0
      vertex 94.3 62 0
    endloop
  endfacet
  facet normal -0 0 -1
    outer loop
      vertex 94.9 52 0
      vertex 72 48 0
      vertex 94.3 52 0
    endloop
  endfacet
  facet normal -0 0 -1
    outer loop
      vertex 94.3 52 0
      vertex 72 48 0
      vertex 93.3 52 0
    endloop
  endfacet
  facet normal 0 0 -1
    outer loop
      vertex 92.7 52 0
      vertex 91.7 52 0
      vertex 92.7 62 0
    endloop
  endfacet
  facet normal -0 0 -1
    outer loop
      vertex 93.3 52 0
      vertex 72 48 0
      vertex 92.7 52 0
    endloop
  endfacet
  facet normal -0 0 -1
    outer loop
      vertex 92.7 52 0
      vertex 72 48 0
      vertex 91.7 52 0
    endloop
  endfacet
  facet normal 0 0 -1
    outer loop
      vertex 91.1 52 0
      vertex 90.1 52 0
      vertex 91.1 62 0
    endloop
  endfacet
  facet normal -0 0 -1
    outer loop
      vertex 91.7 52 0
      vertex 72 48 0
      vertex 91.1 52 0
    endloop
  endfacet
  facet normal -0 0 -1
    outer loop
      vertex 91.1 52 0
      vertex 72 48 0
      vertex 90.1 52 0
    endloop
  endfacet
  facet normal 0 0 -1
    outer loop
      vertex 89.5 52 0
      vertex 88.5 52 0
      vertex 89.5 62 0
    endloop
  endfacet
  facet normal -0 0 -1
    outer loop
      vertex 90.1 52 0
      vertex 72 48 0
      vertex 89.5 52 0
    endloop
  endfacet
  facet normal -0 0 -1
    outer loop
      vertex 89.5 52 0
      vertex 72 48 0
      vertex 88.5 52 0
    endloop
  endfacet
  facet normal 0 0 -1
    outer loop
      vertex 87.9 52 0
      vertex 86.9 52 0
      vertex 87.9 62 0
    endloop
  endfacet
  facet normal -0 0 -1
    outer loop
      vertex 88.5 52 0
      vertex 72 48 0
      vertex 87.9 52 0
    endloop
  endfacet
  facet normal -0 0 -1
    outer loop
      vertex 87.9 52 0
      vertex 72 48 0
      vertex 86.9 52 0
    endloop
  endfacet
  facet normal 0 0 -1
    outer loop
      vertex 86.3 52 0
      vertex 85.3 52 0
      vertex 86.3 62 0
    endloop
  endfacet
  facet normal -0 0 -1
    outer loop
      vertex 86.9 52 0
      vertex 72 48 0
      vertex 86.3 52 0
    endloop
  endfacet
  facet normal -0 0 -1
    outer loop
      vertex 86.3 52 0
      vertex 72 48 0
      vertex 85.3 52 0
    endloop
  endfacet
  facet normal 0 0 -1
    outer loop
      vertex 84.7 52 0
      vertex 83.7 52 0
      vertex 84.7 62 0
    endloop
  endfacet
  facet normal -0 0 -1
    outer loop
      vertex 85.3 52 0
      vertex 72 48 0
      vertex 84.7 52 0
    endloop
  endfacet
  facet normal -0 0 -1
    outer loop
      vertex 84.7 52 0
      vertex 72 48 0
      vertex 83.7 52 0
    endloop
  endfacet
  facet normal 0 0 -1
    outer loop
      vertex 83.1 52 0
      vertex 82.1 52 0
      vertex 83.1 62 0
    endloop
  endfacet
  facet normal -0 0 -1
    outer loop
      vertex 83.7 52 0
      vertex 72 48 0
      vertex 83.1 52 0
    endloop
  endfacet
  facet normal -0 0 -1
    outer loop
      vertex 83.1 52 0
      vertex 72 48 0
      vertex 82.1 52 0
    endloop
  endfacet
  facet normal 0 0 -1
    outer loop
      vertex 81.5 52 0
      vertex 80.5 52 0
      vertex 81.5 62 0
    endloop
  endfacet
  facet normal -0 0 -1
    outer loop
      vertex 82.1 52 0
      vertex 72 48 0
      vertex 81.5 52 0
    endloop
  endfacet
  facet normal -0 0 -1
    outer loop
      vertex 81.5 52 0
      vertex 72 48 0
      vertex 80.5 52 0
    endloop
  endfacet
  facet normal 0 0 -1
    outer loop
      vertex 79.9 52 0
      vertex 78.9 52 0
      vertex 79.9 62 0
    endloop
  endfacet
  facet normal -0 0 -1
    outer loop
      vertex 80.5 52 0
      vertex 72 48 0
      vertex 79.9 52 0
    endloop
  endfacet
  facet normal -0 0 -1
    outer loop
      vertex 79.9 52 0
      vertex 72 48 0
      vertex 78.9 52 0
    endloop
  endfacet
  facet normal 0 0 -1
    outer loop
      vertex 78.3 52 0
      vertex 77.3 52 0
      vertex 78.3 62 0
    endloop
  endfacet
  facet normal -0 0 -1
    outer loop
      vertex 78.9 52 0
      vertex 72 48 0
      vertex 78.3 52 0
    endloop
  endfacet
  facet normal -0 0 -1
    outer loop
      vertex 78.3 52 0
      vertex 72 48 0
      vertex 77.3 52 0
    endloop
  endfacet
  facet normal -0 0 -1
    outer loop
      vertex 76.7 52 0
      vertex 72 48 0
      vertex 76.7 62 0
    endloop
  endfacet
  facet normal -0 0 -1
    outer loop
      vertex 77.3 52 0
      vertex 72 48 0
      vertex 76.7 52 0
    endloop
  endfacet
  facet normal 0 0 -1
    outer loop
      vertex 133.3 62 0
      vertex 138 66 0
      vertex 133.3 52 0
    endloop
  endfacet
  facet normal 0 0 -1
    outer loop
      vertex 132.7 62 0
      vertex 138 66 0
      vertex 133.3 62 0
    endloop
  endfacet
  facet normal 0 0 -1
    outer loop
      vertex 131.7 62 0
      vertex 132.7 62 0
      vertex 131.7 52 0
    endloop
  endfacet
  facet normal 0 0 -1
    outer loop
      vertex 131.7 62 0
      vertex 138 66 0
      vertex 132.7 62 0
    endloop
  endfacet
  facet normal 0 0 -1
    outer loop
      vertex 131.1 62 0
      vertex 138 66 0
      vertex 131.7 62 0
    endloop
  endfacet
  facet normal 0 0 -1
    outer loop
      vertex 130.1 62 0
      vertex 131.1 62 0
      vertex 130.1 52 0
    endloop
  endfacet
  facet normal 0 0 -1
    outer loop
      vertex 130.1 62 0
      vertex 138 66 0
      vertex 131.1 62 0
    endloop
  endfacet
  facet normal 0 0 -1
    outer loop
      vertex 129.5 62 0
      vertex 138 66 0
      vertex 130.1 62 0
    endloop
  endfacet
  facet normal 0 0 -1
    outer loop
      vertex 128.5 62 0
      vertex 129.5 62 0
      vertex 128.5 52 0
    endloop
  endfacet
  facet normal 0 0 -1
    outer loop
      vertex 128.5 62 0
      vertex 138 66 0
      vertex 129.5 62 0
    endloop
  endfacet
  facet normal 0 0 -1
    outer loop
      vertex 127.9 62 0
      vertex 138 66 0
      vertex 128.5 62 0
    endloop
  endfacet
  facet normal 0 0 -1
    outer loop
      vertex 126.9 62 0
      vertex 127.9 62 0
      vertex 126.9 52 0
    endloop
  endfacet
  facet normal 0 0 -1
    outer loop
      vertex 126.9 62 0
      vertex 138 66 0
      vertex 127.9 62 0
    endloop
  endfacet
  facet normal 0 0 -1
    outer loop
      vertex 126.3 62 0
      vertex 138 66 0
      vertex 126.9 62 0
    endloop
  endfacet
  facet normal 0 0 -1
    outer loop
      vertex 125.3 62 0
      vertex 126.3 62 0
      vertex 125.3 52 0
    endloop
  endfacet
  facet normal 0 0 -1
    outer loop
      vertex 125.3 62 0
      vertex 138 66 0
      vertex 126.3 62 0
    endloop
  endfacet
  facet normal 0 0 -1
    outer loop
      vertex 124.7 62 0
      vertex 138 66 0
      vertex 125.3 62 0
    endloop
  endfacet
  facet normal 0 0 -1
    outer loop
      vertex 123.7 62 0
      vertex 124.7 62 0
      vertex 123.7 52 0
    endloop
  endfacet
  facet normal 0 0 -1
    outer loop
      vertex 123.7 62 0
      vertex 138 66 0
      vertex 124.7 62 0
    endloop
  endfacet
  facet normal 0 0 -1
    outer loop
      vertex 123.1 62 0
      vertex 138 66 0
      vertex 123.7 62 0
    endloop
  endfacet
  facet normal 0 0 -1
    outer loop
      vertex 122.1 62 0
      vertex 123.1 62 0
      vertex 122.1 52 0
    endloop
  endfacet
  facet normal 0 0 -1
    outer loop
      vertex 122.1 62 0
      vertex 138 66 0
      vertex 123.1 62 0
    endloop
  endfacet
  facet normal 0 0 -1
    outer loop
      vertex 121.5 62 0
      vertex 138 66 0
      vertex 122.1 62 0
    endloop
  endfacet
  facet normal 0 0 -1
    outer loop
      vertex 120.5 62 0
      vertex 121.5 62 0
      vertex 120.5 52 0
    endloop
  endfacet
  facet normal 0 0 -1
    outer loop
      vertex 120.5 62 0
      vertex 138 66 0
      vertex 121.5 62 0
    endloop
  endfacet
  facet normal 0 0 -1
    outer loop
      vertex 119.9 62 0
      vertex 138 66 0
      vertex 120.5 62 0
    endloop
  endfacet
  facet normal 0 0 -1
    outer loop
      vertex 118.9 62 0
      vertex 119.9 62 0
      vertex 118.9 52 0
    endloop
  endfacet
  facet normal 0 0 -1
    outer loop
      vertex 118.9 62 0
      vertex 138 66 0
      vertex 119.9 62 0
    endloop
  endfacet
  facet normal 0 0 -1
    outer loop
      vertex 118.3 62 0
      vertex 138 66 0
      vertex 118.9 62 0
    endloop
  endfacet
  facet normal 0 0 -1
    outer loop
      vertex 117.3 62 0
      vertex 118.3 62 0
      vertex 117.3 52 0
    endloop
  endfacet
  facet normal 0 0 -1
    outer loop
      vertex 117.3 62 0
      vertex 138 66 0
      vertex 118.3 62 0
    endloop
  endfacet
  facet normal 0 0 -1
    outer loop
      vertex 116.7 62 0
      vertex 138 66 0
      vertex 117.3 62 0
    endloop
  endfacet
  facet normal 0 0 -1
    outer loop
      vertex 115.7 62 0
      vertex 116.7 62 0
      vertex 115.7 52 0
    endloop
  endfacet
  facet normal 0 0 -1
    outer loop
      vertex 115.7 62 0
      vertex 138 66 0
      vertex 116.7 62 0
    endloop
  endfacet
  facet normal 0 0 -1
    outer loop
      vertex 115.1 62 0
      vertex 138 66 0
      vertex 115.7 62 0
    endloop
  endfacet
  facet normal 0 0 -1
    outer loop
      vertex 114.1 62 0
      vertex 115.1 62 0
      vertex 114.1 52 0
    endloop
  endfacet
  facet normal 0 0 -1
    outer loop
      vertex 114.1 62 0
      vertex 138 66 0
      vertex 115.1 62 0
    endloop
  endfacet
  facet normal 0 0 -1
    outer loop
      vertex 113.5 62 0
      vertex 138 66 0
      vertex 114.1 62 0
    endloop
  endfacet
  facet normal 0 0 -1
    outer loop
      vertex 112.5 62 0
      vertex 113.5 62 0
      vertex 112.5 52 0
    endloop
  endfacet
  facet normal 0 0 -1
    outer loop
      vertex 112.5 62 0
      vertex 138 66 0
      vertex 113.5 62 0
    endloop
  endfacet
  facet normal 0 0 -1
    outer loop
      vertex 111.9 62 0
      vertex 138 66 0
      vertex 112.5 62 0
    endloop
  endfacet
  facet normal 0 0 -1
    outer loop
      vertex 110.9 62 0
      vertex 111.9 62 0
      vertex 110.9 52 0
    endloop
  endfacet
  facet normal 0 0 -1
    outer loop
      vertex 110.9 62 0
      vertex 138 66 0
      vertex 111.9 62 0
    endloop
  endfacet
  facet normal 0 0 -1
    outer loop
      vertex 110.3 62 0
      vertex 138 66 0
      vertex 110.9 62 0
    endloop
  endfacet
  facet normal 0 0 -1
    outer loop
      vertex 109.3 62 0
      vertex 110.3 62 0
      vertex 109.3 52 0
    endloop
  endfacet
  facet normal 0 0 -1
    outer loop
      vertex 109.3 62 0
      vertex 138 66 0
      vertex 110.3 62 0
    endloop
  endfacet
  facet normal 0 0 -1
    outer loop
      vertex 108.7 62 0
      vertex 138 66 0
      vertex 109.3 62 0
    endloop
  endfacet
  facet normal 0 0 -1
    outer loop
      vertex 107.7 62 0
      vertex 108.7 62 0
      vertex 107.7 52 0
    endloop
  endfacet
  facet normal 0 0 -1
    outer loop
      vertex 107.7 62 0
      vertex 138 66 0
      vertex 108.7 62 0
    endloop
  endfacet
  facet normal 0 0 -1
    outer loop
      vertex 107.1 62 0
      vertex 138 66 0
      vertex 107.7 62 0
    endloop
  endfacet
  facet normal 0 0 -1
    outer loop
      vertex 106.1 62 0
      vertex 107.1 62 0
      vertex 106.1 52 0
    endloop
  endfacet
  facet normal 0 0 -1
    outer loop
      vertex 106.1 62 0
      vertex 138 66 0
      vertex 107.1 62 0
    endloop
  endfacet
  facet normal 0 0 -1
    outer loop
      vertex 105.5 62 0
      vertex 138 66 0
      vertex 106.1 62 0
    endloop
  endfacet
  facet normal 0 0 -1
    outer loop
      vertex 104.5 62 0
      vertex 105.5 62 0
      vertex 104.5 52 0
    endloop
  endfacet
  facet normal 0 0 -1
    outer loop
      vertex 104.5 62 0
      vertex 138 66 0
      vertex 105.5 62 0
    endloop
  endfacet
  facet normal 0 0 -1
    outer loop
      vertex 103.9 62 0
      vertex 138 66 0
      vertex 104.5 62 0
    endloop
  endfacet
  facet normal 0 0 -1
    outer loop
      vertex 102.9 62 0
      vertex 103.9 62 0
      vertex 102.9 52 0
    endloop
  endfacet
  facet normal 0 0 -1
    outer loop
      vertex 72 66 0
      vertex 103.9 62 0
      vertex 102.9 62 0
    endloop
  endfacet
  facet normal 0 0 -1
    outer loop
      vertex 72 66 0
      vertex 102.9 62 0
      vertex 102.3 62 0
    endloop
  endfacet
  facet normal 0 0 -1
    outer loop
      vertex 101.3 62 0
      vertex 102.3 62 0
      vertex 101.3 52 0
    endloop
  endfacet
  facet normal 0 0 -1
    outer loop
      vertex 72 66 0
      vertex 102.3 62 0
      vertex 101.3 62 0
    endloop
  endfacet
  facet normal 0 0 -1
    outer loop
      vertex 72 66 0
      vertex 101.3 62 0
      vertex 100.7 62 0
    endloop
  endfacet
  facet normal 0 0 -1
    outer loop
      vertex 99.7 62 0
      vertex 100.7 62 0
      vertex 99.7 52 0
    endloop
  endfacet
  facet normal 0 0 -1
    outer loop
      vertex 72 66 0
      vertex 100.7 62 0
      vertex 99.7 62 0
    endloop
  endfacet
  facet normal 0 0 -1
    outer loop
      vertex 72 66 0
      vertex 99.7 62 0
      vertex 99.1 62 0
    endloop
  endfacet
  facet normal 0 0 -1
    outer loop
      vertex 98.1 62 0
      vertex 99.1 62 0
      vertex 98.1 52 0
    endloop
  endfacet
  facet normal 0 0 -1
    outer loop
      vertex 72 66 0
      vertex 99.1 62 0
      vertex 98.1 62 0
    endloop
  endfacet
  facet normal 0 0 -1
    outer loop
      vertex 72 66 0
      vertex 98.1 62 0
      vertex 97.5 62 0
    endloop
  endfacet
  facet normal 0 0 -1
    outer loop
      vertex 96.5 62 0
      vertex 97.5 62 0
      vertex 96.5 52 0
    endloop
  endfacet
  facet normal 0 0 -1
    outer loop
      vertex 72 66 0
      vertex 97.5 62 0
      vertex 96.5 62 0
    endloop
  endfacet
  facet normal 0 0 -1
    outer loop
      vertex 72 66 0
      vertex 96.5 62 0
      vertex 95.9 62 0
    endloop
  endfacet
  facet normal 0 0 -1
    outer loop
      vertex 94.9 62 0
      vertex 95.9 62 0
      vertex 94.9 52 0
    endloop
  endfacet
  facet normal 0 0 -1
    outer loop
      vertex 72 66 0
      vertex 95.9 62 0
      vertex 94.9 62 0
    endloop
  endfacet
  facet normal 0 0 -1
    outer loop
      vertex 72 66 0
      vertex 94.9 62 0
      vertex 94.3 62 0
    endloop
  endfacet
  facet normal 0 0 -1
    outer loop
      vertex 93.3 62 0
      vertex 94.3 62 0
      vertex 93.3 52 0
    endloop
  endfacet
  facet normal 0 0 -1
    outer loop
      vertex 72 66 0
      vertex 94.3 62 0
      vertex 93.3 62 0
    endloop
  endfacet
  facet normal 0 0 -1
    outer loop
      vertex 72 66 0
      vertex 93.3 62 0
      vertex 92.7 62 0
    endloop
  endfacet
  facet normal 0 0 -1
    outer loop
      vertex 91.7 62 0
      vertex 92.7 62 0
      vertex 91.7 52 0
    endloop
  endfacet
  facet normal 0 0 -1
    outer loop
      vertex 72 66 0
      vertex 92.7 62 0
      vertex 91.7 62 0
    endloop
  endfacet
  facet normal 0 0 -1
    outer loop
      vertex 72 66 0
      vertex 91.7 62 0
      vertex 91.1 62 0
    endloop
  endfacet
  facet normal 0 0 -1
    outer loop
      vertex 90.1 62 0
      vertex 91.1 62 0
      vertex 90.1 52 0
    endloop
  endfacet
  facet normal 0 0 -1
    outer loop
      vertex 72 66 0
      vertex 91.1 62 0
      vertex 90.1 62 0
    endloop
  endfacet
  facet normal 0 0 -1
    outer loop
      vertex 72 66 0
      vertex 90.1 62 0
      vertex 89.5 62 0
    endloop
  endfacet
  facet normal 0 0 -1
    outer loop
      vertex 88.5 62 0
      vertex 89.5 62 0
      vertex 88.5 52 0
    endloop
  endfacet
  facet normal 0 0 -1
    outer loop
      vertex 72 66 0
      vertex 89.5 62 0
      vertex 88.5 62 0
    endloop
  endfacet
  facet normal 0 0 -1
    outer loop
      vertex 72 66 0
      vertex 88.5 62 0
      vertex 87.9 62 0
    endloop
  endfacet
  facet normal 0 0 -1
    outer loop
      vertex 86.9 62 0
      vertex 87.9 62 0
      vertex 86.9 52 0
    endloop
  endfacet
  facet normal 0 0 -1
    outer loop
      vertex 72 66 0
      vertex 87.9 62 0
      vertex 86.9 62 0
    endloop
  endfacet
  facet normal 0 0 -1
    outer loop
      vertex 72 66 0
      vertex 86.9 62 0
      vertex 86.3 62 0
    endloop
  endfacet
  facet normal 0 0 -1
    outer loop
      vertex 85.3 62 0
      vertex 86.3 62 0
      vertex 85.3 52 0
    endloop
  endfacet
  facet normal 0 0 -1
    outer loop
      vertex 72 66 0
      vertex 86.3 62 0
      vertex 85.3 62 0
    endloop
  endfacet
  facet normal 0 0 -1
    outer loop
      vertex 72 66 0
      vertex 85.3 62 0
      vertex 84.7 62 0
    endloop
  endfacet
  facet normal 0 0 -1
    outer loop
      vertex 83.7 62 0
      vertex 84.7 62 0
      vertex 83.7 52 0
    endloop
  endfacet
  facet normal 0 0 -1
    outer loop
      vertex 72 66 0
      vertex 84.7 62 0
      vertex 83.7 62 0
    endloop
  endfacet
  facet normal 0 0 -1
    outer loop
      vertex 72 66 0
      vertex 83.7 62 0
      vertex 83.1 62 0
    endloop
  endfacet
  facet normal 0 0 -1
    outer loop
      vertex 82.1 62 0
      vertex 83.1 62 0
      vertex 82.1 52 0
    endloop
  endfacet
  facet normal 0 0 -1
    outer loop
      vertex 72 66 0
      vertex 83.1 62 0
      vertex 82.1 62 0
    endloop
  endfacet
  facet normal 0 0 -1
    outer loop
      vertex 72 66 0
      vertex 82.1 62 0
      vertex 81.5 62 0
    endloop
  endfacet
  facet normal 0 0 -1
    outer loop
      vertex 80.5 62 0
      vertex 81.5 62 0
      vertex 80.5 52 0
    endloop
  endfacet
  facet normal 0 0 -1
    outer loop
      vertex 72 66 0
      vertex 81.5 62 0
      vertex 80.5 62 0
    endloop
  endfacet
  facet normal 0 0 -1
    outer loop
      vertex 72 66 0
      vertex 80.5 62 0
      vertex 79.9 62 0
    endloop
  endfacet
  facet normal 0 0 -1
    outer loop
      vertex 78.9 62 0
      vertex 79.9 62 0
      vertex 78.9 52 0
    endloop
  endfacet
  facet normal 0 0 -1
    outer loop
      vertex 72 66 0
      vertex 79.9 62 0
      vertex 78.9 62 0
    endloop
  endfacet
  facet normal 0 0 -1
    outer loop
      vertex 72 66 0
      vertex 78.9 62 0
      vertex 78.3 62 0
    endloop
  endfacet
  facet normal 0 0 -1
    outer loop
      vertex 77.3 62 0
      vertex 78.3 62 0
      vertex 77.3 52 0
    endloop
  endfacet
  facet normal 0 0 -1
    outer loop
      vertex 72 66 0
      vertex 78.3 62 0
      vertex 77.3 62 0
    endloop
  endfacet
  facet normal 0 0 -1
    outer loop
      vertex 72 66 0
      vertex 77.3 62 0
      vertex 76.7 62 0
    endloop
  endfacet
  facet normal 0 0 -1
    outer loop
      vertex 103.9 62 0
      vertex 72 66 0
      vertex 138 66 0
    endloop
  endfacet
  facet normal 0 0 -1
    outer loop
      vertex 72 66 0
      vertex 76.7 62 0
      vertex 72 48 0
    endloop
  endfacet
  facet normal -1 0 0
    outer loop
      vertex 72 48 0
      vertex 72 66 1.2
      vertex 72 66 0
    endloop
  endfacet
  facet normal -1 -0 0
    outer loop
      vertex 72 66 1.2
      vertex 72 48 0
      vertex 72 48 1.2
    endloop
  endfacet
  facet normal 0 1 -0
    outer loop
      vertex 138 66 0
      vertex 72 66 1.2
      vertex 138 66 1.2
    endloop
  endfacet
  facet normal 0 1 0
    outer loop
      vertex 72 66 1.2
      vertex 138 66 0
      vertex 72 66 0
    endloop
  endfacet
  facet normal 0 -1 0
    outer loop
      vertex 72 48 0
      vertex 138 48 1.2
      vertex 72 48 1.2
    endloop
  endfacet
  facet normal 0 -1 -0
    outer loop
      vertex 138 48 1.2
      vertex 72 48 0
      vertex 138 48 0
    endloop
  endfacet
  facet normal 0 0 1
    outer loop
      vertex 136 64 4
      vertex 134 62 4
      vertex 136 50 4
    endloop
  endfacet
  facet normal 0 0 1
    outer loop
      vertex 136 64 4
      vertex 76 62 4
      vertex 134 62 4
    endloop
  endfacet
  facet normal 0 0 1
    outer loop
      vertex 76 62 4
      vertex 74 64 4
      vertex 76 52 4
    endloop
  endfacet
  facet normal -0 0 1
    outer loop
      vertex 74 64 4
      vertex 76 62 4
      vertex 136 64 4
    endloop
  endfacet
  facet normal -0 0 1
    outer loop
      vertex 134 52 4
      vertex 136 50 4
      vertex 134 62 4
    endloop
  endfacet
  facet normal -0 0 1
    outer loop
      vertex 76 52 4
      vertex 136 50 4
      vertex 134 52 4
    endloop
  endfacet
  facet normal 0 0 1
    outer loop
      vertex 76 52 4
      vertex 74 50 4
      vertex 136 50 4
    endloop
  endfacet
  facet normal 0 0 1
    outer loop
      vertex 74 50 4
      vertex 76 52 4
      vertex 74 64 4
    endloop
  endfacet
  facet normal 0 1 -0
    outer loop
      vertex 136 64 1.2
      vertex 74 64 4
      vertex 136 64 4
    endloop
  endfacet
  facet normal 0 1 0
    outer loop
      vertex 74 64 4
      vertex 136 64 1.2
      vertex 74 64 1.2
    endloop
  endfacet
  facet normal -1 0 0
    outer loop
      vertex 74 50 1.2
      vertex 74 64 4
      vertex 74 64 1.2
    endloop
  endfacet
  facet normal -1 -0 0
    outer loop
      vertex 74 64 4
      vertex 74 50 1.2
      vertex 74 50 4
    endloop
  endfacet
  facet normal 0 -1 0
    outer loop
      vertex 74 50 1.2
      vertex 136 50 4
      vertex 74 50 4
    endloop
  endfacet
  facet normal 0 -1 -0
    outer loop
      vertex 136 50 4
      vertex 74 50 1.2
      vertex 136 50 1.2
    endloop
  endfacet
  facet normal 1 -0 0
    outer loop
      vertex 136 50 4
      vertex 136 64 1.2
      vertex 136 64 4
    endloop
  endfacet
  facet normal 1 0 0
    outer loop
      vertex 136 64 1.2
      vertex 136 50 4
      vertex 136 50 1.2
    endloop
  endfacet
  facet normal 1 -0 0
    outer loop
      vertex 76 52 4
      vertex 76 62 1.2
      vertex 76 62 4
    endloop
  endfacet
  facet normal 1 0 0
    outer loop
      vertex 76 62 1.2
      vertex 76 52 4
      vertex 76 52 1.2
    endloop
  endfacet
  facet normal -1 0 0
    outer loop
      vertex 134 52 1.2
      vertex 134 62 4
      vertex 134 62 1.2
    endloop
  endfacet
  facet normal -1 -0 0
    outer loop
      vertex 134 62 4
      vertex 134 52 1.2
      vertex 134 52 4
    endloop
  endfacet
endsolid OpenSCAD_Model
